0.000000000000000000e+00,0.000000000000000000e+00,0.000000000000000000e+00,0.000000000000000000e+00,6.372998356819152832e-01,6.532338857650756836e-01,0.000000000000000000e+00,1.091426134109497070e+00
0.000000000000000000e+00,0.000000000000000000e+00,0.000000000000000000e+00,0.000000000000000000e+00,5.673915743827819824e-01,1.163886904716491699e+00,0.000000000000000000e+00,2.639138102531433105e-01
2.989699840545654297e-01,0.000000000000000000e+00,7.542853951454162598e-01,0.000000000000000000e+00,7.423791289329528809e-01,6.309037208557128906e-01,0.000000000000000000e+00,1.464224457740783691e-01
0.000000000000000000e+00,2.956193387508392334e-01,0.000000000000000000e+00,0.000000000000000000e+00,6.539610624313354492e-01,6.074424386024475098e-01,0.000000000000000000e+00,1.065641880035400391e+00
0.000000000000000000e+00,4.335688948631286621e-01,4.588480889797210693e-01,1.087129712104797363e+00,4.899721741676330566e-01,1.210346221923828125e+00,0.000000000000000000e+00,8.647782802581787109e-01
1.208290383219718933e-01,7.223696708679199219e-01,7.186742424964904785e-01,7.590239644050598145e-01,4.881667494773864746e-01,1.264750957489013672e+00,0.000000000000000000e+00,7.229319810867309570e-01
2.222322672605514526e-01,1.556643843650817871e-02,3.552173674106597900e-01,9.404982924461364746e-01,8.153426051139831543e-01,4.109783768653869629e-01,0.000000000000000000e+00,1.079969406127929688e-01
3.808147609233856201e-01,8.628476858139038086e-01,1.227965950965881348e-01,6.165027022361755371e-01,7.815110087394714355e-01,5.426621437072753906e-01,0.000000000000000000e+00,5.568328499794006348e-02
4.444981515407562256e-01,1.735633611679077148e-02,0.000000000000000000e+00,0.000000000000000000e+00,8.474124670028686523e-01,3.763919174671173096e-01,0.000000000000000000e+00,0.000000000000000000e+00
0.000000000000000000e+00,8.044567704200744629e-02,0.000000000000000000e+00,1.032409191131591797e+00,6.823821067810058594e-01,7.128011584281921387e-01,0.000000000000000000e+00,4.905804693698883057e-01
4.404367804527282715e-01,6.645792722702026367e-02,0.000000000000000000e+00,2.048377692699432373e-01,8.586125969886779785e-01,2.085017561912536621e-01,0.000000000000000000e+00,2.963181436061859131e-01
0.000000000000000000e+00,6.004514694213867188e-01,0.000000000000000000e+00,0.000000000000000000e+00,6.737923026084899902e-01,8.926701545715332031e-01,0.000000000000000000e+00,4.666405916213989258e-02
0.000000000000000000e+00,5.576406121253967285e-01,7.601089775562286377e-03,6.462144851684570312e-01,5.955147743225097656e-01,8.328732848167419434e-01,0.000000000000000000e+00,9.710968136787414551e-01
7.726155519485473633e-01,7.989247143268585205e-02,0.000000000000000000e+00,0.000000000000000000e+00,7.503509521484375000e-01,6.806374788284301758e-01,0.000000000000000000e+00,0.000000000000000000e+00
0.000000000000000000e+00,0.000000000000000000e+00,7.544561028480529785e-01,8.168594837188720703e-01,5.785385966300964355e-01,1.128309488296508789e+00,0.000000000000000000e+00,2.520911097526550293e-01
0.000000000000000000e+00,0.000000000000000000e+00,8.013998866081237793e-01,6.682788133621215820e-01,6.185425519943237305e-01,6.987757086753845215e-01,0.000000000000000000e+00,1.128919601440429688e+00
0.000000000000000000e+00,0.000000000000000000e+00,0.000000000000000000e+00,0.000000000000000000e+00,8.597989082336425781e-01,2.579653859138488770e-01,0.000000000000000000e+00,1.398011445999145508e-01
1.940526366233825684e-01,0.000000000000000000e+00,1.656268835067749023e-01,1.598343402147293091e-01,6.310890913009643555e-01,9.909535646438598633e-01,0.000000000000000000e+00,1.675487756729125977e-01
0.000000000000000000e+00,0.000000000000000000e+00,6.185157895088195801e-01,6.219958662986755371e-01,7.602106332778930664e-01,5.253204107284545898e-01,0.000000000000000000e+00,3.061544299125671387e-01
0.000000000000000000e+00,0.000000000000000000e+00,1.396934688091278076e-01,5.368588566780090332e-01,6.928697824478149414e-01,8.047518730163574219e-01,0.000000000000000000e+00,1.278965175151824951e-01
1.586987674236297607e-01,4.186474084854125977e-01,0.000000000000000000e+00,2.783143222332000732e-01,7.496079206466674805e-01,6.726164221763610840e-01,0.000000000000000000e+00,0.000000000000000000e+00
0.000000000000000000e+00,5.722602605819702148e-01,5.602931976318359375e-01,0.000000000000000000e+00,5.757503509521484375e-01,7.777733206748962402e-01,0.000000000000000000e+00,1.303422212600708008e+00
5.555781126022338867e-01,1.817384213209152222e-01,5.325082689523696899e-02,0.000000000000000000e+00,6.804999113082885742e-01,8.735151290893554688e-01,0.000000000000000000e+00,3.530251979827880859e-02
7.713742256164550781e-01,1.696498692035675049e-01,1.934681236743927002e-01,5.821841955184936523e-01,8.054209947586059570e-01,2.519476413726806641e-01,0.000000000000000000e+00,6.799328327178955078e-01
3.777539134025573730e-01,0.000000000000000000e+00,4.124677479267120361e-01,1.521498113870620728e-01,6.380414366722106934e-01,8.357954025268554688e-01,0.000000000000000000e+00,5.572795271873474121e-01
5.880085229873657227e-01,8.950154781341552734e-01,0.000000000000000000e+00,6.248790621757507324e-01,5.373857617378234863e-01,1.207783341407775879e+00,0.000000000000000000e+00,4.263116717338562012e-01
3.249928355216979980e-02,9.461407661437988281e-01,3.027246892452239990e-01,5.644694566726684570e-01,7.419952154159545898e-01,3.683337867259979248e-01,0.000000000000000000e+00,9.373003244400024414e-01
0.000000000000000000e+00,4.132323861122131348e-01,0.000000000000000000e+00,0.000000000000000000e+00,7.772182822227478027e-01,4.240780770778656006e-01,0.000000000000000000e+00,4.405877590179443359e-01
1.199570447206497192e-01,7.247784137725830078e-01,2.501371204853057861e-01,0.000000000000000000e+00,7.045229673385620117e-01,8.272044062614440918e-01,0.000000000000000000e+00,0.000000000000000000e+00
2.429977059364318848e-03,7.650226354598999023e-03,0.000000000000000000e+00,5.578449964523315430e-01,4.729632735252380371e-01,1.320548772811889648e+00,0.000000000000000000e+00,7.160298824310302734e-01
4.137196838855743408e-01,3.318591117858886719e-01,4.761013984680175781e-01,0.000000000000000000e+00,4.530619680881500244e-01,1.271998643875122070e+00,0.000000000000000000e+00,1.023661613464355469e+00
0.000000000000000000e+00,0.000000000000000000e+00,0.000000000000000000e+00,3.507965803146362305e-01,5.842220783233642578e-01,9.942879676818847656e-01,0.000000000000000000e+00,6.023958921432495117e-01
0.000000000000000000e+00,8.823430538177490234e-01,7.425844073295593262e-01,0.000000000000000000e+00,4.823738336563110352e-01,1.325253605842590332e+00,0.000000000000000000e+00,5.842943787574768066e-01
8.064734935760498047e-01,3.618086576461791992e-01,0.000000000000000000e+00,0.000000000000000000e+00,5.088376402854919434e-01,1.241781711578369141e+00,0.000000000000000000e+00,5.891453623771667480e-01
0.000000000000000000e+00,7.969607114791870117e-01,3.484759330749511719e-01,9.413725137710571289e-02,7.085034847259521484e-01,7.055679559707641602e-01,0.000000000000000000e+00,2.664709687232971191e-01
6.359197199344635010e-02,3.772791624069213867e-01,5.741248130798339844e-01,5.390977263450622559e-01,8.300957679748535156e-01,2.961197495460510254e-01,0.000000000000000000e+00,3.036047220230102539e-01
1.033472418785095215e+00,0.000000000000000000e+00,5.957459211349487305e-01,0.000000000000000000e+00,5.919136404991149902e-01,7.257301211357116699e-01,0.000000000000000000e+00,1.302513957023620605e+00
0.000000000000000000e+00,0.000000000000000000e+00,3.629633784294128418e-02,7.289317846298217773e-01,6.347267031669616699e-01,6.440284252166748047e-01,0.000000000000000000e+00,1.146054625511169434e+00
0.000000000000000000e+00,3.380982279777526855e-01,8.320449292659759521e-02,8.673180937767028809e-01,7.168519496917724609e-01,5.818340778350830078e-01,0.000000000000000000e+00,5.511108636856079102e-01
5.971361398696899414e-01,8.280863761901855469e-01,0.000000000000000000e+00,5.458898544311523438e-01,7.777341604232788086e-01,2.668516039848327637e-01,0.000000000000000000e+00,8.953952193260192871e-01
3.528676629066467285e-01,4.368269443511962891e-01,5.750578641891479492e-01,6.838048100471496582e-01,6.952231526374816895e-01,8.012739419937133789e-01,0.000000000000000000e+00,1.099536418914794922e-01
4.380939900875091553e-01,0.000000000000000000e+00,4.234340190887451172e-01,0.000000000000000000e+00,6.711344122886657715e-01,6.679458618164062500e-01,0.000000000000000000e+00,7.317409515380859375e-01
0.000000000000000000e+00,4.372954964637756348e-01,2.954322099685668945e-02,0.000000000000000000e+00,7.556437849998474121e-01,3.549360036849975586e-01,0.000000000000000000e+00,8.327594995498657227e-01
7.435841113328933716e-02,4.001428484916687012e-01,1.315131783485412598e-02,0.000000000000000000e+00,7.443591952323913574e-01,6.221543550491333008e-01,0.000000000000000000e+00,1.621607542037963867e-01
0.000000000000000000e+00,9.163246154785156250e-01,6.779164075851440430e-01,0.000000000000000000e+00,6.720717549324035645e-01,6.911140084266662598e-01,0.000000000000000000e+00,6.322426199913024902e-01
0.000000000000000000e+00,3.610237240791320801e-01,1.024808734655380249e-01,8.193498849868774414e-02,5.038895606994628906e-01,1.175246834754943848e+00,0.000000000000000000e+00,8.332078456878662109e-01
6.103451251983642578e-01,0.000000000000000000e+00,0.000000000000000000e+00,7.029923200607299805e-01,6.230655312538146973e-01,1.027527093887329102e+00,0.000000000000000000e+00,1.596764624118804932e-01
0.000000000000000000e+00,9.360951185226440430e-01,0.000000000000000000e+00,0.000000000000000000e+00,7.515530586242675781e-01,3.009679317474365234e-01,0.000000000000000000e+00,1.036417245864868164e+00
0.000000000000000000e+00,0.000000000000000000e+00,4.325485229492187500e-01,8.776953220367431641e-01,7.497496604919433594e-01,5.599375367164611816e-01,0.000000000000000000e+00,2.890987396240234375e-01
1.123180270195007324e+00,0.000000000000000000e+00,4.360122233629226685e-02,1.455820202827453613e-01,6.757036447525024414e-01,6.803017854690551758e-01,0.000000000000000000e+00,6.455907821655273438e-01
1.089273571968078613e+00,9.047744274139404297e-01,9.620481729507446289e-02,0.000000000000000000e+00,7.818667888641357422e-01,6.246537566184997559e-01,0.000000000000000000e+00,0.000000000000000000e+00
1.958125978708267212e-01,4.586227536201477051e-01,0.000000000000000000e+00,4.890403151512145996e-01,7.861912250518798828e-01,4.009813070297241211e-01,0.000000000000000000e+00,4.273019433021545410e-01
6.596127152442932129e-01,4.737035036087036133e-01,0.000000000000000000e+00,1.194224283099174500e-01,6.517637372016906738e-01,8.017677664756774902e-01,0.000000000000000000e+00,5.269566178321838379e-01
4.742011725902557373e-01,9.666408598423004150e-02,4.913693070411682129e-01,0.000000000000000000e+00,8.356813192367553711e-01,1.113591790199279785e-01,0.000000000000000000e+00,8.006117343902587891e-01
1.653889119625091553e-01,4.754897952079772949e-02,0.000000000000000000e+00,2.630761265754699707e-01,6.631433367729187012e-01,9.299206733703613281e-01,0.000000000000000000e+00,4.149889945983886719e-02
8.856793642044067383e-01,0.000000000000000000e+00,0.000000000000000000e+00,1.119260072708129883e+00,7.188414931297302246e-01,4.306550621986389160e-01,0.000000000000000000e+00,9.786347746849060059e-01
0.000000000000000000e+00,5.941391587257385254e-01,0.000000000000000000e+00,6.870650053024291992e-01,5.701944231986999512e-01,1.135814905166625977e+00,0.000000000000000000e+00,3.363275825977325439e-01
8.329062461853027344e-01,0.000000000000000000e+00,0.000000000000000000e+00,0.000000000000000000e+00,5.530135631561279297e-01,9.002798795700073242e-01,0.000000000000000000e+00,1.168281197547912598e+00
0.000000000000000000e+00,0.000000000000000000e+00,7.447752356529235840e-01,1.006606936454772949e+00,5.763180255889892578e-01,8.698630928993225098e-01,0.000000000000000000e+00,1.035219550132751465e+00
9.081757068634033203e-01,0.000000000000000000e+00,7.352291345596313477e-01,0.000000000000000000e+00,5.756212472915649414e-01,9.400289654731750488e-01,0.000000000000000000e+00,8.370152115821838379e-01
5.516076683998107910e-01,0.000000000000000000e+00,0.000000000000000000e+00,6.319668889045715332e-02,7.122650146484375000e-01,6.726146936416625977e-01,0.000000000000000000e+00,3.385220170021057129e-01
1.302518844604492188e-01,8.012534379959106445e-01,0.000000000000000000e+00,1.506507396697998047e-03,5.860323905944824219e-01,9.774432182312011719e-01,0.000000000000000000e+00,6.344021558761596680e-01
5.467803478240966797e-01,0.000000000000000000e+00,0.000000000000000000e+00,1.109408855438232422e+00,7.289878129959106445e-01,4.950120747089385986e-01,0.000000000000000000e+00,7.030410766601562500e-01
1.578872799873352051e-01,0.000000000000000000e+00,7.739257812500000000e-01,0.000000000000000000e+00,6.211713552474975586e-01,9.071773290634155273e-01,0.000000000000000000e+00,4.806765913963317871e-01
7.395002841949462891e-01,4.340780973434448242e-01,0.000000000000000000e+00,5.027832984924316406e-01,7.307198047637939453e-01,7.466135025024414062e-01,0.000000000000000000e+00,0.000000000000000000e+00
0.000000000000000000e+00,0.000000000000000000e+00,6.799313426017761230e-01,2.474828064441680908e-01,6.808589100837707520e-01,6.079058647155761719e-01,0.000000000000000000e+00,8.109774589538574219e-01
2.416850179433822632e-01,6.584321856498718262e-01,0.000000000000000000e+00,0.000000000000000000e+00,8.458896875381469727e-01,1.546337604522705078e-01,0.000000000000000000e+00,5.760023593902587891e-01
9.070549011230468750e-01,4.819683432579040527e-01,0.000000000000000000e+00,4.890846014022827148e-01,7.673510909080505371e-01,5.525739192962646484e-01,0.000000000000000000e+00,1.597408056259155273e-01
1.019724488258361816e+00,3.345808982849121094e-01,5.276906490325927734e-01,7.884160876274108887e-01,4.559260308742523193e-01,1.437408685684204102e+00,0.000000000000000000e+00,5.288512706756591797e-01
0.000000000000000000e+00,1.612137556076049805e-01,2.617712914943695068e-01,7.174099087715148926e-01,7.734003663063049316e-01,2.711091935634613037e-01,0.000000000000000000e+00,9.134884476661682129e-01
0.000000000000000000e+00,1.005850732326507568e-02,0.000000000000000000e+00,0.000000000000000000e+00,5.755138397216796875e-01,1.049948692321777344e+00,0.000000000000000000e+00,5.222705602645874023e-01
9.710142612457275391e-01,1.083894148468971252e-01,0.000000000000000000e+00,7.655949592590332031e-01,5.929251909255981445e-01,1.122388362884521484e+00,0.000000000000000000e+00,1.527654528617858887e-01
0.000000000000000000e+00,5.114605426788330078e-01,2.024801373481750488e-01,0.000000000000000000e+00,5.639689564704895020e-01,8.624810576438903809e-01,0.000000000000000000e+00,1.181506872177124023e+00
0.000000000000000000e+00,0.000000000000000000e+00,0.000000000000000000e+00,8.720361590385437012e-01,6.667442321777343750e-01,8.464114069938659668e-01,0.000000000000000000e+00,2.469097375869750977e-01
6.231215000152587891e-01,0.000000000000000000e+00,0.000000000000000000e+00,3.452225327491760254e-01,6.167672276496887207e-01,9.188455343246459961e-01,0.000000000000000000e+00,5.161303281784057617e-01
6.823340058326721191e-02,5.001547336578369141e-01,0.000000000000000000e+00,0.000000000000000000e+00,8.419464230537414551e-01,2.260463237762451172e-01,0.000000000000000000e+00,3.996407985687255859e-01
6.600496768951416016e-01,5.148187875747680664e-01,3.915562629699707031e-01,6.748511791229248047e-01,8.412969112396240234e-01,2.707228660583496094e-01,0.000000000000000000e+00,2.873263061046600342e-01
1.852460503578186035e-01,3.065367043018341064e-01,0.000000000000000000e+00,3.458680212497711182e-01,7.860626578330993652e-01,5.296292304992675781e-01,0.000000000000000000e+00,5.440807342529296875e-02
2.262853831052780151e-01,0.000000000000000000e+00,0.000000000000000000e+00,1.437531858682632446e-01,8.050418496131896973e-01,4.674319624900817871e-01,0.000000000000000000e+00,4.835718870162963867e-02
7.809787243604660034e-02,0.000000000000000000e+00,0.000000000000000000e+00,4.818907380104064941e-01,8.302333950996398926e-01,2.869705259799957275e-01,0.000000000000000000e+00,3.481798768043518066e-01
0.000000000000000000e+00,2.499829977750778198e-01,7.889226078987121582e-01,1.310879737138748169e-01,8.122588396072387695e-01,4.921641945838928223e-01,0.000000000000000000e+00,0.000000000000000000e+00
9.685817956924438477e-01,0.000000000000000000e+00,7.886465787887573242e-01,0.000000000000000000e+00,6.344022154808044434e-01,6.510784626007080078e-01,0.000000000000000000e+00,1.119345664978027344e+00
5.380699634552001953e-01,5.609350800514221191e-01,0.000000000000000000e+00,9.783518910408020020e-01,7.923034429550170898e-01,4.958707094192504883e-01,0.000000000000000000e+00,9.992572665214538574e-02
7.628101110458374023e-01,6.041585206985473633e-01,0.000000000000000000e+00,0.000000000000000000e+00,4.638489782810211182e-01,1.444346427917480469e+00,0.000000000000000000e+00,4.354009330272674561e-01
9.539484977722167969e-01,5.317709445953369141e-01,0.000000000000000000e+00,0.000000000000000000e+00,5.774163007736206055e-01,1.115038156509399414e+00,0.000000000000000000e+00,3.075217902660369873e-01
0.000000000000000000e+00,3.951000571250915527e-01,6.158400774002075195e-01,0.000000000000000000e+00,6.367151141166687012e-01,9.460128545761108398e-01,0.000000000000000000e+00,2.369273006916046143e-01
1.005420565605163574e+00,7.939500808715820312e-01,1.293337345123291016e-01,6.233374476432800293e-01,5.726729631423950195e-01,8.212897777557373047e-01,0.000000000000000000e+00,1.228659749031066895e+00
8.961112499237060547e-01,2.772780060768127441e-01,6.430325508117675781e-01,9.708867073059082031e-01,7.584626078605651855e-01,5.151590108871459961e-01,0.000000000000000000e+00,3.565870523452758789e-01
2.515043616294860840e-01,0.000000000000000000e+00,6.094189286231994629e-01,1.638039946556091309e-01,4.765474200248718262e-01,1.149291992187500000e+00,0.000000000000000000e+00,1.171958804130554199e+00
3.622063398361206055e-01,0.000000000000000000e+00,5.038102865219116211e-01,7.997980713844299316e-01,5.136210322380065918e-01,1.016772627830505371e+00,0.000000000000000000e+00,1.203477859497070312e+00
0.000000000000000000e+00,0.000000000000000000e+00,6.173187494277954102e-01,0.000000000000000000e+00,5.549954771995544434e-01,1.211105227470397949e+00,0.000000000000000000e+00,2.221891283988952637e-01
7.092844247817993164e-01,3.768351674079895020e-01,2.691256999969482422e-02,2.446830272674560547e-02,6.659501194953918457e-01,6.868918538093566895e-01,0.000000000000000000e+00,7.199020385742187500e-01
0.000000000000000000e+00,5.993316173553466797e-01,0.000000000000000000e+00,0.000000000000000000e+00,5.138392448425292969e-01,1.019661068916320801e+00,0.000000000000000000e+00,1.198112249374389648e+00
2.956202626228332520e-01,3.662791550159454346e-01,4.497207105159759521e-01,0.000000000000000000e+00,5.507270097732543945e-01,1.168568253517150879e+00,0.000000000000000000e+00,4.050811529159545898e-01
0.000000000000000000e+00,0.000000000000000000e+00,7.918526530265808105e-01,3.447667062282562256e-01,5.872566699981689453e-01,7.637386322021484375e-01,0.000000000000000000e+00,1.224506616592407227e+00
0.000000000000000000e+00,5.039043426513671875e-01,2.650454044342041016e-01,0.000000000000000000e+00,4.806942939758300781e-01,1.231141090393066406e+00,0.000000000000000000e+00,8.869438767433166504e-01
4.305742979049682617e-01,5.608457326889038086e-01,0.000000000000000000e+00,0.000000000000000000e+00,6.010380387306213379e-01,9.092545509338378906e-01,0.000000000000000000e+00,6.924197673797607422e-01
2.162307351827621460e-01,0.000000000000000000e+00,6.883627772331237793e-01,5.763248205184936523e-01,7.143937945365905762e-01,3.910759687423706055e-01,0.000000000000000000e+00,1.117600083351135254e+00
5.538114309310913086e-01,2.705573439598083496e-01,6.797177791595458984e-01,0.000000000000000000e+00,6.328936219215393066e-01,9.644578695297241211e-01,0.000000000000000000e+00,2.274655401706695557e-01
7.619091272354125977e-01,0.000000000000000000e+00,6.854745745658874512e-01,3.909581899642944336e-02,7.868787050247192383e-01,2.187794446945190430e-01,0.000000000000000000e+00,9.326653480529785156e-01
1.112717270851135254e+00,3.476711809635162354e-01,2.635605037212371826e-01,0.000000000000000000e+00,7.877058982849121094e-01,5.099039077758789062e-01,0.000000000000000000e+00,9.165489673614501953e-02
0.000000000000000000e+00,0.000000000000000000e+00,7.041574120521545410e-01,0.000000000000000000e+00,5.573613047599792480e-01,1.004299640655517578e+00,0.000000000000000000e+00,8.049238920211791992e-01
4.700401723384857178e-01,0.000000000000000000e+00,0.000000000000000000e+00,5.106275081634521484e-01,5.335016250610351562e-01,1.281026959419250488e+00,0.000000000000000000e+00,2.413508296012878418e-01
3.760837316513061523e-01,6.674944758415222168e-01,1.209724619984626770e-01,9.157891571521759033e-02,4.545820355415344238e-01,1.377850294113159180e+00,0.000000000000000000e+00,7.070614099502563477e-01
5.126224756240844727e-01,3.938667774200439453e-01,7.886009216308593750e-01,1.012342333793640137e+00,5.057668089866638184e-01,1.285716295242309570e+00,0.000000000000000000e+00,4.932742118835449219e-01
3.111939728260040283e-01,8.737236261367797852e-03,7.963306903839111328e-01,0.000000000000000000e+00,6.364813446998596191e-01,6.960380673408508301e-01,0.000000000000000000e+00,9.572452306747436523e-01
3.334722220897674561e-01,8.259642124176025391e-01,4.902255535125732422e-01,8.219046592712402344e-01,8.344088196754455566e-01,6.662619113922119141e-02,0.000000000000000000e+00,9.358736872673034668e-01
9.037146568298339844e-01,3.923772275447845459e-01,1.450505852699279785e-01,0.000000000000000000e+00,6.604133844375610352e-01,9.013051986694335938e-01,0.000000000000000000e+00,1.483126878738403320e-01
1.486062854528427124e-01,8.516023159027099609e-01,2.076073586940765381e-01,0.000000000000000000e+00,4.744354784488677979e-01,1.453640222549438477e+00,0.000000000000000000e+00,3.093449175357818604e-01
2.955999076366424561e-01,1.816642582416534424e-01,0.000000000000000000e+00,0.000000000000000000e+00,5.336116552352905273e-01,1.029594659805297852e+00,0.000000000000000000e+00,9.662151336669921875e-01
5.842584967613220215e-01,4.296346902847290039e-01,0.000000000000000000e+00,2.471792101860046387e-01,6.689906120300292969e-01,5.296893119812011719e-01,0.000000000000000000e+00,1.173628926277160645e+00
0.000000000000000000e+00,4.145297408103942871e-01,6.392521262168884277e-01,0.000000000000000000e+00,6.753792762756347656e-01,5.105271935462951660e-01,0.000000000000000000e+00,1.133011817932128906e+00
1.032296195626258850e-01,0.000000000000000000e+00,1.439990401268005371e-01,0.000000000000000000e+00,7.775920033454895020e-01,2.729226052761077881e-01,0.000000000000000000e+00,8.626739978790283203e-01
0.000000000000000000e+00,0.000000000000000000e+00,0.000000000000000000e+00,1.089863538742065430e+00,7.977129220962524414e-01,2.795150279998779297e-01,0.000000000000000000e+00,6.753175854682922363e-01
0.000000000000000000e+00,0.000000000000000000e+00,0.000000000000000000e+00,3.746069669723510742e-01,8.402103781700134277e-01,2.249246835708618164e-01,0.000000000000000000e+00,4.229416251182556152e-01
0.000000000000000000e+00,0.000000000000000000e+00,0.000000000000000000e+00,1.003965377807617188e+00,4.886830151081085205e-01,1.431332349777221680e+00,0.000000000000000000e+00,2.328202426433563232e-01
0.000000000000000000e+00,9.355996847152709961e-01,0.000000000000000000e+00,9.347555041313171387e-01,6.028283238410949707e-01,7.312655448913574219e-01,0.000000000000000000e+00,1.211866617202758789e+00
0.000000000000000000e+00,4.583504199981689453e-01,2.746236026287078857e-01,0.000000000000000000e+00,8.097112178802490234e-01,3.133179545402526855e-01,0.000000000000000000e+00,4.527442455291748047e-01
2.620581984519958496e-01,5.320739746093750000e-01,0.000000000000000000e+00,5.082948803901672363e-01,6.968945860862731934e-01,6.701945662498474121e-01,0.000000000000000000e+00,4.977846145629882812e-01
3.540361523628234863e-01,8.377197980880737305e-01,0.000000000000000000e+00,0.000000000000000000e+00,8.490629196166992188e-01,4.421727061271667480e-01,0.000000000000000000e+00,0.000000000000000000e+00
8.229341506958007812e-01,0.000000000000000000e+00,5.541425943374633789e-01,0.000000000000000000e+00,7.790195941925048828e-01,5.651021003723144531e-01,0.000000000000000000e+00,7.546544075012207031e-03
2.090798020362854004e-01,5.812363028526306152e-01,0.000000000000000000e+00,5.650507211685180664e-01,5.613807439804077148e-01,1.095781087875366211e+00,0.000000000000000000e+00,5.384968519210815430e-01
9.514553546905517578e-01,2.334273010492324829e-01,7.223101854324340820e-01,3.570606410503387451e-01,5.936823487281799316e-01,7.374319434165954590e-01,0.000000000000000000e+00,1.254406690597534180e+00
3.742769360542297363e-02,1.396873593330383301e-02,0.000000000000000000e+00,0.000000000000000000e+00,6.655727028846740723e-01,6.772390007972717285e-01,0.000000000000000000e+00,7.472230195999145508e-01
6.765884160995483398e-01,5.724522471427917480e-01,5.315157175064086914e-01,0.000000000000000000e+00,7.529657483100891113e-01,4.109270274639129639e-01,0.000000000000000000e+00,6.959929466247558594e-01
3.296246528625488281e-01,6.523647308349609375e-01,5.216593146324157715e-01,7.223039269447326660e-01,5.913813710212707520e-01,9.929980039596557617e-01,0.000000000000000000e+00,5.343691110610961914e-01
4.628417491912841797e-01,3.429657518863677979e-01,2.941129207611083984e-01,5.957941412925720215e-01,4.627987146377563477e-01,1.192750930786132812e+00,0.000000000000000000e+00,1.167166233062744141e+00
0.000000000000000000e+00,4.793515205383300781e-01,0.000000000000000000e+00,4.994314312934875488e-01,6.866597533226013184e-01,8.093622922897338867e-01,0.000000000000000000e+00,1.878614425659179688e-01
1.027131199836730957e+00,7.325378656387329102e-01,2.550340294837951660e-01,0.000000000000000000e+00,8.402951955795288086e-01,3.530250191688537598e-01,0.000000000000000000e+00,4.897105693817138672e-02
7.233800888061523438e-01,0.000000000000000000e+00,0.000000000000000000e+00,7.431862354278564453e-01,8.482477664947509766e-01,2.242085337638854980e-01,0.000000000000000000e+00,3.626438975334167480e-01
0.000000000000000000e+00,7.076313495635986328e-01,0.000000000000000000e+00,3.719382882118225098e-01,8.354189991950988770e-01,4.141082167625427246e-01,0.000000000000000000e+00,0.000000000000000000e+00
3.035395145416259766e-01,1.631957292556762695e-01,3.399952501058578491e-02,0.000000000000000000e+00,4.613098204135894775e-01,1.135219573974609375e+00,0.000000000000000000e+00,1.343808889389038086e+00
1.138710260391235352e+00,8.288592100143432617e-01,2.683282494544982910e-01,0.000000000000000000e+00,6.395875811576843262e-01,9.191315174102783203e-01,0.000000000000000000e+00,2.996848225593566895e-01
0.000000000000000000e+00,5.273111462593078613e-01,0.000000000000000000e+00,4.494879841804504395e-01,5.138608217239379883e-01,1.163138031959533691e+00,0.000000000000000000e+00,7.789912223815917969e-01
0.000000000000000000e+00,3.699542284011840820e-01,0.000000000000000000e+00,1.098038911819458008e+00,8.031117916107177734e-01,1.800948977470397949e-01,0.000000000000000000e+00,9.200515747070312500e-01
6.689450144767761230e-01,9.253739118576049805e-01,0.000000000000000000e+00,3.860740065574645996e-01,7.612068653106689453e-01,5.363337993621826172e-01,0.000000000000000000e+00,2.743642926216125488e-01
0.000000000000000000e+00,2.141524553298950195e-01,0.000000000000000000e+00,0.000000000000000000e+00,5.758910775184631348e-01,9.522631168365478516e-01,0.000000000000000000e+00,7.982363700866699219e-01
6.858026981353759766e-01,0.000000000000000000e+00,1.979199647903442383e-01,6.230544447898864746e-01,4.876249432563781738e-01,1.144969224929809570e+00,0.000000000000000000e+00,1.066357374191284180e+00
3.635923862457275391e-01,2.412943840026855469e-01,7.657651305198669434e-01,0.000000000000000000e+00,7.226923704147338867e-01,6.064174175262451172e-01,0.000000000000000000e+00,4.073321521282196045e-01
6.466823220252990723e-01,5.273863673210144043e-03,0.000000000000000000e+00,4.881644248962402344e-01,8.424339890480041504e-01,3.561550378799438477e-01,0.000000000000000000e+00,1.787072420120239258e-02
3.268357515335083008e-01,9.112646579742431641e-01,2.538304924964904785e-01,7.577425241470336914e-02,5.007927417755126953e-01,1.181219577789306641e+00,0.000000000000000000e+00,8.388347625732421875e-01
1.035036921501159668e+00,0.000000000000000000e+00,1.621671319007873535e-01,0.000000000000000000e+00,7.466118931770324707e-01,3.866176009178161621e-01,0.000000000000000000e+00,8.328496217727661133e-01
0.000000000000000000e+00,3.847881555557250977e-01,3.984808921813964844e-01,2.609430253505706787e-01,5.530889034271240234e-01,1.085004210472106934e+00,0.000000000000000000e+00,6.270049810409545898e-01
3.634141683578491211e-01,2.872306406497955322e-01,0.000000000000000000e+00,2.468421310186386108e-01,8.052284121513366699e-01,2.759824693202972412e-01,0.000000000000000000e+00,6.078034639358520508e-01
0.000000000000000000e+00,0.000000000000000000e+00,0.000000000000000000e+00,9.784169793128967285e-01,5.737980008125305176e-01,1.096108078956604004e+00,0.000000000000000000e+00,4.039180278778076172e-01
3.309656977653503418e-01,4.957313835620880127e-01,0.000000000000000000e+00,6.128519177436828613e-01,5.121215581893920898e-01,1.208522081375122070e+00,0.000000000000000000e+00,6.633934378623962402e-01
8.854757994413375854e-02,3.189564347267150879e-01,5.451842546463012695e-01,0.000000000000000000e+00,5.615268349647521973e-01,8.350264430046081543e-01,0.000000000000000000e+00,1.275692462921142578e+00
1.116114139556884766e+00,9.939965605735778809e-02,5.601047277450561523e-01,4.925870299339294434e-01,7.162730693817138672e-01,7.854838371276855469e-01,0.000000000000000000e+00,0.000000000000000000e+00
1.048916935920715332e+00,8.863930702209472656e-01,5.049235820770263672e-01,0.000000000000000000e+00,5.607536435127258301e-01,8.483611345291137695e-01,0.000000000000000000e+00,1.239074826240539551e+00
0.000000000000000000e+00,0.000000000000000000e+00,0.000000000000000000e+00,5.104085206985473633e-01,8.103927969932556152e-01,5.326937437057495117e-01,0.000000000000000000e+00,0.000000000000000000e+00
0.000000000000000000e+00,3.955533206462860107e-01,0.000000000000000000e+00,4.172826409339904785e-01,7.369093894958496094e-01,4.079778492450714111e-01,0.000000000000000000e+00,8.566366434097290039e-01
0.000000000000000000e+00,0.000000000000000000e+00,0.000000000000000000e+00,4.379685819149017334e-01,6.922923326492309570e-01,7.189214825630187988e-01,0.000000000000000000e+00,3.890113234519958496e-01
0.000000000000000000e+00,1.940182000398635864e-01,3.028457462787628174e-01,0.000000000000000000e+00,4.942161440849304199e-01,1.119124054908752441e+00,0.000000000000000000e+00,1.070003747940063477e+00
6.411464214324951172e-01,0.000000000000000000e+00,0.000000000000000000e+00,6.119460463523864746e-01,8.058201670646667480e-01,4.705781936645507812e-01,0.000000000000000000e+00,4.192274808883666992e-02
3.138588964939117432e-01,4.820934534072875977e-01,3.925258517265319824e-01,3.009135723114013672e-01,4.929011166095733643e-01,1.349668979644775391e+00,0.000000000000000000e+00,4.224312305450439453e-01
3.006666898727416992e-01,7.924892902374267578e-01,4.694990515708923340e-01,6.681318879127502441e-01,5.294070243835449219e-01,1.290828585624694824e+00,0.000000000000000000e+00,2.657137215137481689e-01
1.691063493490219116e-01,0.000000000000000000e+00,5.508884787559509277e-02,0.000000000000000000e+00,4.526545405387878418e-01,1.530910968780517578e+00,0.000000000000000000e+00,2.738053202629089355e-01
0.000000000000000000e+00,1.638596951961517334e-01,0.000000000000000000e+00,6.529951095581054688e-01,7.149861454963684082e-01,6.589238643646240234e-01,0.000000000000000000e+00,3.510864973068237305e-01
2.891951799392700195e-02,5.539674758911132812e-01,0.000000000000000000e+00,1.046809673309326172e+00,7.828626632690429688e-01,6.142957210540771484e-01,0.000000000000000000e+00,0.000000000000000000e+00
1.140913605690002441e+00,0.000000000000000000e+00,1.119805350899696350e-01,3.864876627922058105e-01,7.670735716819763184e-01,5.525020956993103027e-01,0.000000000000000000e+00,1.586535573005676270e-01
8.223689794540405273e-01,0.000000000000000000e+00,3.768938481807708740e-01,0.000000000000000000e+00,5.170952677726745605e-01,9.839657545089721680e-01,0.000000000000000000e+00,1.258766412734985352e+00
3.691127896308898926e-01,8.717586994171142578e-01,0.000000000000000000e+00,9.987589120864868164e-01,4.624260067939758301e-01,1.214978456497192383e+00,0.000000000000000000e+00,1.123570680618286133e+00
0.000000000000000000e+00,0.000000000000000000e+00,2.436757385730743408e-01,3.356603980064392090e-01,5.708568096160888672e-01,1.030426025390625000e+00,0.000000000000000000e+00,6.103971600532531738e-01
1.002170801162719727e+00,3.311144709587097168e-01,6.558338999748229980e-01,0.000000000000000000e+00,6.627234816551208496e-01,9.513907432556152344e-01,0.000000000000000000e+00,0.000000000000000000e+00
8.917579054832458496e-02,5.039296150207519531e-01,3.764751553535461426e-01,4.528648257255554199e-01,7.456085681915283203e-01,7.109957933425903320e-01,0.000000000000000000e+00,0.000000000000000000e+00
4.561312794685363770e-01,4.449877440929412842e-01,6.254649162292480469e-01,8.824089765548706055e-01,5.173386335372924805e-01,9.362642168998718262e-01,0.000000000000000000e+00,1.404011011123657227e+00
0.000000000000000000e+00,0.000000000000000000e+00,7.360522747039794922e-01,0.000000000000000000e+00,4.942626953125000000e-01,1.229154586791992188e+00,0.000000000000000000e+00,7.458394765853881836e-01
0.000000000000000000e+00,8.929252624511718750e-01,0.000000000000000000e+00,3.387667834758758545e-01,8.334016799926757812e-01,2.407857775688171387e-01,0.000000000000000000e+00,4.502910971641540527e-01
0.000000000000000000e+00,0.000000000000000000e+00,0.000000000000000000e+00,4.742369353771209717e-01,7.799975275993347168e-01,3.212376534938812256e-01,0.000000000000000000e+00,7.095887660980224609e-01
4.613950848579406738e-02,0.000000000000000000e+00,6.429557204246520996e-01,1.003139972686767578e+00,5.167445540428161621e-01,1.099398374557495117e+00,0.000000000000000000e+00,9.365884065628051758e-01
0.000000000000000000e+00,2.821452617645263672e-01,0.000000000000000000e+00,0.000000000000000000e+00,5.079616904258728027e-01,1.061110019683837891e+00,0.000000000000000000e+00,1.115198493003845215e+00
5.220555663108825684e-01,0.000000000000000000e+00,0.000000000000000000e+00,2.440825700759887695e-01,7.373448610305786133e-01,5.157762765884399414e-01,0.000000000000000000e+00,5.520632266998291016e-01
0.000000000000000000e+00,0.000000000000000000e+00,2.029334604740142822e-01,6.529604196548461914e-01,7.526425123214721680e-01,5.033901929855346680e-01,0.000000000000000000e+00,4.453078806400299072e-01
4.179721474647521973e-01,6.416261196136474609e-01,0.000000000000000000e+00,5.210312008857727051e-01,6.865327954292297363e-01,7.012101411819458008e-01,0.000000000000000000e+00,4.858292639255523682e-01
4.542257189750671387e-01,2.860403358936309814e-01,0.000000000000000000e+00,8.846869468688964844e-01,6.463163495063781738e-01,6.314385533332824707e-01,0.000000000000000000e+00,1.095406532287597656e+00
5.908843278884887695e-01,3.196805119514465332e-01,6.705310940742492676e-01,5.150827765464782715e-01,8.295676112174987793e-01,7.887792587280273438e-02,0.000000000000000000e+00,9.370020627975463867e-01
0.000000000000000000e+00,8.316632509231567383e-01,0.000000000000000000e+00,4.703308939933776855e-01,5.138244032859802246e-01,1.207170248031616211e+00,0.000000000000000000e+00,6.493528485298156738e-01
0.000000000000000000e+00,0.000000000000000000e+00,7.894110083580017090e-01,4.320282042026519775e-01,6.377544999122619629e-01,9.352424740791320801e-01,0.000000000000000000e+00,2.464357912540435791e-01
7.007455825805664062e-01,9.393059015274047852e-01,0.000000000000000000e+00,0.000000000000000000e+00,5.428261756896972656e-01,8.953759670257568359e-01,0.000000000000000000e+00,1.284381747245788574e+00
2.341303229331970215e-02,4.114502668380737305e-01,0.000000000000000000e+00,8.741206526756286621e-01,7.751864194869995117e-01,5.331484675407409668e-01,0.000000000000000000e+00,1.573085784912109375e-01
0.000000000000000000e+00,4.829241037368774414e-01,6.544557213783264160e-01,2.603491842746734619e-01,4.596963524818420410e-01,1.211373090744018555e+00,0.000000000000000000e+00,1.147838354110717773e+00
9.748513698577880859e-01,0.000000000000000000e+00,0.000000000000000000e+00,0.000000000000000000e+00,5.498620271682739258e-01,1.169183969497680664e+00,0.000000000000000000e+00,4.209735989570617676e-01
0.000000000000000000e+00,7.612268924713134766e-01,6.841191053390502930e-01,8.122317194938659668e-01,7.262790203094482422e-01,5.341776609420776367e-01,0.000000000000000000e+00,6.075336933135986328e-01
9.426329135894775391e-01,3.728646039962768555e-02,0.000000000000000000e+00,5.729726552963256836e-01,4.664432704448699951e-01,1.364993095397949219e+00,0.000000000000000000e+00,6.404421329498291016e-01
0.000000000000000000e+00,4.294812679290771484e-02,3.103077113628387451e-01,5.150057673454284668e-01,5.699626803398132324e-01,1.196955442428588867e+00,0.000000000000000000e+00,1.482965946197509766e-01
1.639080047607421875e-02,4.046795964241027832e-01,0.000000000000000000e+00,0.000000000000000000e+00,5.113490223884582520e-01,1.368179559707641602e+00,0.000000000000000000e+00,2.083193361759185791e-01
1.103040456771850586e+00,4.066248238086700439e-02,0.000000000000000000e+00,6.023589372634887695e-01,8.534744977951049805e-01,3.111474215984344482e-01,0.000000000000000000e+00,6.230044364929199219e-02
1.112179011106491089e-01,8.664345741271972656e-01,2.924476265907287598e-01,0.000000000000000000e+00,8.462663292884826660e-01,2.583265304565429688e-01,0.000000000000000000e+00,2.652901709079742432e-01
6.296539902687072754e-01,8.315539360046386719e-01,7.260318994522094727e-01,8.006173372268676758e-01,5.527634620666503906e-01,1.074137926101684570e+00,0.000000000000000000e+00,6.626449227333068848e-01
6.969869881868362427e-02,5.691111087799072266e-03,5.190374255180358887e-01,0.000000000000000000e+00,7.396225929260253906e-01,5.590755343437194824e-01,0.000000000000000000e+00,3.933809399604797363e-01
9.894891977310180664e-01,0.000000000000000000e+00,6.496811509132385254e-01,0.000000000000000000e+00,6.485399603843688965e-01,7.819374799728393555e-01,0.000000000000000000e+00,6.041644811630249023e-01
6.306149363517761230e-01,5.671875178813934326e-02,4.440129995346069336e-01,0.000000000000000000e+00,8.021468520164489746e-01,5.209180116653442383e-01,0.000000000000000000e+00,0.000000000000000000e+00
2.024587243795394897e-01,9.474213123321533203e-01,7.566092014312744141e-01,0.000000000000000000e+00,4.519655108451843262e-01,1.259658813476562500e+00,0.000000000000000000e+00,1.070058107376098633e+00
0.000000000000000000e+00,0.000000000000000000e+00,0.000000000000000000e+00,0.000000000000000000e+00,6.577736139297485352e-01,6.451988816261291504e-01,0.000000000000000000e+00,9.265841841697692871e-01
0.000000000000000000e+00,1.906059980392456055e-01,0.000000000000000000e+00,5.938410758972167969e-01,5.188182592391967773e-01,1.168915510177612305e+00,0.000000000000000000e+00,7.187992334365844727e-01
2.115336656570434570e-01,0.000000000000000000e+00,0.000000000000000000e+00,8.604663610458374023e-02,8.414791226387023926e-01,2.733118832111358643e-01,0.000000000000000000e+00,2.831615805625915527e-01
0.000000000000000000e+00,1.724040955305099487e-01,1.324904412031173706e-01,0.000000000000000000e+00,6.630896329879760742e-01,9.034983515739440918e-01,0.000000000000000000e+00,1.099271476268768311e-01
2.882599234580993652e-01,8.853049278259277344e-01,0.000000000000000000e+00,1.022275805473327637e+00,8.446026444435119629e-01,4.499935507774353027e-01,0.000000000000000000e+00,0.000000000000000000e+00
0.000000000000000000e+00,4.745088517665863037e-02,0.000000000000000000e+00,6.427926421165466309e-01,4.952450394630432129e-01,1.317831516265869141e+00,0.000000000000000000e+00,5.125836133956909180e-01
2.223659455776214600e-01,0.000000000000000000e+00,0.000000000000000000e+00,1.083356976509094238e+00,6.832719445228576660e-01,7.228425741195678711e-01,0.000000000000000000e+00,4.743192195892333984e-01
