9.679938554763793945e-01,-9.634036421775817871e-01,-1.810466647148132324e+00,-3.956291377544403076e-01,-3.605212271213531494e-01,-2.305492758750915527e-01,-8.277918100357055664e-01,6.703259944915771484e-01,-1.055790305137634277e+00,-2.315249919891357422e+00,1.136167883872985840e+00,-6.702550053596496582e-01,9.364043474197387695e-01
-7.494410872459411621e-01,-2.217897415161132812e+00,-5.265059471130371094e-01,2.461893111467361450e-02,-4.065700173377990723e-01,1.398339748382568359e+00,-2.404416352510452271e-01,-7.757906913757324219e-01,7.684414386749267578e-01,-6.262856721878051758e-01,1.694993853569030762e+00,7.896102070808410645e-01,9.970023632049560547e-01
5.491552352905273438e-01,-2.500460743904113770e-01,-5.896760821342468262e-01,-1.283975601196289062e+00,-2.378709316253662109e-01,-3.318995237350463867e-01,1.076700836420059204e-01,-5.405090451240539551e-01,-1.188549757003784180e+00,-4.133950471878051758e-01,1.753910660743713379e+00,8.728865385055541992e-01,8.412732481956481934e-01
-1.011538267135620117e+00,-9.711568355560302734e-01,7.762640118598937988e-01,8.435268998146057129e-01,-1.074536919593811035e+00,-4.755360484123229980e-01,-1.668434619903564453e+00,1.905914783477783203e+00,-5.009975433349609375e-01,-4.424021393060684204e-02,7.627470493316650391e-01,7.250331044197082520e-01,-9.995751380920410156e-01
-1.771337091922760010e-01,-7.166843414306640625e-01,8.850868344306945801e-01,4.212535321712493896e-01,-4.939459860324859619e-01,4.235397875308990479e-01,2.991382479667663574e-01,2.262856960296630859e+00,5.342381000518798828e-01,-1.327705740928649902e+00,-4.752911031246185303e-01,-2.554874122142791748e-02,-7.479354143142700195e-01
-4.004686474800109863e-01,4.105899631977081299e-01,1.279957771301269531e+00,1.053632855415344238e+00,-4.661119878292083740e-01,-8.810379505157470703e-01,1.187731862068176270e+00,-2.467604577541351318e-01,1.118376255035400391e+00,1.433546066284179688e+00,-8.146589398384094238e-01,1.591213345527648926e+00,-9.986289739608764648e-01
-9.205803871154785156e-01,-2.437324762344360352e+00,4.490171074867248535e-01,7.526907324790954590e-01,1.551033854484558105e-01,6.615469455718994141e-01,3.834105432033538818e-01,6.331235766410827637e-01,1.892308950424194336e+00,1.011197641491889954e-01,6.908425092697143555e-01,-8.717947602272033691e-01,-9.690846204757690430e-01
-1.455877900123596191e+00,-2.148932695388793945e+00,6.621219515800476074e-01,-6.197907403111457825e-02,-8.032950758934020996e-01,1.793427944183349609e+00,-6.710497289896011353e-02,-2.107205837965011597e-01,1.042863726615905762e+00,6.909815073013305664e-01,1.631541490554809570e+00,1.417997717857360840e+00,-9.736015200614929199e-01
-6.830406188964843750e-01,8.509838581085205078e-02,-1.214890107512474060e-01,2.678652107715606689e-02,2.286867499351501465e-01,7.424387335777282715e-01,-1.546140789985656738e+00,-4.596350491046905518e-01,-3.172286152839660645e-01,-2.789856493473052979e-01,8.794951438903808594e-01,-4.572685360908508301e-01,8.749880790710449219e-01
2.052109986543655396e-01,-1.049438953399658203e+00,-1.015411853790283203e+00,-1.306385755538940430e+00,1.850803643465042114e-01,7.252621650695800781e-01,4.251684248447418213e-01,5.349019765853881836e-01,5.192207098007202148e-01,-1.583842039108276367e+00,6.518421769142150879e-01,-5.365678668022155762e-01,9.472279548645019531e-01
7.952682971954345703e-01,6.505832076072692871e-01,4.153466317802667618e-03,7.850303053855895996e-01,1.845862507820129395e+00,-2.464927285909652710e-01,2.009823918342590332e-01,5.978291630744934082e-01,4.948806762695312500e-01,7.285226881504058838e-02,-7.693289518356323242e-01,-1.987759709358215332e+00,-5.377961397171020508e-01
1.352707028388977051e+00,-3.809187412261962891e-01,-1.045695543289184570e+00,-1.068152189254760742e+00,4.668034613132476807e-01,-6.291035562753677368e-02,1.361905336380004883e+00,-1.295347690582275391e+00,9.603267908096313477e-01,-1.722803354263305664e+00,4.377053976058959961e-01,-1.119309514760971069e-01,9.503961205482482910e-01
-1.126612663269042969e+00,6.738019585609436035e-01,7.432161569595336914e-01,9.681568741798400879e-01,-4.278730452060699463e-01,-8.256512880325317383e-01,-1.241666316986083984e+00,-1.883348673582077026e-01,-3.051471114158630371e-01,1.996323466300964355e+00,-2.368108332157135010e-01,-1.012234389781951904e-01,-7.467175126075744629e-01
6.732574701309204102e-01,-4.419258609414100647e-02,-7.741246819496154785e-01,-2.471151947975158691e-01,1.517308503389358521e-01,-1.638426423072814941e+00,8.098755478858947754e-01,1.023570537567138672e+00,-4.044617712497711182e-01,-1.615673005580902100e-01,3.574742972850799561e-01,1.835865974426269531e+00,3.322849571704864502e-01
-2.234292745590209961e+00,-1.296799421310424805e+00,3.613148331642150879e-01,2.112929344177246094e+00,-1.247845768928527832e+00,2.402060627937316895e-01,-1.598749399185180664e+00,1.336523413658142090e+00,9.591959118843078613e-01,1.467085003852844238e+00,6.413790583610534668e-01,-3.458066880702972412e-01,-5.765253305435180664e-01
-9.823473095893859863e-01,3.959207534790039062e-01,6.376892924308776855e-01,5.266598463058471680e-01,3.366908431053161621e-01,-7.649033069610595703e-01,-1.387355327606201172e+00,-5.003919005393981934e-01,3.730988204479217529e-01,7.041705250740051270e-01,-2.200087346136569977e-02,8.167368173599243164e-01,5.282768514007329941e-03
8.804305791854858398e-01,1.157339453697204590e+00,-5.208988785743713379e-01,1.033746480941772461e+00,5.234479904174804688e-01,-5.256267189979553223e-01,9.763656854629516602e-01,-7.025566697120666504e-01,-7.808893322944641113e-01,-3.591547161340713501e-02,-1.368656635284423828e+00,6.052317619323730469e-01,9.992451071739196777e-01
4.037437736988067627e-01,9.279998540878295898e-01,7.072343230247497559e-01,-1.458397269248962402e+00,1.055571794509887695e+00,-2.192959636449813843e-01,-5.425816774368286133e-02,-5.437883734703063965e-01,2.359428256750106812e-01,7.886217534542083740e-02,-1.166217446327209473e+00,2.289643049240112305e+00,1.748939752578735352e-01
2.577082216739654541e-01,8.986605703830718994e-02,-1.085394740104675293e+00,-1.244800165295600891e-01,4.923468828201293945e-01,-1.255364060401916504e+00,8.849527835845947266e-01,8.805415034294128418e-02,1.081418991088867188e-01,6.487535238265991211e-01,5.375335812568664551e-01,-1.135913133621215820e+00,8.576951026916503906e-01
-2.378674596548080444e-01,7.220084071159362793e-01,7.718499302864074707e-01,3.234303593635559082e-01,-7.671702504158020020e-01,1.372615098953247070e-01,-1.302795052528381348e+00,-8.719241023063659668e-01,-1.333986878395080566e+00,5.975270271301269531e-02,5.565316602587699890e-02,-1.479626059532165527e+00,5.241790413856506348e-01
9.274497032165527344e-01,1.126677393913269043e+00,-2.986330166459083557e-02,5.631219148635864258e-01,1.194894462823867798e-01,5.714062452316284180e-01,9.921240806579589844e-01,-4.143213331699371338e-01,-6.671316027641296387e-01,-9.197870492935180664e-01,-1.776073336601257324e+00,1.224788665771484375e+00,3.875830471515655518e-01
-3.674786984920501709e-01,6.011866331100463867e-01,-3.411203026771545410e-01,2.929123640060424805e-01,1.457312554121017456e-01,1.777888298034667969e+00,-5.929770320653915405e-02,-1.154170989990234375e+00,2.572218477725982666e-01,-3.956946134567260742e-01,-2.589066028594970703e-01,2.424601316452026367e-01,6.803771257400512695e-01
-6.658890247344970703e-01,7.371831536293029785e-01,6.358583569526672363e-01,-5.599416494369506836e-01,1.211499094963073730e+00,1.072173595428466797e+00,-1.510439515113830566e+00,-4.420855939388275146e-01,1.882675170898437500e+00,8.651003241539001465e-02,-1.852921366691589355e+00,5.478696897625923157e-02,5.116636753082275391e-01
-1.160311222076416016e+00,5.395616963505744934e-02,3.699905574321746826e-01,9.802038967609405518e-02,-1.488797903060913086e+00,-6.758859157562255859e-01,-9.159657955169677734e-01,5.222312211990356445e-01,-1.859937235713005066e-02,9.769207984209060669e-02,-3.419450223445892334e-01,-1.111886501312255859e+00,-9.405314326286315918e-01
-1.196089148521423340e+00,-1.115647077560424805e+00,4.712618887424468994e-01,3.621071875095367432e-01,9.015443921089172363e-01,5.175331830978393555e-01,-9.399219751358032227e-01,1.144454598426818848e+00,1.225288271903991699e+00,7.384901046752929688e-01,9.343218803405761719e-01,-5.094144344329833984e-01,-3.106100261211395264e-01
-7.583173364400863647e-02,9.465374350547790527e-01,-4.521550536155700684e-01,1.182190775871276855e+00,-1.104198694229125977e+00,1.698917031288146973e+00,-3.305052220821380615e-01,-7.632809877395629883e-01,-1.595761060714721680e+00,-7.377970218658447266e-01,-6.015586853027343750e-01,8.658189177513122559e-01,-9.798502326011657715e-01
-1.949918419122695923e-01,2.770320177078247070e-01,3.736446797847747803e-01,-2.402218803763389587e-02,-3.942590206861495972e-02,3.779590725898742676e-01,5.630794167518615723e-01,4.793167710304260254e-01,6.295020580291748047e-01,-1.630064398050308228e-01,-6.319124698638916016e-01,-1.846053719520568848e+00,3.749533295631408691e-01
-1.237422879785299301e-02,2.445207685232162476e-01,1.121022582054138184e+00,1.323891043663024902e+00,1.365355730056762695e+00,-7.586793303489685059e-01,-7.797635197639465332e-01,-1.679259181022644043e+00,1.489265203475952148e+00,8.530695438385009766e-01,2.896560430526733398e-01,-7.120550870895385742e-01,-9.819334149360656738e-01
-7.401707172393798828e-01,-7.664681077003479004e-01,-4.381138086318969727e-01,-7.346152067184448242e-01,-4.112675320357084274e-03,2.566874623298645020e-01,-4.097530245780944824e-01,1.582331657409667969e-01,9.291087836027145386e-02,-2.012417614459991455e-01,1.263346791267395020e+00,-1.963055431842803955e-01,9.262356162071228027e-01
1.710371613502502441e+00,7.762547135353088379e-01,-1.382854104042053223e+00,6.251998543739318848e-01,1.862698078155517578e+00,-1.300546973943710327e-01,-4.863713681697845459e-01,-8.127906322479248047e-01,-1.093225717544555664e+00,-1.091322898864746094e+00,3.231566250324249268e-01,4.274069070816040039e-01,1.278899759054183960e-01
-4.715784788131713867e-01,-2.167863130569458008e+00,9.679296016693115234e-01,-3.571393191814422607e-01,8.200647234916687012e-01,1.061994314193725586e+00,8.176580667495727539e-01,2.125204563140869141e+00,1.510816216468811035e+00,8.611005544662475586e-01,8.537442684173583984e-01,-3.920827209949493408e-01,-9.826311469078063965e-01
-5.737959146499633789e-01,7.026208043098449707e-01,-6.456161290407180786e-02,1.472112894058227539e+00,-1.335050106048583984e+00,-1.181284308433532715e+00,1.137374281883239746e+00,6.820716857910156250e-01,2.723500430583953857e-01,2.127246379852294922e+00,-1.407537460327148438e+00,6.067360639572143555e-01,-4.745304286479949951e-01
1.235664248466491699e+00,1.045467495918273926e+00,-1.142409801483154297e+00,9.841570854187011719e-01,1.336653828620910645e+00,-8.454451560974121094e-01,1.311436772346496582e+00,1.588616728782653809e+00,-4.992709159851074219e-01,3.500781357288360596e-01,-1.716532588005065918e+00,8.787478208541870117e-01,-8.591819405555725098e-01
-7.230808138847351074e-01,6.903562545776367188e-01,1.233476400375366211e+00,1.158568382263183594e+00,-1.693738818168640137e+00,-9.985051751136779785e-01,1.540536880493164062e-01,-1.729317009449005127e-01,2.136059403419494629e-01,8.196083903312683105e-01,-1.544475078582763672e+00,1.943531632423400879e+00,-9.994161128997802734e-01
-5.561429262161254883e-01,6.846190690994262695e-01,3.862015902996063232e-01,-4.327175915241241455e-01,-1.063855290412902832e+00,-8.775901794433593750e-02,-6.617272645235061646e-02,2.045142889022827148e+00,-9.054298996925354004e-01,6.478646993637084961e-01,-1.246510386466979980e+00,-7.846752405166625977e-01,-7.948054075241088867e-01
8.732988238334655762e-01,9.703055620193481445e-01,-4.886077344417572021e-01,-2.573563158512115479e-01,7.577936649322509766e-01,-1.581361770629882812e+00,-1.549097299575805664e-01,7.105551362037658691e-01,-1.044525027275085449e+00,-5.279406309127807617e-01,-1.284201145172119141e+00,7.468664050102233887e-01,-9.998620152473449707e-01
-1.687669195234775543e-02,8.480221033096313477e-01,5.443928837776184082e-01,1.917460560798645020e-01,-8.889607340097427368e-02,1.184678912162780762e+00,9.528616666793823242e-01,-3.585097491741180420e-01,1.131645292043685913e-01,-7.366068661212921143e-02,-1.233113646507263184e+00,1.213968992233276367e+00,-1.525838859379291534e-02
1.170459613204002380e-01,6.778644323348999023e-01,-1.640261888504028320e+00,-6.572033166885375977e-01,-7.867268919944763184e-01,-1.995979428291320801e+00,9.509153962135314941e-01,7.925240993499755859e-01,-7.379996180534362793e-01,1.387143135070800781e+00,-6.728116273880004883e-01,-5.534827113151550293e-01,9.898332357406616211e-01
-9.634504914283752441e-01,-6.819021105766296387e-01,-6.020439267158508301e-01,-1.130965828895568848e+00,-1.797549962997436523e+00,1.189180970191955566e+00,-2.545717656612396240e-01,-2.174228280782699585e-01,-1.495590806007385254e-01,-8.901326656341552734e-01,7.729761600494384766e-01,-4.267623722553253174e-01,9.795975685119628906e-01
-6.307916641235351562e-01,-3.725104331970214844e-01,9.944736957550048828e-01,1.072227239608764648e+00,1.124191522598266602e+00,2.409939169883728027e-01,-9.246569871902465820e-01,-1.847814917564392090e-01,1.955695867538452148e+00,6.549809128046035767e-02,1.221323534846305847e-01,2.311598539352416992e+00,-9.999921321868896484e-01
-6.343080401420593262e-01,-2.335803508758544922e+00,1.772293895483016968e-01,1.773174762725830078e+00,-5.016950964927673340e-01,1.743137538433074951e-01,2.169974148273468018e-01,-9.540138244628906250e-01,4.782991409301757812e-01,5.424603223800659180e-01,2.218425989151000977e+00,4.819959700107574463e-01,-9.752108454704284668e-01
-3.489214479923248291e-01,4.138546586036682129e-01,1.151465058326721191e+00,-3.945001065731048584e-01,1.076565504074096680e+00,5.754712820053100586e-01,-2.571755647659301758e+00,8.684177398681640625e-01,8.844418525695800781e-01,-3.255159854888916016e-01,-1.122148394584655762e+00,-1.726515054702758789e+00,-9.496895968914031982e-02
3.401017189025878906e-01,-1.233441829681396484e-01,-1.120885014533996582e-01,1.100335717201232910e+00,-4.238668188918381929e-04,-9.061324000358581543e-01,1.318144440650939941e+00,-7.205970883369445801e-01,9.718758463859558105e-01,-4.760560393333435059e-01,5.854557827115058899e-02,-1.805841773748397827e-01,-8.827993273735046387e-01
-1.513153672218322754e+00,-2.042001962661743164e+00,5.438457131385803223e-01,-1.464273929595947266e+00,-2.349262237548828125e-01,7.956389784812927246e-01,-2.210258245468139648e+00,2.593242526054382324e-01,1.407582402229309082e+00,-7.265236973762512207e-01,7.030039429664611816e-01,-1.846642792224884033e-01,-1.517299115657806396e-01
5.748022794723510742e-01,1.037270069122314453e+00,1.307137846946716309e+00,6.092181429266929626e-03,-1.799354702234268188e-01,5.752288103103637695e-01,-9.619808197021484375e-01,-2.926777839660644531e+00,-5.011974573135375977e-01,-3.519285097718238831e-02,-5.962207317352294922e-01,-1.427989602088928223e+00,-2.218334525823593140e-01
-1.620489805936813354e-01,-1.407124102115631104e-01,4.949616193771362305e-01,-2.814384222030639648e+00,1.038315773010253906e+00,-4.653542935848236084e-01,-1.475150108337402344e+00,1.350058674812316895e+00,-3.745966777205467224e-02,-5.568928122520446777e-01,3.574079871177673340e-01,-6.060587242245674133e-02,1.765649616718292236e-01
-5.052033066749572754e-01,-3.343961238861083984e-01,3.635308146476745605e-02,6.311581730842590332e-01,-9.010808914899826050e-02,-1.164268136024475098e+00,1.120533108711242676e+00,7.086817920207977295e-02,1.419404149055480957e+00,8.817331194877624512e-01,8.040166646242141724e-02,2.440533488988876343e-01,-6.802585721015930176e-01
2.874656580388545990e-02,6.943368911743164062e-01,7.901970148086547852e-01,1.032752394676208496e+00,1.191205501556396484e+00,-1.107486248016357422e+00,-1.002328515052795410e+00,-9.835572242736816406e-01,9.991717338562011719e-01,2.194025665521621704e-01,-9.037541747093200684e-01,1.458207726478576660e+00,-3.845250606536865234e-01
-2.215337706729769707e-03,6.942611336708068848e-01,9.766563773155212402e-02,2.064280986785888672e+00,-1.649871110916137695e+00,1.483739137649536133e+00,7.906651496887207031e-01,2.334932237863540649e-01,-8.545252084732055664e-01,-9.746561646461486816e-01,-1.112055301666259766e+00,-3.086273968219757080e-01,5.172007083892822266e-01
1.008658289909362793e+00,-2.202145099639892578e+00,7.044479846954345703e-01,-2.977080643177032471e-01,3.777240514755249023e-01,2.473386228084564209e-01,7.500433921813964844e-01,4.384835958480834961e-01,1.887585669755935669e-01,-1.658902019262313843e-01,1.841499447822570801e+00,-2.799730062484741211e+00,9.904519915580749512e-01
-4.421243444085121155e-02,-3.171908855438232422e-01,-9.306938201189041138e-02,8.755284547805786133e-01,-4.667217731475830078e-01,4.794537425041198730e-01,1.489790081977844238e+00,5.681706219911575317e-02,6.856542825698852539e-01,-2.658442556858062744e-01,2.700444757938385010e-01,-1.041076898574829102e+00,-4.995283782482147217e-01
-5.283826589584350586e-01,-3.100806713104248047e+00,6.660808324813842773e-01,1.932815194129943848e+00,2.622202932834625244e-01,1.432250380516052246e+00,6.144754886627197266e-01,1.608246326446533203e+00,1.304776906967163086e+00,-2.509438693523406982e-01,8.593627214431762695e-01,-1.325218379497528076e-01,-4.955799579620361328e-01
5.168118476867675781e-01,9.425829052925109863e-01,1.666535884141921997e-01,3.014328181743621826e-01,-7.455445826053619385e-02,9.958331584930419922e-01,1.695919185876846313e-01,6.832708716392517090e-01,-1.070618748664855957e+00,-9.090169072151184082e-01,-1.333606123924255371e+00,-1.299419879913330078e+00,7.873656749725341797e-01
-4.697193503379821777e-01,2.243863046169281006e-01,-2.510566115379333496e-01,1.756165266036987305e+00,-1.200213909149169922e+00,-4.909539818763732910e-01,4.747356176376342773e-01,2.180425643920898438e+00,-2.508194446563720703e-01,2.674557268619537354e-01,-9.404823780059814453e-01,-1.054869890213012695e+00,-9.931532740592956543e-01
-1.451552391052246094e+00,2.408459633588790894e-01,1.971043497323989868e-01,1.096696019172668457e+00,-8.791954517364501953e-01,1.534435898065567017e-01,3.618201017379760742e-01,-4.281536117196083069e-02,4.955476820468902588e-01,1.737498402595520020e+00,8.412241935729980469e-02,3.031061589717864990e-01,6.169156432151794434e-01
2.233436107635498047e+00,8.811268210411071777e-01,-3.202463388442993164e+00,1.138720393180847168e+00,8.231918215751647949e-01,1.733950734138488770e+00,1.000426530838012695e+00,-1.345723867416381836e+00,-7.448710203170776367e-01,-2.124313831329345703e+00,-5.265417695045471191e-01,8.801142126321792603e-02,9.930158257484436035e-01
1.169665813446044922e+00,-1.667933344841003418e+00,-7.495034337043762207e-01,1.043077349662780762e+00,7.293089628219604492e-01,-1.365063905715942383e+00,1.436359405517578125e+00,9.811433553695678711e-01,2.378628104925155640e-01,-9.323872625827789307e-02,1.458745360374450684e+00,1.764450430870056152e+00,-9.890365600585937500e-01
1.433998703956604004e+00,1.142734408378601074e+00,-1.480479001998901367e+00,-9.193586707115173340e-01,9.158233404159545898e-01,-6.860845685005187988e-01,1.148115754127502441e+00,3.145213425159454346e-01,-1.389611244201660156e+00,-2.389154434204101562e-01,-1.196213245391845703e+00,4.444630146026611328e-01,9.318019747734069824e-01
-4.279947578907012939e-01,8.067643642425537109e-01,2.051907628774642944e-01,3.839371502399444580e-01,1.333052963018417358e-01,-3.611647784709930420e-01,1.102602854371070862e-01,-1.137970328330993652e+00,6.793265044689178467e-02,8.739222288131713867e-01,-4.979672431945800781e-01,-2.155179716646671295e-02,-4.413340091705322266e-01
1.783560216426849365e-01,-6.862820386886596680e-01,6.008486747741699219e-01,-7.462939023971557617e-01,-4.615955352783203125e-01,-2.614926099777221680e-01,8.861330151557922363e-01,1.246850848197937012e+00,9.809656739234924316e-01,-1.611597537994384766e+00,-5.700108408927917480e-01,6.680139899253845215e-01,7.509817928075790405e-02
-3.640994429588317871e-01,-7.746686339378356934e-01,4.242470562458038330e-01,1.641785860061645508e+00,-4.633037745952606201e-02,3.791626393795013428e-01,4.152113199234008789e-01,1.245815157890319824e+00,-5.546054989099502563e-02,1.212396979331970215e+00,1.388568401336669922e+00,-1.516767859458923340e+00,-8.774812817573547363e-01
-1.121342539787292480e+00,-1.123435854911804199e+00,8.776371479034423828e-01,5.069697499275207520e-01,3.396455347537994385e-01,-2.261260896921157837e-01,-1.107053756713867188e+00,-1.257581949234008789e+00,2.207975387573242188e+00,5.389897823333740234e-01,8.153340220451354980e-01,-1.646999120712280273e-01,-9.930264949798583984e-01
4.133541882038116455e-01,-7.747492790222167969e-01,1.499359965324401855e+00,1.520985484123229980e+00,1.313561201095581055e+00,8.537958860397338867e-01,1.527440100908279419e-01,-1.765753388404846191e+00,1.789305686950683594e+00,2.756202518939971924e-01,1.412125349044799805e+00,-1.358735561370849609e+00,-9.339978694915771484e-01
-7.824470400810241699e-01,4.173401594161987305e-01,2.018839716911315918e-01,-1.244850456714630127e-01,-1.654137730598449707e+00,9.228985905647277832e-01,-4.489954113960266113e-01,2.310322374105453491e-01,-5.153627991676330566e-01,-1.206335067749023438e+00,-7.938877940177917480e-01,1.082893610000610352e+00,-9.267653822898864746e-01
9.029507637023925781e-01,6.571415066719055176e-01,-9.360761046409606934e-01,8.128551840782165527e-01,-1.119939565658569336e+00,-1.850315213203430176e+00,1.378099441528320312e+00,1.117833018302917480e+00,-9.564355611801147461e-01,-4.448193907737731934e-01,-1.247977614402770996e+00,1.563961029052734375e+00,-9.599671363830566406e-01
2.345175445079803467e-01,2.678471505641937256e-01,-1.139947772026062012e+00,1.067694664001464844e+00,7.563680410385131836e-01,1.105752944946289062e+00,-1.838674664497375488e+00,-6.092212796211242676e-01,-4.529040455818176270e-01,-1.617890954017639160e+00,4.715221822261810303e-01,7.279103398323059082e-01,-1.144423112273216248e-01
5.917358398437500000e-01,1.054738998413085938e+00,-6.027834415435791016e-01,3.115684390068054199e-01,-1.398307919502258301e+00,3.500309959053993225e-02,3.744622170925140381e-01,-1.356318593025207520e+00,-1.523042798042297363e+00,-1.013434648513793945e+00,-1.189820170402526855e+00,-5.213204026222229004e-01,-7.782569527626037598e-01
6.192712187767028809e-01,-1.853776276111602783e-01,1.110976263880729675e-01,4.392470121383666992e-01,1.121914863586425781e+00,8.030464500188827515e-02,9.717689156532287598e-01,3.211835622787475586e-01,8.885408639907836914e-01,-6.459885090589523315e-02,3.765527307987213135e-01,-2.078919649124145508e+00,-9.987529516220092773e-01
-8.893110752105712891e-01,-1.738442540168762207e+00,4.231950640678405762e-01,5.630868077278137207e-01,-6.743186712265014648e-01,1.126581549644470215e+00,-7.383711338043212891e-01,-2.830363512039184570e-01,-3.005524873733520508e-01,4.666814506053924561e-01,2.381949186325073242e+00,6.455582976341247559e-01,-7.193547487258911133e-01
-4.753666818141937256e-01,2.433004677295684814e-01,1.452350169420242310e-01,-3.455876410007476807e-01,2.252186983823776245e-01,-4.402101933956146240e-01,-1.015333652496337891e+00,-9.915344119071960449e-01,7.046525478363037109e-01,-8.349562287330627441e-01,-2.363350540399551392e-01,5.143686532974243164e-01,-4.571753144264221191e-01
8.497411608695983887e-01,-5.880199670791625977e-01,-2.322842359542846680e+00,-4.871116280555725098e-01,-8.094429373741149902e-01,-8.143494129180908203e-01,1.238362789154052734e+00,1.224288821220397949e+00,-7.140915989875793457e-01,-1.557016015052795410e+00,4.299987256526947021e-01,3.081662021577358246e-02,8.468906283378601074e-01
-1.469418965280056000e-02,1.994108110666275024e-01,1.744325757026672363e-01,1.837135434150695801e+00,1.752021551132202148e+00,-1.100280415266752243e-02,5.563880801200866699e-01,9.302648901939392090e-01,1.088757872581481934e+00,9.648903012275695801e-01,-1.803668029606342316e-02,1.291482210159301758e+00,2.783031463623046875e-01
3.511124849319458008e-02,-3.846988677978515625e-01,-2.127354145050048828e+00,-1.251415252685546875e+00,-4.444519579410552979e-01,-1.572524905204772949e+00,1.300346136093139648e+00,2.077476739883422852e+00,2.458897829055786133e-01,3.710713684558868408e-01,-1.466862559318542480e-01,-4.468080997467041016e-01,7.484725713729858398e-01
-1.161077022552490234e+00,3.687397241592407227e-01,8.676471710205078125e-01,-5.532705038785934448e-02,-1.190213203430175781e+00,-2.997027337551116943e-01,-5.153521299362182617e-01,-1.851253867149353027e+00,3.989462852478027344e-01,1.428948402404785156e+00,3.089011013507843018e-01,7.317969799041748047e-01,-1.263899505138397217e-01
-1.234804987907409668e+00,-4.088739752769470215e-01,5.746260881423950195e-01,-1.648532986640930176e+00,8.210601210594177246e-01,1.209459781646728516e+00,-9.787599742412567139e-02,3.167297840118408203e-01,1.898020982742309570e+00,1.111402511596679688e+00,3.557393848896026611e-01,-2.863754928112030029e-01,3.706966340541839600e-01
2.180258274078369141e+00,1.152888417243957520e+00,-1.511535763740539551e+00,2.691880054771900177e-02,9.358561635017395020e-01,7.921391129493713379e-01,5.546224117279052734e-01,1.653201282024383545e-01,-2.280774831771850586e+00,-1.092876434326171875e+00,-6.671738624572753906e-01,-9.544509649276733398e-01,5.095208287239074707e-01
-3.634259104728698730e-01,-1.086840033531188965e+00,8.347974419593811035e-01,-1.271677732467651367e+00,1.135524392127990723e+00,-5.719381570816040039e-01,-1.038807511329650879e+00,4.994262754917144775e-01,5.903643965721130371e-01,3.249492347240447998e-01,1.466345071792602539e+00,1.294857382774353027e+00,9.803004860877990723e-01
-2.343218922615051270e-01,-2.581790208816528320e+00,8.148250579833984375e-01,-3.045406818389892578e+00,1.740666389465332031e+00,4.594656825065612793e-01,-1.291625738143920898e+00,7.133783698081970215e-01,1.723644137382507324e+00,-4.196877777576446533e-01,1.123378992080688477e+00,-1.153291463851928711e+00,9.437859654426574707e-01
-3.289535045623779297e-01,-4.631783664226531982e-01,3.638796508312225342e-01,3.097690045833587646e-01,8.974518775939941406e-01,1.293686866760253906e+00,-3.820175826549530029e-01,-3.192704319953918457e-01,2.253177762031555176e-01,5.949939489364624023e-01,1.761090397834777832e+00,-2.839846312999725342e-01,-1.373249385505914688e-02
-1.645289659500122070e+00,-3.955930769443511963e-01,5.182719230651855469e-01,5.524700880050659180e-01,-1.397804766893386841e-01,6.653834581375122070e-01,-1.278556942939758301e+00,-2.708666324615478516e-01,5.626972317695617676e-01,1.415880799293518066e+00,1.256762385368347168e+00,-2.455587983131408691e-01,-6.509625911712646484e-01
7.205501794815063477e-01,5.280872583389282227e-01,-5.470384359359741211e-01,1.183067083358764648e+00,-6.525115966796875000e-01,-2.185478210449218750e+00,2.658895552158355713e-01,9.729188084602355957e-01,-8.406575322151184082e-01,-1.018244504928588867e+00,-1.035423874855041504e+00,8.037805557250976562e-01,9.151839017868041992e-01
-1.831194519996643066e+00,-1.148532152175903320e+00,3.729372620582580566e-01,5.984869226813316345e-02,-1.301158815622329712e-01,9.766476750373840332e-01,-4.049881994724273682e-01,1.303342461585998535e+00,1.422959446907043457e+00,1.173341512680053711e+00,6.189344525337219238e-01,2.225381731986999512e-01,6.833091378211975098e-01
1.022104144096374512e+00,9.585292935371398926e-01,-2.477767616510391235e-01,-1.609104126691818237e-01,1.164384007453918457e+00,-1.990332961082458496e+00,1.504918485879898071e-01,-3.846039995551109314e-02,-9.996386766433715820e-01,1.759644150733947754e+00,-2.264856994152069092e-01,-3.474005311727523804e-02,9.845249056816101074e-01
-5.123766064643859863e-01,3.083959817886352539e-01,1.011995673179626465e+00,2.150854825973510742e+00,8.714168071746826172e-01,1.871375083923339844e+00,2.234929949045181274e-01,6.913329958915710449e-01,2.851866781711578369e-01,1.276995420455932617e+00,4.103669524192810059e-01,8.203506469726562500e-01,-9.839697480201721191e-01
-7.849987745285034180e-01,-8.596794605255126953e-01,8.865606784820556641e-01,1.317995190620422363e+00,1.368731141090393066e+00,1.658413410186767578e-01,-1.043963789939880371e+00,-1.136765241622924805e+00,2.019064426422119141e+00,1.096664309501647949e+00,1.319666385650634766e+00,5.595821738243103027e-01,-9.676305055618286133e-01
8.676846623420715332e-01,-1.987027406692504883e+00,-8.459738492965698242e-01,-2.953493893146514893e-01,9.246329665184020996e-01,-8.363880515098571777e-01,-1.684966683387756348e-01,-2.967912852764129639e-01,6.001959443092346191e-01,-1.286676049232482910e+00,1.471406579017639160e+00,-1.405362486839294434e+00,9.764378666877746582e-01
-7.780454158782958984e-01,3.020343780517578125e-01,9.820933938026428223e-01,-8.436357975006103516e-01,-1.633658528327941895e+00,1.853871464729309082e+00,1.487013101577758789e-01,5.549063086509704590e-01,-8.329040408134460449e-01,1.063636243343353271e-01,8.738277852535247803e-02,1.931991815567016602e+00,9.981026649475097656e-01
8.140228390693664551e-01,6.225717663764953613e-01,-8.046160340309143066e-01,8.349167704582214355e-01,-5.427826046943664551e-01,9.286056160926818848e-01,-1.102819800376892090e+00,-2.446065992116928101e-01,-2.523558139801025391e+00,-9.828051924705505371e-01,8.406923413276672363e-01,3.091189265251159668e-01,-8.171223402023315430e-01
-6.524553298950195312e-01,-3.615652918815612793e-01,-2.863648831844329834e-01,6.381019949913024902e-01,-1.852455288171768188e-01,-6.316148042678833008e-01,5.726206302642822266e-01,-2.344574220478534698e-02,3.783357441425323486e-01,1.427885174751281738e+00,1.093399763107299805e+00,-7.752276659011840820e-01,-9.977759718894958496e-01
-4.115466400980949402e-02,9.851300120353698730e-01,9.883880615234375000e-01,-3.289797008037567139e-01,-5.730899572372436523e-01,1.146944999694824219e+00,-7.623114585876464844e-01,5.958614945411682129e-01,-1.125665783882141113e+00,-4.345329701900482178e-01,-1.511235952377319336e+00,-1.622756481170654297e+00,9.127637743949890137e-01
1.353681832551956177e-01,-1.333987593650817871e+00,-1.909962177276611328e+00,1.705472350120544434e+00,2.366932481527328491e-01,-1.270211696624755859e+00,1.255939006805419922e+00,1.724453806877136230e+00,5.690382719039916992e-01,4.222862422466278076e-01,7.638502717018127441e-01,-8.397631645202636719e-01,9.870570302009582520e-01
2.219178438186645508e+00,1.160364151000976562e+00,-7.811883091926574707e-01,1.152449011802673340e+00,2.094105720520019531e+00,-1.313552379608154297e+00,3.694537281990051270e-01,-5.224718451499938965e-01,-4.985304176807403564e-01,-4.372852742671966553e-01,-1.387896418571472168e+00,-1.899554967880249023e+00,1.238950416445732117e-01
1.589839458465576172e-01,6.940233111381530762e-01,4.390991628170013428e-01,-1.020997643470764160e+00,1.379621505737304688e+00,8.199071884155273438e-01,1.077767014503479004e+00,-2.748439013957977295e-01,7.160228490829467773e-01,1.585346698760986328e+00,-2.034693956375122070e-01,1.983765661716461182e-01,-9.035091996192932129e-01
-3.762673139572143555e-01,7.743822336196899414e-01,2.058258503675460815e-01,7.730785012245178223e-01,3.038259148597717285e-01,1.329979419708251953e+00,-1.057932853698730469e+00,-2.037721127271652222e-01,-9.288172125816345215e-01,1.716722548007965088e-01,-6.537415832281112671e-02,-7.727707624435424805e-01,-9.076665639877319336e-01
4.353922903537750244e-01,8.473163843154907227e-01,1.357741951942443848e+00,1.414755731821060181e-02,5.583397746086120605e-01,-8.450472950935363770e-01,-9.363587498664855957e-01,-1.463839769363403320e+00,-9.852618575096130371e-01,1.209887027740478516e+00,3.106029927730560303e-01,-9.532986879348754883e-01,-4.760182797908782959e-01
-1.481945395469665527e+00,-2.844293713569641113e-01,6.141047477722167969e-01,-2.441328316926956177e-01,5.651913285255432129e-01,9.763965606689453125e-01,-1.055350542068481445e+00,1.734057307243347168e+00,1.145037055015563965e+00,8.211612701416015625e-01,-8.514359593391418457e-03,1.292820811271667480e+00,9.405375719070434570e-01
-9.836499094963073730e-01,1.034863948822021484e+00,7.032269239425659180e-01,7.828921675682067871e-01,-2.283201515674591064e-01,3.397932648658752441e-01,-5.874992012977600098e-01,-5.314747095108032227e-01,8.917102813720703125e-01,1.433784365653991699e+00,-2.264081001281738281e+00,1.321882009506225586e-01,-2.348503917455673218e-01
8.489703536033630371e-01,3.065086603164672852e-01,-1.075501084327697754e+00,-1.522927403450012207e+00,8.992102742195129395e-01,3.522116541862487793e-01,1.290885567665100098e+00,3.149281069636344910e-02,3.838313221931457520e-01,-1.066242814064025879e+00,-2.444596886634826660e-01,-3.328014016151428223e-01,9.906595349311828613e-01
-1.094732284545898438e+00,1.064463108777999878e-01,9.492406249046325684e-01,-2.035823091864585876e-02,4.451631307601928711e-01,1.604496836662292480e-01,-2.433099031448364258e+00,1.904362797737121582e+00,1.121669560670852661e-01,5.361665487289428711e-01,-2.171267569065093994e-01,5.256440117955207825e-02,-5.778309106826782227e-01
-1.333933234214782715e+00,1.792257726192474365e-01,6.365121603012084961e-01,-9.442169666290283203e-01,-1.439660668373107910e+00,1.199895381927490234e+00,1.335816383361816406e-01,-9.233762025833129883e-01,1.627736836671829224e-01,1.069630622863769531e+00,4.779127240180969238e-01,-4.295080006122589111e-01,-1.128730326890945435e-01
-1.378036737442016602e+00,-2.547859191894531250e+00,9.783456325531005859e-01,-2.318868972361087799e-02,-1.577615141868591309e-01,1.518471717834472656e+00,-1.041048884391784668e+00,-1.342767715454101562e+00,1.450577497482299805e+00,1.411125421524047852e+00,2.260506868362426758e+00,-3.553967177867889404e-01,-5.640208125114440918e-01
-2.081311792135238647e-01,8.358444571495056152e-01,2.601581215858459473e-01,-1.398032903671264648e-01,8.188466429710388184e-01,5.929970145225524902e-01,7.760708928108215332e-01,1.533157110214233398e+00,1.459870040416717529e-01,2.056536674499511719e+00,-1.052474260330200195e+00,-1.816138178110122681e-01,1.960420794785022736e-02
-1.782682538032531738e-01,-1.707083821296691895e+00,-1.198319792747497559e+00,-3.877524733543395996e-01,-2.859436273574829102e-01,-1.161721348762512207e+00,8.385403156280517578e-01,4.012696743011474609e-01,2.943478524684906006e-01,1.869627833366394043e-01,1.418613553047180176e+00,-7.387223094701766968e-02,8.630779981613159180e-01
2.292951494455337524e-01,7.912642359733581543e-01,8.886620998382568359e-01,-2.205228090286254883e+00,1.183459758758544922e+00,1.468972802162170410e+00,3.385025262832641602e-01,9.236413240432739258e-01,1.832149475812911987e-01,2.994096875190734863e-01,-9.943535327911376953e-01,1.970319271087646484e+00,2.803754508495330811e-01
-6.522278189659118652e-01,1.584598422050476074e-01,6.489073038101196289e-01,-1.928174376487731934e+00,-1.318554639816284180e+00,-1.407083153724670410e+00,-1.030662059783935547e+00,-3.501973152160644531e-01,-4.822879731655120850e-01,-3.139612972736358643e-01,5.343410000205039978e-02,9.693253040313720703e-01,9.999660253524780273e-01
-9.798545241355895996e-01,7.028125524520874023e-01,8.525899052619934082e-01,-1.472772836685180664e+00,-1.562832117080688477e+00,1.333842277526855469e+00,-8.299300819635391235e-02,-8.203492499887943268e-03,2.626969479024410248e-03,7.782444357872009277e-02,-1.353730559349060059e+00,-9.713321924209594727e-01,9.434602260589599609e-01
-1.112585544586181641e+00,-7.672527432441711426e-01,7.816093564033508301e-01,-1.450817942619323730e+00,9.692497253417968750e-01,-1.039839982986450195e+00,-1.131378173828125000e+00,-7.683463394641876221e-02,2.122240304946899414e+00,1.445500850677490234e+00,5.901365876197814941e-01,5.512939095497131348e-01,-9.792643189430236816e-01
6.410196423530578613e-01,7.298628091812133789e-01,-3.855651021003723145e-01,9.779462218284606934e-01,-8.596360683441162109e-01,-7.742372155189514160e-01,1.264146089553833008e+00,1.079561114311218262e+00,-2.787150740623474121e-01,-9.054674506187438965e-01,-1.898817300796508789e+00,-9.774935841560363770e-01,-8.509786128997802734e-01
-6.009110212326049805e-01,-4.532031118869781494e-01,-1.988423168659210205e-01,1.070295333862304688e+00,-2.013877391815185547e+00,8.131250143051147461e-01,6.808368563652038574e-01,-4.933094978332519531e-01,-2.029800415039062500e-01,-6.830941438674926758e-01,6.739664077758789062e-01,1.239224553108215332e+00,9.509221911430358887e-01
4.499027729034423828e-01,4.120101332664489746e-01,8.241274356842041016e-01,-1.184082865715026855e+00,-1.735178083181381226e-01,-8.211295604705810547e-01,1.144809126853942871e+00,-7.615360021591186523e-01,6.238026618957519531e-01,-5.878224372863769531e-01,-7.090510725975036621e-01,1.440455436706542969e+00,9.683393873274326324e-03
1.315655946731567383e+00,4.352607429027557373e-01,2.266538441181182861e-01,-9.278118014335632324e-01,1.564480423927307129e+00,4.621477723121643066e-01,3.842343986034393311e-01,-2.047478914260864258e+00,9.722770452499389648e-01,-7.129862904548645020e-01,1.868923753499984741e-01,-1.292432785034179688e+00,-8.945915699005126953e-01
1.951503902673721313e-01,1.655845940113067627e-01,-7.111306190490722656e-01,5.270487070083618164e-02,5.557819604873657227e-01,1.905409991741180420e-01,1.150642514228820801e+00,4.553290009498596191e-01,-2.605782449245452881e-01,4.444307386875152588e-01,6.861004829406738281e-01,-1.723318248987197876e-01,-9.167696535587310791e-02
-3.736653923988342285e-01,4.390659630298614502e-01,4.954582452774047852e-01,7.897627353668212891e-01,-7.465881761163473129e-03,-5.051152110099792480e-01,-4.756627380847930908e-01,2.413667738437652588e-01,9.547904133796691895e-01,-4.804205596446990967e-01,-1.334542274475097656e+00,-1.484126210212707520e+00,6.503117680549621582e-01
-7.694110870361328125e-01,-8.330401033163070679e-02,2.298511192202568054e-02,5.660197734832763672e-01,-9.385707974433898926e-01,-4.996772408485412598e-01,-2.943488657474517822e-01,7.902225852012634277e-01,-1.001257061958312988e+00,8.248055577278137207e-01,1.001996278762817383e+00,5.042504668235778809e-01,-9.435230493545532227e-01
-6.649283170700073242e-01,9.013124108314514160e-01,9.121223688125610352e-01,-3.201716542243957520e-01,-1.256760120391845703e+00,4.582200944423675537e-01,-6.917720437049865723e-01,-2.639132142066955566e-01,-1.853882789611816406e+00,1.200901269912719727e+00,-1.219145432114601135e-01,7.905313372611999512e-01,8.604766726493835449e-01
3.178052008152008057e-01,-1.786972284317016602e+00,-3.310131430625915527e-01,-1.845739841461181641e+00,1.984038352966308594e-01,-6.400352716445922852e-01,-1.003282785415649414e+00,-8.274649977684020996e-01,9.538432359695434570e-01,-2.010977506637573242e+00,9.260834455490112305e-01,4.245100021362304688e-01,9.939368963241577148e-01
-1.686295390129089355e+00,-1.219466105103492737e-01,5.235206484794616699e-01,9.477823376655578613e-01,-1.534591555595397949e+00,7.635042667388916016e-01,-1.322063446044921875e+00,8.458773493766784668e-01,-7.103720903396606445e-01,9.868033528327941895e-01,7.518206834793090820e-01,1.966838240623474121e-01,-8.860524892807006836e-01
8.194459080696105957e-01,-2.039398670196533203e+00,3.162690401077270508e-01,-3.704451769590377808e-02,1.180901765823364258e+00,3.569138944149017334e-01,5.749341249465942383e-01,-1.282611727714538574e+00,1.778372645378112793e+00,-8.085669279098510742e-01,1.409957170486450195e+00,-1.240601897239685059e+00,-5.500168204307556152e-01
-5.717641115188598633e-01,-1.291181612759828568e-02,-5.906299129128456116e-02,1.003838777542114258e+00,-8.859603404998779297e-01,-1.098246201872825623e-01,7.571437954902648926e-02,-1.221724748611450195e+00,-3.197660446166992188e-01,4.021651744842529297e-01,1.117904543876647949e+00,-4.018316864967346191e-01,9.451443552970886230e-01
-2.268269509077072144e-01,-3.020427934825420380e-02,1.264350533485412598e+00,-1.961891651153564453e+00,-5.489524602890014648e-01,5.394902229309082031e-01,-9.868454337120056152e-01,-2.549643516540527344e+00,7.953089475631713867e-01,-2.848368585109710693e-01,7.177752852439880371e-01,-1.483776926994323730e+00,-9.715290069580078125e-01
-1.288059949874877930e+00,-2.020272493362426758e+00,2.405910044908523560e-01,-4.510820508003234863e-01,-1.347909688949584961e+00,2.157681882381439209e-01,-5.538898110389709473e-01,1.479959368705749512e+00,5.963807106018066406e-01,-6.981224417686462402e-01,3.896771371364593506e-01,-4.601365420967340469e-03,8.430937528610229492e-01
-1.975743412971496582e+00,5.934584513306617737e-02,4.844921827316284180e-01,-9.172958135604858398e-02,-1.210338354110717773e+00,4.189618825912475586e-01,-1.717939257621765137e+00,6.878816485404968262e-01,-1.966029256582260132e-01,1.131057858467102051e+00,3.137696087360382080e-01,6.411979794502258301e-01,9.449485540390014648e-01
-5.915856361389160156e-01,6.775239706039428711e-01,-2.051711268723011017e-02,7.314037084579467773e-01,-1.085005640983581543e+00,3.812816441059112549e-01,-7.323600351810455322e-02,4.750980436801910400e-01,-7.306407094001770020e-01,-4.799849689006805420e-01,-9.852173924446105957e-01,-6.696239709854125977e-01,-9.632928967475891113e-01
-3.650568425655364990e-01,9.489022493362426758e-01,1.018955826759338379e+00,-9.817942380905151367e-01,-1.147715449333190918e+00,-1.111460328102111816e+00,5.393140912055969238e-01,-1.723300367593765259e-01,1.018974632024765015e-01,1.107450485229492188e+00,-1.917520761489868164e+00,1.540114045143127441e+00,2.525309324264526367e-01
-1.460585832595825195e+00,1.116075962781906128e-01,5.466096401214599609e-01,-4.932645559310913086e-01,-6.391429305076599121e-01,1.455519080162048340e+00,-1.614225864410400391e+00,1.168081816285848618e-02,-3.934249579906463623e-01,8.843147754669189453e-01,8.484284281730651855e-01,-5.646612644195556641e-01,-1.475056409835815430e-01
4.251303076744079590e-01,9.636072516441345215e-01,-4.789840579032897949e-01,2.781088352203369141e-01,-3.834060728549957275e-01,3.324296772480010986e-01,5.534200072288513184e-01,-6.418172121047973633e-01,-1.619708180427551270e+00,1.758707165718078613e-01,-2.546567320823669434e-01,-7.071612477302551270e-01,-1.175117492675781250e-02
1.797608137130737305e+00,1.048881053924560547e+00,4.577642381191253662e-01,2.793951332569122314e-01,-1.028858184814453125e+00,-3.844320476055145264e-01,1.994878172874450684e+00,-2.148952245712280273e+00,-9.910697937011718750e-01,-4.652076959609985352e-01,-9.655357003211975098e-01,-9.719836115837097168e-01,2.552960216999053955e-01
-4.505608677864074707e-01,7.996011376380920410e-01,-6.245813798159360886e-03,8.382164835929870605e-01,-3.381669521331787109e-01,-5.886429548263549805e-01,1.237584128975868225e-01,-4.669699072837829590e-01,-7.972196936607360840e-01,1.025229811668395996e+00,-2.357867211103439331e-01,5.364923477172851562e-01,-7.412930727005004883e-01
1.056063055992126465e+00,9.312745332717895508e-01,6.778034567832946777e-01,-1.963094323873519897e-01,2.342092245817184448e-01,-2.202465057373046875e+00,-7.908756732940673828e-01,7.162968516349792480e-01,-9.563742280006408691e-01,-1.049464106559753418e+00,-1.761406540870666504e+00,-5.276724100112915039e-01,-9.801135063171386719e-01
7.152442634105682373e-02,-8.906600624322891235e-02,8.885194063186645508e-01,-1.416037678718566895e+00,1.854356765747070312e+00,-1.259717106819152832e+00,-8.309893608093261719e-01,-3.530021309852600098e-01,1.420673012733459473e+00,8.139955401420593262e-01,4.979304969310760498e-01,-9.652081131935119629e-01,5.671754851937294006e-02
-5.912143588066101074e-01,1.070518493652343750e+00,4.500869214534759521e-01,-1.141934841871261597e-01,-1.143391337245702744e-02,4.964410364627838135e-01,-1.530534982681274414e+00,9.592802822589874268e-02,-1.038517951965332031e+00,1.996091753244400024e-01,-1.282948732376098633e+00,-3.404485285282135010e-01,9.999698996543884277e-01
1.751246333122253418e+00,-7.896449565887451172e-01,3.212969601154327393e-01,6.626966595649719238e-01,8.691462874412536621e-01,-1.419134140014648438e+00,1.146872401237487793e+00,8.164809942245483398e-01,1.369623541831970215e+00,-2.328415155410766602e+00,-5.392153263092041016e-01,2.773394584655761719e-01,-7.067911028861999512e-01
4.128414690494537354e-01,-8.438753485679626465e-01,-2.875624597072601318e-02,-1.547966003417968750e+00,8.921842575073242188e-01,-2.440768927335739136e-01,-4.171739816665649414e-01,1.993867754936218262e-01,2.020016312599182129e-01,-5.137369632720947266e-01,1.326825261116027832e+00,-1.894255518913269043e+00,2.610207498073577881e-01
-1.447534680366516113e+00,-1.646453142166137695e+00,4.388155341148376465e-01,8.274482935667037964e-02,-2.877698838710784912e-01,3.379964530467987061e-01,-1.777957797050476074e+00,8.501520752906799316e-01,8.205351829528808594e-01,-4.398334622383117676e-01,7.964217662811279297e-01,-1.198853775858879089e-01,-2.938368916511535645e-01
-4.081931412220001221e-01,9.116683602333068848e-01,9.387671351432800293e-01,4.472734332084655762e-01,-1.128979325294494629e+00,2.434504479169845581e-01,-1.197402551770210266e-01,1.878730535507202148e+00,-1.241669058799743652e+00,1.646373987197875977e+00,-1.534637570381164551e+00,-1.010798215866088867e+00,-2.709659039974212646e-01
2.917310476303100586e+00,8.211094737052917480e-01,-2.192022562026977539e+00,-1.218361496925354004e+00,1.552774190902709961e+00,-1.005480140447616577e-01,2.143870830535888672e+00,-1.187191724777221680e+00,-4.046387374401092529e-01,-1.398065567016601562e+00,-3.306586146354675293e-01,5.661277174949645996e-01,9.995535016059875488e-01
-1.689044594764709473e+00,2.797667980194091797e-01,5.772050023078918457e-01,-6.258860826492309570e-01,-1.556806802749633789e+00,1.037229299545288086e+00,-1.523102045059204102e+00,2.532363533973693848e-01,-4.346081614494323730e-01,2.418568283319473267e-01,-6.834300607442855835e-02,1.838458061218261719e+00,7.762277126312255859e-01
2.037927657365798950e-01,7.818100452423095703e-01,-1.010715246200561523e+00,-2.267550677061080933e-01,-5.019167065620422363e-01,1.315136551856994629e-01,-6.621004343032836914e-01,-1.354822039604187012e+00,-1.153244018554687500e+00,-1.194263935089111328e+00,-2.705976068973541260e-01,7.652192711830139160e-01,6.587204337120056152e-01
-1.668900489807128906e+00,-8.139287829399108887e-01,3.859726190567016602e-01,-6.075254082679748535e-01,-9.155591577291488647e-02,9.926553368568420410e-01,-8.843145370483398438e-01,4.746449291706085205e-01,6.940934658050537109e-01,1.174909353256225586e+00,1.252905964851379395e+00,-1.117401868104934692e-01,-4.277627170085906982e-01
6.296070814132690430e-01,8.645219802856445312e-01,4.154365062713623047e-01,-5.739647895097732544e-02,1.100756525993347168e+00,8.447697758674621582e-01,7.914532423019409180e-01,1.097223982214927673e-01,-8.770790100097656250e-01,1.543632864952087402e+00,2.096814811229705811e-01,-3.685532510280609131e-01,-9.658616781234741211e-01
3.107589721679687500e+00,9.955918788909912109e-01,-4.183388233184814453e+00,2.506268501281738281e+00,9.786484241485595703e-01,-1.518586874008178711e+00,1.093939661979675293e+00,-8.517708629369735718e-02,-1.787179708480834961e+00,-2.325253248214721680e+00,-9.727751016616821289e-01,-4.603390991687774658e-01,9.897911548614501953e-01
7.844791412353515625e-01,4.361496865749359131e-01,8.138018250465393066e-01,1.651187688112258911e-01,1.116474509239196777e+00,-9.316640496253967285e-01,-3.153122365474700928e-01,-1.140351057052612305e+00,1.135877251625061035e+00,-1.069365978240966797e+00,-7.274925112724304199e-01,1.709679841995239258e+00,9.437876343727111816e-01
1.857536792755126953e+00,8.415345549583435059e-01,-2.110152244567871094e+00,-1.007362246513366699e+00,1.241780996322631836e+00,-1.432977080345153809e+00,1.431144356727600098e+00,-4.471715092658996582e-01,-1.099731683731079102e+00,3.143310248851776123e-01,1.118972525000572205e-01,-5.683038830757141113e-01,9.965835809707641602e-01
6.957670450210571289e-01,4.174229800701141357e-01,-8.566966652870178223e-01,3.508387207984924316e-01,8.390286564826965332e-01,5.849209427833557129e-01,-1.770734667778015137e+00,2.506101429462432861e-01,-9.831833243370056152e-01,-1.829441547393798828e+00,1.287001818418502808e-01,-2.623737454414367676e-01,-4.469425976276397705e-01
1.626613140106201172e-01,3.749948143959045410e-01,9.796299785375595093e-02,-8.966904282569885254e-01,1.409237027168273926e+00,-1.143300533294677734e+00,1.978204995393753052e-01,-8.783027529716491699e-02,1.285409331321716309e+00,9.819712489843368530e-03,-6.528273820877075195e-01,5.528708100318908691e-01,4.145573079586029053e-01
2.103220939636230469e+00,-6.023530364036560059e-01,-3.051774501800537109e+00,1.417468905448913574e+00,8.195184469223022461e-01,8.588361740112304688e-01,1.501517415046691895e+00,5.222830772399902344e-01,-3.791605234146118164e-01,-2.088916778564453125e+00,1.027058720588684082e+00,-6.583945155143737793e-01,9.594685435295104980e-01
8.756016492843627930e-01,7.022090554237365723e-01,-2.298586219549179077e-01,-1.354576706886291504e+00,-1.084752678871154785e+00,-2.324976205825805664e+00,-1.704628765583038330e-01,9.300929903984069824e-01,-1.538831233978271484e+00,-1.015685915946960449e+00,-1.167973041534423828e+00,4.259384796023368835e-02,-4.523800611495971680e-01
9.129344224929809570e-01,1.003596305847167969e+00,-8.978208154439926147e-02,-1.816947460174560547e-01,3.600110709667205811e-01,1.522423475980758667e-01,1.338143825531005859e+00,-9.039794206619262695e-01,-1.146540164947509766e+00,7.497602105140686035e-01,-1.868230402469635010e-01,5.721203088760375977e-01,-9.815550446510314941e-01
5.656320452690124512e-01,1.049192667007446289e+00,7.086744308471679688e-01,-4.785048067569732666e-01,2.668496370315551758e-01,-1.218867421150207520e+00,-1.326130986213684082e+00,-9.885537624359130859e-01,-7.702523469924926758e-01,-9.421641826629638672e-01,-1.497987389564514160e+00,6.729756593704223633e-01,-8.097180724143981934e-02
-1.231277465820312500e+00,6.854861378669738770e-01,3.309263885021209717e-01,-1.196665167808532715e+00,-1.089094996452331543e+00,1.258563876152038574e+00,-8.289704918861389160e-01,-8.478937745094299316e-01,2.430772632360458374e-01,-2.648091614246368408e-01,-1.072742581367492676e+00,-8.677871525287628174e-02,7.743497490882873535e-01
4.826825559139251709e-01,-4.374994635581970215e-01,4.897177517414093018e-01,-3.952642977237701416e-01,1.615340471267700195e+00,-1.725505709648132324e+00,-5.963478088378906250e-01,2.119970768690109253e-01,4.218773543834686279e-01,4.292668998241424561e-01,1.206500291824340820e+00,-2.177258133888244629e-01,-8.820355534553527832e-01
9.022521376609802246e-01,6.409213542938232422e-01,1.092523217201232910e+00,-9.442973732948303223e-01,1.361377835273742676e+00,-8.284509181976318359e-01,-1.431529074907302856e-01,-2.640382945537567139e-01,1.011282444000244141e+00,-1.002124428749084473e+00,-1.342265248298645020e+00,2.092116594314575195e+00,2.500717043876647949e-01
1.658569931983947754e+00,7.386831641197204590e-01,-2.415643215179443359e+00,-3.305148184299468994e-01,-1.283344149589538574e+00,-3.339059650897979736e-01,1.082574844360351562e+00,-1.431372046470642090e+00,-1.339684844017028809e+00,-2.279239416122436523e+00,-6.532661318778991699e-01,3.662502467632293701e-01,9.873735904693603516e-01
8.835350722074508667e-02,1.775464564561843872e-01,-3.064238131046295166e-01,-1.562927722930908203e+00,-1.024796627461910248e-02,2.034672163426876068e-02,1.133609652519226074e+00,2.248723268508911133e+00,-5.663087368011474609e-01,6.508040428161621094e-01,2.203481830656528473e-02,-2.365046739578247070e-01,6.434376835823059082e-01
2.323728501796722412e-01,1.122779607772827148e+00,3.542560338973999023e-01,-3.182747364044189453e-01,5.116761326789855957e-01,2.586542665958404541e-01,4.224959611892700195e-01,-8.322766423225402832e-01,-9.361003637313842773e-01,1.442481994628906250e+00,-5.854094624519348145e-01,6.190224289894104004e-01,-8.015933036804199219e-01
1.026893615722656250e+00,-5.219904780387878418e-01,-5.392963290214538574e-01,1.494416832923889160e+00,1.400828123092651367e+00,7.701215893030166626e-02,9.624506235122680664e-01,2.670909464359283447e-01,9.123894572257995605e-01,-8.007348775863647461e-01,6.252511739730834961e-01,-1.793134093284606934e+00,9.895122051239013672e-01
1.165910124778747559e+00,1.114269137382507324e+00,9.912163019180297852e-01,1.623031139373779297e+00,-1.866199374198913574e-01,-2.208372503519058228e-01,4.254066944122314453e-01,-2.765203952789306641e+00,-1.069720029830932617e+00,3.848952054977416992e-01,-3.951987028121948242e-01,1.448191881179809570e+00,-6.018533706665039062e-01
-1.119678378105163574e+00,-1.197202205657958984e+00,-2.142839282751083374e-01,1.796036839485168457e+00,-1.243365526199340820e+00,-2.510936371982097626e-02,-5.368391871452331543e-01,-7.906071543693542480e-01,1.928160190582275391e-01,-1.625554412603378296e-01,1.431233525276184082e+00,5.136271119117736816e-01,4.713135659694671631e-01
1.009275466203689575e-01,-3.986747860908508301e-01,9.755855202674865723e-01,-5.077067017555236816e-01,-1.774349570274353027e+00,2.098072767257690430e+00,7.868040800094604492e-01,4.946786910295486450e-03,-1.120823740959167480e+00,-2.085707485675811768e-01,1.481155037879943848e+00,1.780237793922424316e+00,6.683243513107299805e-01
-9.717360138893127441e-01,-3.950868248939514160e-01,2.476678639650344849e-01,-7.776293158531188965e-01,-9.991511106491088867e-01,-7.861360311508178711e-01,-1.218988180160522461e+00,3.842887878417968750e-01,-1.934031248092651367e-01,-4.266103506088256836e-01,4.765724241733551025e-01,-3.278450965881347656e-01,9.565326571464538574e-01
