val_f5_mae,val_f5_rmse,val_f1tof4_w_ae1_latent_mae,val_f1tof4_w_ae1_latent_rmse,total_val_loss,epoch,step,train_f5_mae,train_f5_rmse,train_f1tof4_w_ae1_latent_mae,train_f1tof4_w_ae1_latent_rmse,total_train_loss,l1_weight_loss,l2_weight_loss,l1_bias_loss,l2_bias_loss
191.1455841064453,226.73593139648438,0.8928384780883789,1.1267682313919067,192.03842163085938,0,15,,,,,,,,,
,,,,,0,15,201.40711975097656,237.4209442138672,0.887994647026062,1.1397806406021118,202.3619384765625,0.06682994961738586,0.0,0.0,0.0
191.08993530273438,226.68008422851562,0.8472013473510742,1.0724353790283203,191.9371337890625,1,31,,,,,,,,,
,,,,,1,31,201.3585968017578,242.31533813476562,0.8434054255485535,1.075376272201538,202.2690887451172,0.06707815825939178,0.0,0.0,0.0
191.03457641601562,226.6239013671875,0.8054412603378296,1.0215801000595093,191.8400115966797,2,47,,,,,,,,,
,,,,,2,47,201.3089141845703,241.42568969726562,0.8024917840957642,1.0275102853775024,202.17904663085938,0.06763646006584167,0.0,0.0,0.0
190.97586059570312,226.56442260742188,0.7669122219085693,0.975014865398407,191.74278259277344,3,63,,,,,,,,,
,,,,,3,63,201.25779724121094,242.7056121826172,0.7636681199073792,0.9743025898933411,202.08993530273438,0.0684405267238617,0.0,0.0,0.0
190.9142608642578,226.50186157226562,0.7282437086105347,0.9298843145370483,191.6425018310547,4,79,,,,,,,,,
,,,,,4,79,201.20257568359375,240.7201690673828,0.7240495681762695,0.9353601336479187,201.99606323242188,0.06944747269153595,0.0,0.0,0.0
190.8445587158203,226.431884765625,0.6867245435714722,0.8838464617729187,191.5312957763672,5,95,,,,,,,,,
,,,,,5,95,201.1436767578125,239.29190063476562,0.6843547821044922,0.8930193185806274,201.8988494873047,0.07083569467067719,0.0,0.0,0.0
190.76840209960938,226.35623168945312,0.6426383852958679,0.8382998704910278,191.41102600097656,6,111,,,,,,,,,
,,,,,6,111,201.07945251464844,238.96484375,0.6417717337608337,0.8498587608337402,201.79379272460938,0.0725870281457901,0.0,0.0,0.0
190.68667602539062,226.27481079101562,0.5960634350776672,0.792951762676239,191.28271484375,7,127,,,,,,,,,
,,,,,7,127,201.00787353515625,240.57180786132812,0.597598135471344,0.8016252517700195,201.67996215820312,0.0744863972067833,0.0,0.0,0.0
190.59716796875,226.1873016357422,0.5484398007392883,0.7467994689941406,191.14559936523438,8,143,,,,,,,,,
,,,,,8,143,200.93014526367188,240.04776000976562,0.5550051927566528,0.7566625475883484,201.5616912841797,0.07655069231987,0.0,0.0,0.0
190.50376892089844,226.0956268310547,0.5035188794136047,0.7020195126533508,191.00729370117188,9,159,,,,,,,,,
,,,,,9,159,200.8461151123047,239.85714721679688,0.5120020508766174,0.7151480913162231,201.43685913085938,0.07874136418104172,0.0,0.0,0.0
190.39126586914062,225.98721313476562,0.4606912136077881,0.6604304909706116,190.85195922851562,10,175,,,,,,,,,
,,,,,10,175,200.7595672607422,239.7919921875,0.4715046286582947,0.6719722151756287,201.31216430664062,0.08108721673488617,0.0,0.0,0.0
190.27359008789062,225.87149047851562,0.4250854551792145,0.6224610209465027,190.6986541748047,11,191,,,,,,,,,
,,,,,11,191,200.66200256347656,238.1168670654297,0.4351201057434082,0.6352044343948364,201.1806182861328,0.0834929347038269,0.0,0.0,0.0
190.15390014648438,225.7549591064453,0.3949894309043884,0.5846779942512512,190.54888916015625,12,207,,,,,,,,,
,,,,,12,207,200.55372619628906,241.6239013671875,0.40252137184143066,0.5967789888381958,201.04214477539062,0.08590121567249298,0.0,0.0,0.0
190.02005004882812,225.6260528564453,0.36793193221092224,0.5520350337028503,190.3879852294922,13,223,,,,,,,,,
,,,,,13,223,200.44374084472656,238.65505981445312,0.37477201223373413,0.5634981393814087,200.90689086914062,0.08833257853984833,0.0,0.0,0.0
189.8844757080078,225.49276733398438,0.3400998115539551,0.5143515467643738,190.2245635986328,14,239,,,,,,,,,
,,,,,14,239,200.3209991455078,242.0151824951172,0.3463214039802551,0.5267981886863708,200.75830078125,0.09101536870002747,0.0,0.0,0.0
189.7241973876953,225.338623046875,0.31239232420921326,0.4785880148410797,190.03659057617188,15,255,,,,,,,,,
,,,,,15,255,200.19847106933594,238.37222290039062,0.3186827301979065,0.49448418617248535,200.61114501953125,0.09399208426475525,0.0,0.0,0.0
189.55807495117188,225.178955078125,0.283938467502594,0.44350558519363403,189.84201049804688,16,271,,,,,,,,,
,,,,,16,271,200.05941772460938,240.59683227539062,0.2914507985115051,0.46327072381973267,200.4479217529297,0.09705840796232224,0.0,0.0,0.0
189.38949584960938,225.0150909423828,0.2564026415348053,0.41129082441329956,189.64590454101562,17,287,,,,,,,,,
,,,,,17,287,199.91065979003906,240.3750457763672,0.2634873390197754,0.42476850748062134,200.2745361328125,0.10038085281848907,0.0,0.0,0.0
189.20567321777344,224.8394012451172,0.24205109477043152,0.3851551413536072,189.44773864746094,18,303,,,,,,,,,
,,,,,18,303,199.7566680908203,241.04367065429688,0.2400369644165039,0.3941902220249176,200.10069274902344,0.1040060743689537,0.0,0.0,0.0
189.0161590576172,224.65414428710938,0.23317904770374298,0.367878258228302,189.24935913085938,19,319,,,,,,,,,
,,,,,19,319,199.5898895263672,240.67434692382812,0.22726352512836456,0.3720707595348358,199.92477416992188,0.10762331634759903,0.0,0.0,0.0
188.8072509765625,224.4549102783203,0.22524747252464294,0.3533737063407898,189.03250122070312,20,335,,,,,,,,,
,,,,,20,335,199.4160919189453,236.77978515625,0.22025033831596375,0.3605073392391205,199.74777221679688,0.11146263778209686,0.0,0.0,0.0
188.5843505859375,224.24288940429688,0.21771197021007538,0.3397785425186157,188.8020782470703,21,351,,,,,,,,,
,,,,,21,351,199.23289489746094,235.0469512939453,0.21247617900371552,0.3461371660232544,199.56094360351562,0.11559049785137177,0.0,0.0,0.0
188.34954833984375,224.01864624023438,0.21183009445667267,0.3299464285373688,188.56137084960938,22,367,,,,,,,,,
,,,,,22,367,199.03836059570312,237.4617919921875,0.20641431212425232,0.3347063362598419,199.36483764648438,0.12005875259637833,0.0,0.0,0.0
188.1035919189453,223.7847442626953,0.20557937026023865,0.31849581003189087,188.30917358398438,23,383,,,,,,,,,
,,,,,23,383,198.83242797851562,238.2327117919922,0.2006499469280243,0.3225739002227783,199.15744018554688,0.12437250465154648,0.0,0.0,0.0
187.85325622558594,223.5450439453125,0.20014914870262146,0.30829304456710815,188.05340576171875,24,399,,,,,,,,,
,,,,,24,399,198.61514282226562,238.3262176513672,0.19411218166351318,0.3108815550804138,198.93801879882812,0.12875719368457794,0.0,0.0,0.0
187.60104370117188,223.30322265625,0.1950366497039795,0.29806479811668396,187.7960968017578,25,415,,,,,,,,,
,,,,,25,415,198.38609313964844,237.0344696044922,0.18848100304603577,0.3007667660713196,198.7075958251953,0.1330440640449524,0.0,0.0,0.0
187.31654357910156,223.0341796875,0.18949860334396362,0.2883037328720093,187.5060272216797,26,431,,,,,,,,,
,,,,,26,431,198.15811157226562,237.4741973876953,0.1829199492931366,0.28883039951324463,198.47854614257812,0.1374930590391159,0.0,0.0,0.0
187.0263214111328,222.75924682617188,0.18533921241760254,0.2834714949131012,187.211669921875,27,447,,,,,,,,,
,,,,,27,447,197.9064178466797,235.76443481445312,0.17910225689411163,0.28469544649124146,198.22752380371094,0.1419863998889923,0.0,0.0,0.0
186.72909545898438,222.4783172607422,0.18061044812202454,0.27624112367630005,186.9097137451172,28,463,,,,,,,,,
,,,,,28,463,197.64610290527344,236.36865234375,0.17437270283699036,0.27064523100852966,197.9669647216797,0.14648401737213135,0.0,0.0,0.0
186.4107666015625,222.17752075195312,0.17670461535453796,0.2642456889152527,186.5874786376953,29,479,,,,,,,,,
,,,,,29,479,197.3809051513672,236.80911254882812,0.16948512196540833,0.264997273683548,197.7013397216797,0.1509564071893692,0.0,0.0,0.0
186.06954956054688,221.8590087890625,0.17233949899673462,0.2610521912574768,186.24188232421875,30,495,,,,,,,,,
,,,,,30,495,197.10452270507812,236.2444305419922,0.1652858555316925,0.2550562918186188,197.42547607421875,0.15566463768482208,0.0,0.0,0.0
185.71542358398438,221.53076171875,0.1684962511062622,0.258110910654068,185.88394165039062,31,511,,,,,,,,,
,,,,,31,511,196.8131103515625,235.2741241455078,0.16232270002365112,0.2515893280506134,197.13577270507812,0.16035690903663635,0.0,0.0,0.0
185.367919921875,221.20468139648438,0.1650366485118866,0.2508138418197632,185.532958984375,32,527,,,,,,,,,
,,,,,32,527,196.495849609375,234.342041015625,0.15769925713539124,0.24574324488639832,196.8187713623047,0.1652228832244873,0.0,0.0,0.0
184.9998016357422,220.861328125,0.16163888573646545,0.24318428337574005,185.16143798828125,33,543,,,,,,,,,
,,,,,33,543,196.18637084960938,234.1849822998047,0.15381506085395813,0.24012336134910583,196.51011657714844,0.16992926597595215,0.0,0.0,0.0
184.60806274414062,220.50057983398438,0.1571016013622284,0.2364613562822342,184.76516723632812,34,559,,,,,,,,,
,,,,,34,559,195.86480712890625,233.31991577148438,0.1509300321340561,0.22772333025932312,196.1906280517578,0.17490044236183167,0.0,0.0,0.0
184.19725036621094,220.1250762939453,0.15291468799114227,0.23144841194152832,184.3501739501953,35,575,,,,,,,,,
,,,,,35,575,195.53109741210938,234.31796264648438,0.14678095281124115,0.22670963406562805,195.85775756835938,0.17991161346435547,0.0,0.0,0.0
183.8007354736328,219.75546264648438,0.15097281336784363,0.22169561684131622,183.9517059326172,36,591,,,,,,,,,
,,,,,36,591,195.1711883544922,234.2074737548828,0.14368584752082825,0.22205691039562225,195.49960327148438,0.18469968438148499,0.0,0.0,0.0
183.369384765625,219.36410522460938,0.1476477086544037,0.22468142211437225,183.5170440673828,37,607,,,,,,,,,
,,,,,37,607,194.81845092773438,234.3454132080078,0.14032545685768127,0.21573805809020996,195.14830017089844,0.18952316045761108,0.0,0.0,0.0
182.92526245117188,218.9591064453125,0.1433611661195755,0.21388182044029236,183.06863403320312,38,623,,,,,,,,,
,,,,,38,623,194.45468139648438,234.7052764892578,0.13605685532093048,0.20751670002937317,194.78529357910156,0.19453909993171692,0.0,0.0,0.0
182.50836181640625,218.5740966796875,0.13928726315498352,0.21131007373332977,182.6476593017578,39,639,,,,,,,,,
,,,,,39,639,194.07858276367188,232.0701141357422,0.1320136934518814,0.20404639840126038,194.40969848632812,0.19913288950920105,0.0,0.0,0.0
182.08383178710938,218.18295288085938,0.13529908657073975,0.2034020870923996,182.21914672851562,40,655,,,,,,,,,
,,,,,40,655,193.721923828125,232.83828735351562,0.1284194439649582,0.19855749607086182,194.05393981933594,0.20356731116771698,0.0,0.0,0.0
181.63172912597656,217.77072143554688,0.13097235560417175,0.1993243247270584,181.7626953125,41,671,,,,,,,,,
,,,,,41,671,193.36038208007812,231.25341796875,0.12512913346290588,0.19159260392189026,193.6936492919922,0.20814593136310577,0.0,0.0,0.0
181.14471435546875,217.3316192626953,0.12982408702373505,0.19810207188129425,181.2745361328125,42,687,,,,,,,,,
,,,,,42,687,192.99822998046875,231.9182586669922,0.12171484529972076,0.1849755346775055,193.33294677734375,0.21299389004707336,0.0,0.0,0.0
180.68405151367188,216.91195678710938,0.1253160983324051,0.18914146721363068,180.8093719482422,43,703,,,,,,,,,
,,,,,43,703,192.59414672851562,231.69705200195312,0.11810006201267242,0.1814734935760498,192.92982482910156,0.21759498119354248,0.0,0.0,0.0
180.2178192138672,216.4857940673828,0.12179233878850937,0.18766383826732635,180.339599609375,44,719,,,,,,,,,
,,,,,44,719,192.19960021972656,230.5458526611328,0.1157168373465538,0.18193833529949188,192.53726196289062,0.2219621241092682,0.0,0.0,0.0
179.70462036132812,216.02792358398438,0.11847679316997528,0.18269942700862885,179.82308959960938,45,735,,,,,,,,,
,,,,,45,735,191.80874633789062,232.9329376220703,0.11191503703594208,0.1751127541065216,192.1475830078125,0.2269250899553299,0.0,0.0,0.0
179.21533203125,215.5861358642578,0.11615393310785294,0.1813937872648239,179.3314971923828,46,751,,,,,,,,,
,,,,,46,751,191.38340759277344,228.8557586669922,0.11094174534082413,0.17178179323673248,191.72605895996094,0.23170550167560577,0.0,0.0,0.0
178.6947784423828,215.12197875976562,0.1121741384267807,0.175698384642601,178.80694580078125,47,767,,,,,,,,,
,,,,,47,767,190.98716735839844,227.79443359375,0.10632173717021942,0.1654658168554306,191.33010864257812,0.236628457903862,0.0,0.0,0.0
178.181396484375,214.658203125,0.10957664251327515,0.17256084084510803,178.2909698486328,48,783,,,,,,,,,
,,,,,48,783,190.5766143798828,230.1172332763672,0.10242144763469696,0.1653631031513214,190.920654296875,0.24161791801452637,0.0,0.0,0.0
177.6434783935547,214.17660522460938,0.10620450973510742,0.16872212290763855,177.7496795654297,49,799,,,,,,,,,
,,,,,49,799,190.17034912109375,227.7216033935547,0.0990215539932251,0.15623420476913452,190.51612854003906,0.24673059582710266,0.0,0.0,0.0
177.13290405273438,213.7182159423828,0.10682634264230728,0.17218366265296936,177.23973083496094,50,815,,,,,,,,,
,,,,,50,815,189.73419189453125,229.2713165283203,0.09731226414442062,0.15347237884998322,190.08285522460938,0.2513735592365265,0.0,0.0,0.0
176.6009521484375,213.24502563476562,0.09984700381755829,0.16458368301391602,176.7008056640625,51,831,,,,,,,,,
,,,,,51,831,189.30575561523438,229.4791717529297,0.0940418615937233,0.15023180842399597,189.65597534179688,0.2561700642108917,0.0,0.0,0.0
176.0131378173828,212.7316436767578,0.09905679523944855,0.16187578439712524,176.1121826171875,52,847,,,,,,,,,
,,,,,52,847,188.88516235351562,226.9327392578125,0.09084717929363251,0.14767968654632568,189.23731994628906,0.26131460070610046,0.0,0.0,0.0
175.4517364501953,212.23635864257812,0.09619276225566864,0.15002164244651794,175.5479278564453,53,863,,,,,,,,,
,,,,,53,863,188.42532348632812,224.06796264648438,0.09038680046796799,0.14650103449821472,188.7820281982422,0.26632824540138245,0.0,0.0,0.0
174.8814697265625,211.7333221435547,0.09213327616453171,0.15569885075092316,174.97360229492188,54,879,,,,,,,,,
,,,,,54,879,187.96827697753906,225.53665161132812,0.0863533467054367,0.14370593428611755,188.32583618164062,0.27120932936668396,0.0,0.0,0.0
174.30838012695312,211.2316436767578,0.09113826602697372,0.15648217499256134,174.3995361328125,55,895,,,,,,,,,
,,,,,55,895,187.49900817871094,223.8666229248047,0.08414177596569061,0.13783223927021027,187.85919189453125,0.27604541182518005,0.0,0.0,0.0
173.72314453125,210.718505859375,0.08902785927057266,0.15125150978565216,173.8121795654297,56,911,,,,,,,,,
,,,,,56,911,187.06890869140625,225.69052124023438,0.08337009698152542,0.14303694665431976,187.43324279785156,0.2810032069683075,0.0,0.0,0.0
173.14389038085938,210.2177734375,0.08703731000423431,0.15286199748516083,173.23092651367188,57,927,,,,,,,,,
,,,,,57,927,186.62973022460938,224.4132537841797,0.08280099928379059,0.1395018994808197,186.99807739257812,0.2855581045150757,0.0,0.0,0.0
172.59225463867188,209.72726440429688,0.08606084436178207,0.14580747485160828,172.67831420898438,58,943,,,,,,,,,
,,,,,58,943,186.18966674804688,222.0320281982422,0.08166655153036118,0.13832955062389374,186.56124877929688,0.28989169001579285,0.0,0.0,0.0
171.997314453125,209.212646484375,0.08256831020116806,0.1444869488477707,172.07989501953125,59,959,,,,,,,,,
,,,,,59,959,185.75576782226562,222.9506378173828,0.07802948355674744,0.1326221376657486,186.12820434570312,0.2944260239601135,0.0,0.0,0.0
171.44241333007812,208.72314453125,0.08219627290964127,0.14133402705192566,171.52462768554688,60,975,,,,,,,,,
,,,,,60,975,185.29721069335938,220.43701171875,0.07599180936813354,0.13254790008068085,185.67184448242188,0.29862475395202637,0.0,0.0,0.0
170.8375701904297,208.19937133789062,0.08155189454555511,0.1417936384677887,170.9191131591797,61,991,,,,,,,,,
,,,,,61,991,184.86056518554688,221.70303344726562,0.0749732106924057,0.13103774189949036,185.2385711669922,0.30302557349205017,0.0,0.0,0.0
170.22537231445312,207.6728515625,0.07876709848642349,0.1346803605556488,170.3041534423828,62,1007,,,,,,,,,
,,,,,62,1007,184.41012573242188,222.55679321289062,0.07408592849969864,0.12934602797031403,184.79177856445312,0.3075563311576843,0.0,0.0,0.0
169.6133270263672,207.14608764648438,0.07837382704019547,0.13638681173324585,169.6916961669922,63,1023,,,,,,,,,
,,,,,63,1023,183.95249938964844,219.6890869140625,0.07316622883081436,0.12344621121883392,184.3377227783203,0.31202685832977295,0.0,0.0,0.0
169.0141143798828,206.628662109375,0.07693067193031311,0.1286075860261917,169.09103393554688,64,1039,,,,,,,,,
,,,,,64,1039,183.48220825195312,221.863525390625,0.07181639224290848,0.12917885184288025,183.87025451660156,0.3162371814250946,0.0,0.0,0.0
168.37307739257812,206.0803985595703,0.07473653554916382,0.13052423298358917,168.4478302001953,65,1055,,,,,,,,,
,,,,,65,1055,183.0252685546875,221.12509155273438,0.07128125429153442,0.12521949410438538,183.41732788085938,0.3207453489303589,0.0,0.0,0.0
167.74197387695312,205.54330444335938,0.07601334154605865,0.12644830346107483,167.8179931640625,66,1071,,,,,,,,,
,,,,,66,1071,182.5430145263672,219.2642822265625,0.07019214332103729,0.12040355056524277,182.93821716308594,0.32501551508903503,0.0,0.0,0.0
167.0879669189453,204.99130249023438,0.07345763593912125,0.13159355521202087,167.1614227294922,67,1087,,,,,,,,,
,,,,,67,1087,182.0629119873047,219.2818145751953,0.06918622553348541,0.12127317488193512,182.46176147460938,0.32966500520706177,0.0,0.0,0.0
166.4410400390625,204.44577026367188,0.07419930398464203,0.12424087524414062,166.51524353027344,68,1103,,,,,,,,,
,,,,,68,1103,181.5660858154297,218.84768676757812,0.06794627010822296,0.11859998852014542,181.96792602539062,0.3338877260684967,0.0,0.0,0.0
165.7525634765625,203.87071228027344,0.07146142423152924,0.1266334354877472,165.82403564453125,69,1119,,,,,,,,,
,,,,,69,1119,181.08120727539062,219.24502563476562,0.06843724101781845,0.12130918353796005,181.4882354736328,0.33856481313705444,0.0,0.0,0.0
165.177001953125,203.3511199951172,0.07402710616588593,0.12822914123535156,165.2510223388672,70,1135,,,,,,,,,
,,,,,70,1135,180.56629943847656,213.36953735351562,0.06813617795705795,0.11690374463796616,180.9771270751953,0.3427160382270813,0.0,0.0,0.0
164.56021118164062,202.777587890625,0.07305990904569626,0.1258630007505417,164.6332550048828,71,1151,,,,,,,,,
,,,,,71,1151,180.09645080566406,216.3734893798828,0.0688592866063118,0.11981283128261566,180.5121612548828,0.34683242440223694,0.0,0.0,0.0
163.95541381835938,202.2146453857422,0.07131786644458771,0.11931093782186508,164.02674865722656,72,1167,,,,,,,,,
,,,,,72,1167,179.59463500976562,214.4099884033203,0.06661652028560638,0.11330415308475494,180.0126190185547,0.3513565957546234,0.0,0.0,0.0
163.353271484375,201.64479064941406,0.07027502357959747,0.12549516558647156,163.4235382080078,73,1183,,,,,,,,,
,,,,,73,1183,179.10171508789062,213.85067749023438,0.06550419330596924,0.11338627338409424,179.52276611328125,0.3555678725242615,0.0,0.0,0.0
162.7433319091797,201.07516479492188,0.06822478026151657,0.11530101299285889,162.8115692138672,74,1199,,,,,,,,,
,,,,,74,1199,178.61721801757812,214.650634765625,0.06361766159534454,0.11087583005428314,179.0404815673828,0.3596343994140625,0.0,0.0,0.0
162.19229125976562,200.53567504882812,0.06551477313041687,0.11445591598749161,162.25779724121094,75,1215,,,,,,,,,
,,,,,75,1215,178.09756469726562,211.9058380126953,0.06382440775632858,0.10891453921794891,178.52500915527344,0.3636152744293213,0.0,0.0,0.0
161.6226806640625,199.97817993164062,0.06580454111099243,0.11545968055725098,161.68849182128906,76,1231,,,,,,,,,
,,,,,76,1231,177.60586547851562,212.72280883789062,0.06242494657635689,0.10984239727258682,178.03570556640625,0.367439329624176,0.0,0.0,0.0
161.0150146484375,199.3977813720703,0.06439492851495743,0.11125729233026505,161.07940673828125,77,1247,,,,,,,,,
,,,,,77,1247,177.11351013183594,212.48275756835938,0.06193038076162338,0.10535508394241333,177.5467987060547,0.3713477551937103,0.0,0.0,0.0
160.42446899414062,198.8317108154297,0.06292708963155746,0.1081148236989975,160.48741149902344,78,1263,,,,,,,,,
,,,,,78,1263,176.5891571044922,210.4373321533203,0.060926370322704315,0.10464145988225937,177.0255889892578,0.37546777725219727,0.0,0.0,0.0
159.85708618164062,198.28890991210938,0.06480637192726135,0.11371932178735733,159.921875,79,1279,,,,,,,,,
,,,,,79,1279,176.05984497070312,210.9381561279297,0.05932050198316574,0.09871607273817062,176.4982147216797,0.3790762424468994,0.0,0.0,0.0
159.23739624023438,197.697021484375,0.06355288624763489,0.10761811584234238,159.3009490966797,80,1295,,,,,,,,,
,,,,,80,1295,175.5614013671875,211.6331787109375,0.06045794486999512,0.10379334539175034,176.00497436523438,0.3831389546394348,0.0,0.0,0.0
158.60552978515625,197.1060791015625,0.061936188489198685,0.10486046224832535,158.66748046875,81,1311,,,,,,,,,
,,,,,81,1311,175.03286743164062,206.9500274658203,0.05909665673971176,0.10138920694589615,175.47921752929688,0.38726457953453064,0.0,0.0,0.0
158.01651000976562,196.5472869873047,0.06134313344955444,0.10450522601604462,158.07785034179688,82,1327,,,,,,,,,
,,,,,82,1327,174.4768829345703,210.26077270507812,0.0578295961022377,0.10070739686489105,174.92575073242188,0.39100903272628784,0.0,0.0,0.0
157.4504852294922,195.96875,0.06034689024090767,0.10390913486480713,157.51083374023438,83,1343,,,,,,,,,
,,,,,83,1343,173.94863891601562,209.93356323242188,0.05782260373234749,0.09940680861473083,174.40133666992188,0.3948609530925751,0.0,0.0,0.0
156.87844848632812,195.37155151367188,0.06155599281191826,0.10421307384967804,156.9400177001953,84,1359,,,,,,,,,
,,,,,84,1359,173.44000244140625,208.9791259765625,0.058193277567625046,0.09816139936447144,173.8971405029297,0.3989405632019043,0.0,0.0,0.0
156.37635803222656,194.80850219726562,0.05878978222608566,0.10054628551006317,156.4351348876953,85,1375,,,,,,,,,
,,,,,85,1375,172.8900909423828,209.0150909423828,0.057128775864839554,0.09974371641874313,173.34991455078125,0.40269550681114197,0.0,0.0,0.0
155.84521484375,194.21871948242188,0.05902992561459541,0.09721003472805023,155.9042510986328,86,1391,,,,,,,,,
,,,,,86,1391,172.37240600585938,205.8376922607422,0.05609183385968208,0.09602425992488861,172.83505249023438,0.40653911232948303,0.0,0.0,0.0
155.2666015625,193.5862579345703,0.058427780866622925,0.09943176805973053,155.32504272460938,87,1407,,,,,,,,,
,,,,,87,1407,171.87744140625,205.68948364257812,0.05515744537115097,0.09378950297832489,172.34349060058594,0.41091370582580566,0.0,0.0,0.0
154.81210327148438,193.06625366210938,0.05651140213012695,0.09379138052463531,154.86862182617188,88,1423,,,,,,,,,
,,,,,88,1423,171.26754760742188,205.8584747314453,0.0549335777759552,0.09475606679916382,171.73666381835938,0.41421541571617126,0.0,0.0,0.0
154.25839233398438,192.4665069580078,0.05643023923039436,0.09383063018321991,154.31483459472656,89,1439,,,,,,,,,
,,,,,89,1439,170.76022338867188,203.72837829589844,0.054810184985399246,0.09196711331605911,171.23272705078125,0.41768044233322144,0.0,0.0,0.0
153.7158203125,191.87144470214844,0.057753242552280426,0.09325030446052551,153.7735595703125,90,1455,,,,,,,,,
,,,,,90,1455,170.21826171875,204.9418487548828,0.05411983281373978,0.08958747982978821,170.69436645507812,0.4220115542411804,0.0,0.0,0.0
153.18136596679688,191.2978057861328,0.055945832282304764,0.09093332290649414,153.23731994628906,91,1471,,,,,,,,,
,,,,,91,1471,169.64634704589844,202.4410858154297,0.05525311082601547,0.09235090017318726,170.12716674804688,0.4255750775337219,0.0,0.0,0.0
152.63385009765625,190.70669555664062,0.05763754993677139,0.09384716302156448,152.6914825439453,92,1487,,,,,,,,,
,,,,,92,1487,169.0926513671875,200.71484375,0.053783588111400604,0.09036050736904144,169.57579040527344,0.42936334013938904,0.0,0.0,0.0
152.08912658691406,190.12342834472656,0.060695212334394455,0.09897106885910034,152.1498260498047,93,1503,,,,,,,,,
,,,,,93,1503,168.52369689941406,201.1094512939453,0.05401413515210152,0.08872801065444946,169.01083374023438,0.43311047554016113,0.0,0.0,0.0
151.53387451171875,189.53404235839844,0.05482380464673042,0.08857246488332748,151.58868408203125,94,1519,,,,,,,,,
,,,,,94,1519,167.96017456054688,202.38531494140625,0.05295243859291077,0.08848261833190918,168.44981384277344,0.4366879463195801,0.0,0.0,0.0
150.98623657226562,188.95114135742188,0.05470823124051094,0.09213989973068237,151.04092407226562,95,1535,,,,,,,,,
,,,,,95,1535,167.41017150878906,201.40724182128906,0.05165892094373703,0.0849979817867279,167.90219116210938,0.4403643012046814,0.0,0.0,0.0
150.4438934326172,188.3765869140625,0.051769524812698364,0.08363070338964462,150.4956512451172,96,1551,,,,,,,,,
,,,,,96,1551,166.8870391845703,200.0696258544922,0.05069392919540405,0.08300274610519409,167.3817596435547,0.4440288543701172,0.0,0.0,0.0
149.91372680664062,187.8129425048828,0.05657506734132767,0.09237674623727798,149.9702911376953,97,1567,,,,,,,,,
,,,,,97,1567,166.36024475097656,201.39535522460938,0.050860874354839325,0.08522044867277145,166.85838317871094,0.4472801089286804,0.0,0.0,0.0
149.3971710205078,187.24349975585938,0.05205611139535904,0.08748859167098999,149.44921875,98,1583,,,,,,,,,
,,,,,98,1583,165.84255981445312,199.52024841308594,0.05207009240984917,0.08520247042179108,166.34542846679688,0.4507821202278137,0.0,0.0,0.0
148.89895629882812,186.6825714111328,0.05157290771603584,0.08586680889129639,148.95053100585938,99,1599,,,,,,,,,
,,,,,99,1599,165.2994842529297,200.40512084960938,0.050726957619190216,0.08175597339868546,165.8040008544922,0.45377930998802185,0.0,0.0,0.0
148.3846435546875,186.1103515625,0.05036655813455582,0.07960082590579987,148.43502807617188,100,1615,,,,,,,,,
,,,,,100,1615,164.79083251953125,196.95787048339844,0.04972086101770401,0.08290977030992508,165.2977294921875,0.45718255639076233,0.0,0.0,0.0
147.91177368164062,185.5726776123047,0.05137411504983902,0.08498947322368622,147.96315002441406,101,1631,,,,,,,,,
,,,,,101,1631,164.26502990722656,198.34280395507812,0.048717767000198364,0.07926047593355179,164.7739715576172,0.46024289727211,0.0,0.0,0.0
147.39443969726562,185.00106811523438,0.053092651069164276,0.08877749741077423,147.44754028320312,102,1647,,,,,,,,,
,,,,,102,1647,163.76438903808594,196.99362182617188,0.04877867549657822,0.07823643833398819,164.27639770507812,0.463204950094223,0.0,0.0,0.0
146.86453247070312,184.4191131591797,0.05016317218542099,0.08082953840494156,146.91470336914062,103,1663,,,,,,,,,
,,,,,103,1663,163.25582885742188,194.87998962402344,0.048295050859451294,0.07841527462005615,163.77081298828125,0.4666847288608551,0.0,0.0,0.0
146.35787963867188,183.86207580566406,0.047078970819711685,0.07304084300994873,146.4049530029297,104,1679,,,,,,,,,
,,,,,104,1679,162.71847534179688,192.95884704589844,0.04848583787679672,0.07715393602848053,163.23687744140625,0.4699181616306305,0.0,0.0,0.0
145.8663330078125,183.31692504882812,0.046854667365550995,0.07256350666284561,145.91317749023438,105,1695,,,,,,,,,
,,,,,105,1695,162.1876678466797,195.4920654296875,0.04659454897046089,0.07769902050495148,162.70712280273438,0.4728856682777405,0.0,0.0,0.0
145.3708038330078,182.76280212402344,0.04972509294748306,0.07673119008541107,145.4205322265625,106,1711,,,,,,,,,
,,,,,106,1711,161.6930389404297,194.25692749023438,0.04663132131099701,0.07763056457042694,162.21543884277344,0.47575482726097107,0.0,0.0,0.0
144.96200561523438,182.23924255371094,0.04683927819132805,0.07328174263238907,145.00885009765625,107,1727,,,,,,,,,
,,,,,107,1727,161.18968200683594,195.51126098632812,0.04614881053566933,0.07226879894733429,161.71412658691406,0.47830286622047424,0.0,0.0,0.0
144.5140380859375,181.67318725585938,0.05453100800514221,0.08746544271707535,144.5685577392578,108,1743,,,,,,,,,
,,,,,108,1743,160.7113494873047,193.22218322753906,0.04561532661318779,0.07372577488422394,161.23812866210938,0.48114147782325745,0.0,0.0,0.0
144.05487060546875,181.09390258789062,0.04531845450401306,0.07569529861211777,144.10018920898438,109,1759,,,,,,,,,
,,,,,109,1759,160.21896362304688,189.802978515625,0.04825771600008011,0.07501231878995895,160.75155639648438,0.48430633544921875,0.0,0.0,0.0
143.63436889648438,180.56712341308594,0.0449371412396431,0.07043936848640442,143.67929077148438,110,1775,,,,,,,,,
,,,,,110,1775,159.68435668945312,190.8701171875,0.04547708109021187,0.0740889236330986,160.21701049804688,0.4871962070465088,0.0,0.0,0.0
143.20806884765625,180.0332489013672,0.045946307480335236,0.07401545345783234,143.25401306152344,111,1791,,,,,,,,,
,,,,,111,1791,159.18161010742188,192.15838623046875,0.04576326534152031,0.07107160240411758,159.71707153320312,0.4897004961967468,0.0,0.0,0.0
142.75027465820312,179.4633026123047,0.04329993575811386,0.06460966169834137,142.79356384277344,112,1807,,,,,,,,,
,,,,,112,1807,158.6884765625,191.2920684814453,0.044198427349328995,0.06975890696048737,159.2251739501953,0.4924949109554291,0.0,0.0,0.0
142.2714385986328,178.87510681152344,0.04336986690759659,0.06822512298822403,142.31480407714844,113,1823,,,,,,,,,
,,,,,113,1823,158.1849822998047,188.72427368164062,0.04220437631011009,0.06984186172485352,158.72271728515625,0.49550867080688477,0.0,0.0,0.0
141.84353637695312,178.3466033935547,0.04213770851492882,0.07061365991830826,141.88568115234375,114,1839,,,,,,,,,
,,,,,114,1839,157.62777709960938,190.11666870117188,0.04185406491160393,0.06862694770097733,158.16799926757812,0.4983524680137634,0.0,0.0,0.0
141.3808135986328,177.78854370117188,0.04192543774843216,0.06487784534692764,141.4227294921875,115,1855,,,,,,,,,
,,,,,115,1855,157.12542724609375,188.69430541992188,0.0416482537984848,0.06596855074167252,157.66831970214844,0.5012590289115906,0.0,0.0,0.0
140.9212188720703,177.23568725585938,0.0429542139172554,0.0720716193318367,140.9641571044922,116,1871,,,,,,,,,
,,,,,116,1871,156.595458984375,188.4252471923828,0.040756955742836,0.06328992545604706,157.14047241210938,0.5042517781257629,0.0,0.0,0.0
140.44496154785156,176.65878295898438,0.042386073619127274,0.06645653396844864,140.4873504638672,117,1887,,,,,,,,,
,,,,,117,1887,156.0735321044922,189.016357421875,0.04008309915661812,0.06483297795057297,156.62086486816406,0.5072542428970337,0.0,0.0,0.0
140.017578125,176.1378631591797,0.03900240734219551,0.059645574539899826,140.05657958984375,118,1903,,,,,,,,,
,,,,,118,1903,155.516357421875,187.55453491210938,0.040802497416734695,0.06458483636379242,156.06680297851562,0.5096598267555237,0.0,0.0,0.0
139.5555419921875,175.58950805664062,0.04305565729737282,0.06328041851520538,139.59860229492188,119,1919,,,,,,,,,
,,,,,119,1919,155.02220153808594,185.5898895263672,0.04085298627614975,0.06526770442724228,155.57513427734375,0.5120682120323181,0.0,0.0,0.0
139.1173553466797,175.0606231689453,0.04408089071512222,0.07013118267059326,139.16143798828125,120,1935,,,,,,,,,
,,,,,120,1935,154.5097198486328,187.7328643798828,0.040846504271030426,0.0645657330751419,155.0650177001953,0.5144529938697815,0.0,0.0,0.0
138.65481567382812,174.4868927001953,0.038352303206920624,0.058589328080415726,138.6931610107422,121,1951,,,,,,,,,
,,,,,121,1951,154.03717041015625,183.9785919189453,0.038951434195041656,0.06110622361302376,154.59364318847656,0.517524778842926,0.0,0.0,0.0
138.22958374023438,173.95462036132812,0.04235055670142174,0.06792199611663818,138.2719268798828,122,1967,,,,,,,,,
,,,,,122,1967,153.4817352294922,185.7627716064453,0.03879424184560776,0.061400651931762695,154.04074096679688,0.5202025175094604,0.0,0.0,0.0
137.8031768798828,173.42381286621094,0.041226502507925034,0.060518063604831696,137.84439086914062,123,1983,,,,,,,,,
,,,,,123,1983,152.9706573486328,183.34823608398438,0.039177704602479935,0.06083105131983757,153.53236389160156,0.522536039352417,0.0,0.0,0.0
137.35122680664062,172.86215209960938,0.04237009212374687,0.057596124708652496,137.39358520507812,124,1999,,,,,,,,,
,,,,,124,1999,152.46849060058594,181.91342163085938,0.04135911911725998,0.06412075459957123,153.03492736816406,0.525087296962738,0.0,0.0,0.0
136.89932250976562,172.30502319335938,0.03759491443634033,0.05675952509045601,136.93692016601562,125,2015,,,,,,,,,
,,,,,125,2015,151.9427490234375,184.3577880859375,0.040370382368564606,0.0640614926815033,152.51107788085938,0.5279549360275269,0.0,0.0,0.0
136.4609832763672,171.768310546875,0.04038376733660698,0.062005557119846344,136.50137329101562,126,2031,,,,,,,,,
,,,,,126,2031,151.40057373046875,182.42843627929688,0.037840813398361206,0.06036515161395073,151.96896362304688,0.530590832233429,0.0,0.0,0.0
136.02633666992188,171.23800659179688,0.039775364100933075,0.06309782713651657,136.0661163330078,127,2047,,,,,,,,,
,,,,,127,2047,150.90408325195312,182.12725830078125,0.04013557359576225,0.06330475956201553,151.47703552246094,0.5328581929206848,0.0,0.0,0.0
135.5884246826172,170.70895385742188,0.03638520836830139,0.05744588375091553,135.6248016357422,128,2063,,,,,,,,,
,,,,,128,2063,150.40496826171875,179.41192626953125,0.03908197954297066,0.060391105711460114,150.9790496826172,0.534997820854187,0.0,0.0,0.0
135.14251708984375,170.169677734375,0.03673578053712845,0.05341309309005737,135.1792449951172,129,2079,,,,,,,,,
,,,,,129,2079,149.90609741210938,181.05953979492188,0.0379188098013401,0.06005438417196274,150.4813690185547,0.5373911261558533,0.0,0.0,0.0
134.7298583984375,169.6373748779297,0.03681445121765137,0.0551302433013916,134.7666778564453,130,2095,,,,,,,,,
,,,,,130,2095,149.41708374023438,180.65322875976562,0.03812234476208687,0.05979464575648308,149.99496459960938,0.5397600531578064,0.0,0.0,0.0
134.35345458984375,169.1288604736328,0.036586761474609375,0.05535758659243584,134.39004516601562,131,2111,,,,,,,,,
,,,,,131,2111,148.93141174316406,179.08334350585938,0.037415288388729095,0.05772066116333008,149.5110321044922,0.542209267616272,0.0,0.0,0.0
133.94482421875,168.59091186523438,0.03839103505015373,0.05895320326089859,133.9832305908203,132,2127,,,,,,,,,
,,,,,132,2127,148.45167541503906,178.03659057617188,0.0366569384932518,0.056348253041505814,149.03257751464844,0.5442613363265991,0.0,0.0,0.0
133.56430053710938,168.0936737060547,0.035559795796871185,0.05238180235028267,133.59986877441406,133,2143,,,,,,,,,
,,,,,133,2143,147.95704650878906,178.35372924804688,0.03689492493867874,0.057269543409347534,148.5402069091797,0.5462816953659058,0.0,0.0,0.0
133.17056274414062,167.5790557861328,0.03752528876066208,0.052135299891233444,133.2080841064453,134,2159,,,,,,,,,
,,,,,134,2159,147.48049926757812,178.74639892578125,0.0389166958630085,0.05930616706609726,148.0675506591797,0.5481359362602234,0.0,0.0,0.0
132.76333618164062,167.0382843017578,0.036422546952962875,0.05183589458465576,132.79977416992188,135,2175,,,,,,,,,
,,,,,135,2175,147.00436401367188,176.905517578125,0.03849310427904129,0.05919773131608963,147.5933380126953,0.5504558086395264,0.0,0.0,0.0
132.3577117919922,166.50216674804688,0.03769746050238609,0.05933660268783569,132.39541625976562,136,2191,,,,,,,,,
,,,,,136,2191,146.5150146484375,177.37525939941406,0.03643461689352989,0.05521957203745842,147.1046142578125,0.5531690716743469,0.0,0.0,0.0
131.96055603027344,165.9866485595703,0.03588603064417839,0.05581928417086601,131.99644470214844,137,2207,,,,,,,,,
,,,,,137,2207,145.9998321533203,172.87667846679688,0.03487509489059448,0.05327055603265762,146.59036254882812,0.5556601285934448,0.0,0.0,0.0
131.5334930419922,165.42898559570312,0.03778630495071411,0.052473992109298706,131.57127380371094,138,2223,,,,,,,,,
,,,,,138,2223,145.53150939941406,175.12411499023438,0.03565708175301552,0.05526220053434372,146.12550354003906,0.5583318471908569,0.0,0.0,0.0
131.12454223632812,164.91148376464844,0.035377126187086105,0.05171096324920654,131.159912109375,139,2239,,,,,,,,,
,,,,,139,2239,145.00064086914062,173.61984252929688,0.036024145781993866,0.05668597295880318,145.59750366210938,0.5608409643173218,0.0,0.0,0.0
130.72109985351562,164.39108276367188,0.03759261593222618,0.06060438230633736,130.7586669921875,140,2255,,,,,,,,,
,,,,,140,2255,144.49920654296875,172.7993927001953,0.03522093966603279,0.05286763235926628,145.0977783203125,0.5633465647697449,0.0,0.0,0.0
130.31829833984375,163.87619018554688,0.03479843586683273,0.054048191756010056,130.3531036376953,141,2271,,,,,,,,,
,,,,,141,2271,143.9838104248047,174.94454956054688,0.03447677195072174,0.053323112428188324,144.5843505859375,0.5660737752914429,0.0,0.0,0.0
129.88473510742188,163.32254028320312,0.041137583553791046,0.06618619710206985,129.92587280273438,142,2287,,,,,,,,,
,,,,,142,2287,143.51600646972656,173.0688934326172,0.03551333770155907,0.05493629723787308,144.12039184570312,0.5688868761062622,0.0,0.0,0.0
129.46878051757812,162.8013916015625,0.034893523901700974,0.054459940642118454,129.503662109375,143,2303,,,,,,,,,
,,,,,143,2303,143.0095977783203,172.47154235839844,0.03649332746863365,0.05634903907775879,143.61758422851562,0.5714899897575378,0.0,0.0,0.0
129.0675811767578,162.30105590820312,0.034229401499032974,0.048789165914058685,129.10182189941406,144,2319,,,,,,,,,
,,,,,144,2319,142.5313262939453,170.72817993164062,0.03510872647166252,0.051912494003772736,143.14031982421875,0.573857307434082,0.0,0.0,0.0
128.65444946289062,161.7818603515625,0.034627966582775116,0.053434211760759354,128.68907165527344,145,2335,,,,,,,,,
,,,,,145,2335,142.10890197753906,172.57215881347656,0.0345107838511467,0.05313935875892639,142.719970703125,0.5765554904937744,0.0,0.0,0.0
128.25148010253906,161.2847442626953,0.035592131316661835,0.05375373363494873,128.2870635986328,146,2351,,,,,,,,,
,,,,,146,2351,141.6219482421875,170.29827880859375,0.034439243376255035,0.05408472940325737,142.2350311279297,0.5786446332931519,0.0,0.0,0.0
127.8433609008789,160.78274536132812,0.03368251770734787,0.04870570823550224,127.87702941894531,147,2367,,,,,,,,,
,,,,,147,2367,141.1711883544922,168.02389526367188,0.03511863201856613,0.05186928063631058,141.7869873046875,0.5806673169136047,0.0,0.0,0.0
127.43608093261719,160.283447265625,0.03285614401102066,0.0477880984544754,127.46893310546875,148,2383,,,,,,,,,
,,,,,148,2383,140.722412109375,168.2162628173828,0.03500455990433693,0.0545412115752697,141.33999633789062,0.582590639591217,0.0,0.0,0.0
126.9986343383789,159.74346923828125,0.03616717830300331,0.05574598163366318,127.0347900390625,149,2399,,,,,,,,,
,,,,,149,2399,140.28863525390625,167.95449829101562,0.03455295413732529,0.05173034220933914,140.90802001953125,0.5848485827445984,0.0,0.0,0.0
126.60490417480469,159.26109313964844,0.03998617082834244,0.0625845193862915,126.6448974609375,150,2415,,,,,,,,,
,,,,,150,2415,139.79733276367188,168.4760284423828,0.03762097284197807,0.05556739494204521,140.4220428466797,0.5870605707168579,0.0,0.0,0.0
126.17537689208984,158.73446655273438,0.04192989692091942,0.05967884138226509,126.21732330322266,151,2431,,,,,,,,,
,,,,,151,2431,139.3572540283203,165.72836303710938,0.036562900990247726,0.05535440891981125,139.98312377929688,0.5893048048019409,0.0,0.0,0.0
125.7242660522461,158.18592834472656,0.03589798882603645,0.052909474819898605,125.76016998291016,152,2447,,,,,,,,,
,,,,,152,2447,138.90292358398438,164.351806640625,0.03561405465006828,0.051416922360658646,139.53005981445312,0.5915277600288391,0.0,0.0,0.0
125.3011245727539,157.6715087890625,0.03861924260854721,0.059802234172821045,125.3397445678711,153,2463,,,,,,,,,
,,,,,153,2463,138.4147186279297,166.91575622558594,0.03574056550860405,0.05457889288663864,139.0441436767578,0.5936682224273682,0.0,0.0,0.0
124.86018371582031,157.1373291015625,0.040719494223594666,0.06435465812683105,124.9009017944336,154,2479,,,,,,,,,
,,,,,154,2479,137.96815490722656,164.97732543945312,0.03572166711091995,0.053262561559677124,138.59976196289062,0.5958924889564514,0.0,0.0,0.0
124.43083190917969,156.6187286376953,0.0337551012635231,0.04914010688662529,124.4645767211914,155,2495,,,,,,,,,
,,,,,155,2495,137.48814392089844,164.09552001953125,0.036215949803590775,0.053854800760746,138.12234497070312,0.5979873538017273,0.0,0.0,0.0
124.00199890136719,156.10031127929688,0.036829330027103424,0.05565071851015091,124.038818359375,156,2511,,,,,,,,,
,,,,,156,2511,137.02609252929688,164.34579467773438,0.035217639058828354,0.051936276257038116,137.66114807128906,0.5998361110687256,0.0,0.0,0.0
123.58370208740234,155.5959014892578,0.03411536663770676,0.05058848112821579,123.6178207397461,157,2527,,,,,,,,,
,,,,,157,2527,136.56369018554688,164.8043670654297,0.034987710416316986,0.0518476665019989,137.20065307617188,0.6019868850708008,0.0,0.0,0.0
123.15229797363281,155.0758514404297,0.03355330601334572,0.04829774051904678,123.18585205078125,158,2543,,,,,,,,,
,,,,,158,2543,136.1170654296875,161.77749633789062,0.03453417867422104,0.051248759031295776,136.75552368164062,0.6039284467697144,0.0,0.0,0.0
122.70747375488281,154.54405212402344,0.03596871346235275,0.051474373787641525,122.7434310913086,159,2559,,,,,,,,,
,,,,,159,2559,135.6796875,163.4860382080078,0.03465419262647629,0.05158187821507454,136.32040405273438,0.6060460805892944,0.0,0.0,0.0
122.2667007446289,154.0109100341797,0.037721920758485794,0.05827515199780464,122.3044204711914,160,2575,,,,,,,,,
,,,,,160,2575,135.21331787109375,161.478515625,0.03595108538866043,0.05418570712208748,135.85719299316406,0.6079117059707642,0.0,0.0,0.0
121.83137512207031,153.49099731445312,0.0367695614695549,0.05447278171777725,121.8681411743164,161,2591,,,,,,,,,
,,,,,161,2591,134.74484252929688,161.9828338623047,0.03518230468034744,0.052503395825624466,135.38986206054688,0.6098446846008301,0.0,0.0,0.0
121.3925552368164,152.9669952392578,0.036106545478105545,0.05464153736829758,121.42866516113281,162,2607,,,,,,,,,
,,,,,162,2607,134.28224182128906,161.5691680908203,0.035528238862752914,0.05275118350982666,134.92962646484375,0.6118516325950623,0.0,0.0,0.0
120.9632568359375,152.452880859375,0.03473303094506264,0.051793087273836136,120.99800109863281,163,2623,,,,,,,,,
,,,,,163,2623,133.81202697753906,158.77615356445312,0.035636056214571,0.053160060197114944,134.46139526367188,0.61372971534729,0.0,0.0,0.0
120.50178527832031,151.90621948242188,0.03608262911438942,0.05038649961352348,120.53785705566406,164,2639,,,,,,,,,
,,,,,164,2639,133.3588409423828,160.3917999267578,0.036148324608802795,0.053709905594587326,134.01071166992188,0.6157353520393372,0.0,0.0,0.0
120.05009460449219,151.36900329589844,0.035942986607551575,0.0504661425948143,120.08604431152344,165,2655,,,,,,,,,
,,,,,165,2655,132.87783813476562,158.69772338867188,0.03670196980237961,0.05350779742002487,133.53225708007812,0.6177111864089966,0.0,0.0,0.0
119.59222412109375,150.8277130126953,0.035923998802900314,0.053322933614254,119.6281509399414,166,2671,,,,,,,,,
,,,,,166,2671,132.40322875976562,158.8228759765625,0.03657921031117439,0.05504781752824783,133.05947875976562,0.6196895837783813,0.0,0.0,0.0
119.16050720214844,150.31216430664062,0.039767004549503326,0.06216813251376152,119.20027160644531,167,2687,,,,,,,,,
,,,,,167,2687,131.92489624023438,158.77197265625,0.0353051982820034,0.05189920589327812,132.58175659179688,0.6215252876281738,0.0,0.0,0.0
118.69300842285156,149.75973510742188,0.03653981164097786,0.053483474999666214,118.72953796386719,168,2703,,,,,,,,,
,,,,,168,2703,131.47586059570312,157.13015747070312,0.035168200731277466,0.05335767939686775,132.13438415527344,0.6233367323875427,0.0,0.0,0.0
118.24366760253906,149.22775268554688,0.03779465705156326,0.05664878338575363,118.28144836425781,169,2719,,,,,,,,,
,,,,,169,2719,130.9983367919922,155.84109497070312,0.03774107247591019,0.05568419769406319,131.66140747070312,0.6253291368484497,0.0,0.0,0.0
117.7759017944336,148.67776489257812,0.03779134526848793,0.05491591617465019,117.8136978149414,170,2735,,,,,,,,,
,,,,,170,2735,130.53890991210938,156.59341430664062,0.03867468237876892,0.055738359689712524,131.20474243164062,0.6271148324012756,0.0,0.0,0.0
117.3560791015625,148.14898681640625,0.03984425216913223,0.059954047203063965,117.39591979980469,171,2751,,,,,,,,,
,,,,,171,2751,130.0501708984375,156.1011199951172,0.0375908687710762,0.05621081590652466,130.7166748046875,0.6289167404174805,0.0,0.0,0.0
116.9388198852539,147.60159301757812,0.03572428971529007,0.054116178303956985,116.97454833984375,172,2767,,,,,,,,,
,,,,,172,2767,129.58755493164062,155.03414916992188,0.03683645650744438,0.05456075817346573,130.2552947998047,0.6309037208557129,0.0,0.0,0.0
116.51361083984375,147.06417846679688,0.03843552619218826,0.05842297524213791,116.55204772949219,173,2783,,,,,,,,,
,,,,,173,2783,129.10354614257812,153.3582305908203,0.03481312841176987,0.051698096096515656,129.77101135253906,0.6326273083686829,0.0,0.0,0.0
116.09953308105469,146.53662109375,0.039085935801267624,0.05827683210372925,116.13862609863281,174,2799,,,,,,,,,
,,,,,174,2799,128.62252807617188,153.4109344482422,0.03579668328166008,0.05304725840687752,129.29269409179688,0.6343711614608765,0.0,0.0,0.0
115.65873718261719,145.9644317626953,0.036168646067380905,0.054380159825086594,115.69490814208984,175,2815,,,,,,,,,
,,,,,175,2815,128.14895629882812,152.46397399902344,0.03651788458228111,0.054890453815460205,128.82171630859375,0.636245846748352,0.0,0.0,0.0
115.2204818725586,145.39833068847656,0.03773624449968338,0.056787002831697464,115.25821685791016,176,2831,,,,,,,,,
,,,,,176,2831,127.6683578491211,152.68682861328125,0.03688427060842514,0.05542691424489021,128.34365844726562,0.6384097337722778,0.0,0.0,0.0
114.7867660522461,144.8485107421875,0.036323774605989456,0.05191301181912422,114.8230972290039,177,2847,,,,,,,,,
,,,,,177,2847,127.15650939941406,153.20973205566406,0.03584345430135727,0.05435120314359665,127.83259582519531,0.640251636505127,0.0,0.0,0.0
114.35137939453125,144.30255126953125,0.037992071360349655,0.05643262714147568,114.38936614990234,178,2863,,,,,,,,,
,,,,,178,2863,126.6716537475586,152.0330810546875,0.03663395345211029,0.05528080463409424,127.35013580322266,0.6418371200561523,0.0,0.0,0.0
113.89335632324219,143.71875,0.037665486335754395,0.058092616498470306,113.93101501464844,179,2879,,,,,,,,,
,,,,,179,2879,126.19471740722656,151.5344696044922,0.037130165845155716,0.0545400008559227,126.87553405761719,0.6437174081802368,0.0,0.0,0.0
113.4495620727539,143.16061401367188,0.0382017120718956,0.05620940774679184,113.48774719238281,180,2895,,,,,,,,,
,,,,,180,2895,125.6776123046875,150.5492401123047,0.03587564453482628,0.05458337813615799,126.3589096069336,0.645419180393219,0.0,0.0,0.0
113.02574157714844,142.62136840820312,0.04117767885327339,0.06363565474748611,113.0669174194336,181,2911,,,,,,,,,
,,,,,181,2911,125.16434478759766,150.60272216796875,0.036964673548936844,0.055668532848358154,125.8485336303711,0.6472217440605164,0.0,0.0,0.0
112.5849838256836,142.06405639648438,0.04003221169114113,0.05940563604235649,112.62501525878906,182,2927,,,,,,,,,
,,,,,182,2927,124.6650390625,149.78335571289062,0.0401102676987648,0.06041301041841507,125.35456848144531,0.6494168043136597,0.0,0.0,0.0
112.1041259765625,141.45849609375,0.03818173334002495,0.05405464768409729,112.1423110961914,183,2943,,,,,,,,,
,,,,,183,2943,124.19354248046875,145.93930053710938,0.03909832984209061,0.056468505412340164,124.8843765258789,0.6517647504806519,0.0,0.0,0.0
111.66636657714844,140.91702270507812,0.03820625692605972,0.05798310786485672,111.7045669555664,184,2959,,,,,,,,,
,,,,,184,2959,123.6680908203125,147.8949432373047,0.037842895835638046,0.055409081280231476,124.35969543457031,0.6537696123123169,0.0,0.0,0.0
111.21342468261719,140.35226440429688,0.03733470290899277,0.05832090228796005,111.25077056884766,185,2975,,,,,,,,,
,,,,,185,2975,123.20340728759766,146.98568725585938,0.037020180374383926,0.0548793263733387,123.89617919921875,0.6557321548461914,0.0,0.0,0.0
110.7728042602539,139.80294799804688,0.03700591251254082,0.058389775454998016,110.80979919433594,186,2991,,,,,,,,,
,,,,,186,2991,122.70793151855469,147.22915649414062,0.03632692992687225,0.0548052117228508,123.40208435058594,0.6578313708305359,0.0,0.0,0.0
110.30784606933594,139.23243713378906,0.03743233531713486,0.05743391066789627,110.34529113769531,187,3007,,,,,,,,,
,,,,,187,3007,122.2345199584961,144.9830322265625,0.03595197573304176,0.054035089910030365,122.93022155761719,0.65975421667099,0.0,0.0,0.0
109.8716812133789,138.69265747070312,0.03769998624920845,0.054650209844112396,109.90938568115234,188,3023,,,,,,,,,
,,,,,188,3023,121.73284912109375,145.9174041748047,0.037538137286901474,0.056614119559526443,122.43194580078125,0.6615621447563171,0.0,0.0,0.0
109.38670349121094,138.09518432617188,0.04239103943109512,0.067125104367733,109.4291000366211,189,3039,,,,,,,,,
,,,,,189,3039,121.2631607055664,144.8140106201172,0.03790541738271713,0.059193678200244904,121.96451568603516,0.6634441614151001,0.0,0.0,0.0
108.9171142578125,137.5165557861328,0.03927087038755417,0.06013292819261551,108.95637512207031,190,3055,,,,,,,,,
,,,,,190,3055,120.76289367675781,144.372314453125,0.037096310406923294,0.05839734151959419,121.4653549194336,0.665378212928772,0.0,0.0,0.0
108.47029113769531,136.9670867919922,0.039429739117622375,0.06367196887731552,108.50971984863281,191,3071,,,,,,,,,
,,,,,191,3071,120.2474365234375,144.72100830078125,0.03699466958642006,0.05467255786061287,120.9517593383789,0.6673336029052734,0.0,0.0,0.0
107.99141693115234,136.38035583496094,0.03772716969251633,0.058831024914979935,108.0291519165039,192,3087,,,,,,,,,
,,,,,192,3087,119.7662582397461,143.32638549804688,0.03711140900850296,0.057048965245485306,120.47259521484375,0.6691993474960327,0.0,0.0,0.0
107.53658294677734,135.8256378173828,0.04079883545637131,0.06473450362682343,107.57737731933594,193,3103,,,,,,,,,
,,,,,193,3103,119.24861907958984,141.26686096191406,0.03690772131085396,0.0573166199028492,119.9565200805664,0.67098069190979,0.0,0.0,0.0
107.04096984863281,135.21688842773438,0.03956150263547897,0.060992397367954254,107.08052062988281,194,3119,,,,,,,,,
,,,,,194,3119,118.76515197753906,141.7724609375,0.0395425483584404,0.05893569067120552,119.47761535644531,0.6729150414466858,0.0,0.0,0.0
106.58308410644531,134.65921020507812,0.04008179530501366,0.06230858713388443,106.6231689453125,195,3135,,,,,,,,,
,,,,,195,3135,118.22994232177734,140.75924682617188,0.038017839193344116,0.058640897274017334,118.9427719116211,0.674816370010376,0.0,0.0,0.0
106.10809326171875,134.08155822753906,0.04296775907278061,0.06952977925539017,106.15106201171875,196,3151,,,,,,,,,
,,,,,196,3151,117.7370834350586,140.8450469970703,0.036879222840070724,0.059599123895168304,118.4507064819336,0.6767452955245972,0.0,0.0,0.0
105.62626647949219,133.49420166015625,0.04053216055035591,0.06443532556295395,105.66679382324219,197,3167,,,,,,,,,
,,,,,197,3167,117.2405014038086,140.42214965820312,0.03856983408331871,0.059707511216402054,117.95765686035156,0.6785648465156555,0.0,0.0,0.0
105.13764953613281,132.90309143066406,0.041911013424396515,0.06127425283193588,105.1795654296875,198,3183,,,,,,,,,
,,,,,198,3183,116.7408676147461,138.51626586914062,0.03866293281316757,0.05875440686941147,117.46012115478516,0.6805879473686218,0.0,0.0,0.0
104.6725082397461,132.33615112304688,0.039976321160793304,0.05984552577137947,104.7125015258789,199,3199,,,,,,,,,
,,,,,199,3199,116.22590637207031,138.9004669189453,0.03955404832959175,0.05963855981826782,116.9478759765625,0.6824260950088501,0.0,0.0,0.0
104.2313003540039,131.7686004638672,0.03976692259311676,0.059809040278196335,104.27107238769531,200,3215,,,,,,,,,
,,,,,200,3215,115.72099304199219,139.3177490234375,0.03934468328952789,0.061052173376083374,116.44461822509766,0.6842800974845886,0.0,0.0,0.0
103.7679443359375,131.19357299804688,0.03906848281621933,0.06358609348535538,103.8070068359375,201,3231,,,,,,,,,
,,,,,201,3231,115.2149429321289,136.1049041748047,0.038945578038692474,0.06027071550488472,115.93975830078125,0.6858511567115784,0.0,0.0,0.0
103.30366516113281,130.5872802734375,0.04141758382320404,0.06438779830932617,103.34507751464844,202,3247,,,,,,,,,
,,,,,202,3247,114.7288818359375,137.1214599609375,0.03806479647755623,0.05948485806584358,115.45460510253906,0.6876657009124756,0.0,0.0,0.0
102.84382629394531,129.99758911132812,0.03865482285618782,0.05907232686877251,102.8824691772461,203,3263,,,,,,,,,
,,,,,203,3263,114.20445251464844,136.98831176757812,0.03747570142149925,0.05991634726524353,114.9315414428711,0.6896156072616577,0.0,0.0,0.0
102.39881134033203,129.4115447998047,0.04000874608755112,0.06033117324113846,102.43880462646484,204,3279,,,,,,,,,
,,,,,204,3279,113.698486328125,135.606201171875,0.03766592592000961,0.05955271050333977,114.4277572631836,0.691592812538147,0.0,0.0,0.0
101.94218444824219,128.82485961914062,0.03870270773768425,0.06108507513999939,101.98088073730469,205,3295,,,,,,,,,
,,,,,205,3295,113.17176818847656,133.600341796875,0.03800611570477486,0.060359884053468704,113.9034194946289,0.6936354637145996,0.0,0.0,0.0
101.50502014160156,128.24525451660156,0.038816291838884354,0.06525478512048721,101.54383850097656,206,3311,,,,,,,,,
,,,,,206,3311,112.67427825927734,133.9127197265625,0.03807688504457474,0.06066073104739189,113.40760803222656,0.6952555775642395,0.0,0.0,0.0
101.04353332519531,127.62385559082031,0.045531075447797775,0.07538969814777374,101.08906555175781,207,3327,,,,,,,,,
,,,,,207,3327,112.19681549072266,131.65042114257812,0.0388786718249321,0.059880681335926056,112.93304443359375,0.6973523497581482,0.0,0.0,0.0
100.6130142211914,127.05525207519531,0.041570596396923065,0.0694783627986908,100.65458679199219,208,3343,,,,,,,,,
,,,,,208,3343,111.66068267822266,133.1588897705078,0.03995319455862045,0.06538071483373642,112.39986419677734,0.6992325782775879,0.0,0.0,0.0
100.17652893066406,126.47996520996094,0.04063564911484718,0.06911102682352066,100.2171630859375,209,3359,,,,,,,,,
,,,,,209,3359,111.1672592163086,133.0646209716797,0.039859071373939514,0.06224935129284859,111.90791320800781,0.7007883787155151,0.0,0.0,0.0
99.72590637207031,125.8843994140625,0.04184059053659439,0.07159946113824844,99.76774597167969,210,3375,,,,,,,,,
,,,,,210,3375,110.67591857910156,131.20712280273438,0.038602326065301895,0.06299461424350739,111.4167709350586,0.7022387981414795,0.0,0.0,0.0
99.2887954711914,125.30558776855469,0.04386182874441147,0.0724465474486351,99.33265686035156,211,3391,,,,,,,,,
,,,,,211,3391,110.15667724609375,132.013671875,0.03807765990495682,0.06339399516582489,110.8988037109375,0.7040628790855408,0.0,0.0,0.0
98.84928894042969,124.72993469238281,0.04098791629076004,0.06863413751125336,98.89027404785156,212,3407,,,,,,,,,
,,,,,212,3407,109.65876770019531,130.03079223632812,0.04042535275220871,0.06427367031574249,110.405029296875,0.7058414220809937,0.0,0.0,0.0
98.39869689941406,124.13812255859375,0.03941800445318222,0.06444499641656876,98.4381103515625,213,3423,,,,,,,,,
,,,,,213,3423,109.16371154785156,128.58473205566406,0.040333960205316544,0.06543505936861038,109.91146087646484,0.7074064016342163,0.0,0.0,0.0
97.95690155029297,123.558349609375,0.04599460959434509,0.06920209527015686,98.0029067993164,214,3439,,,,,,,,,
,,,,,214,3439,108.66914367675781,128.99192810058594,0.039129745215177536,0.06269901245832443,109.41752624511719,0.7092675566673279,0.0,0.0,0.0
97.53954315185547,122.95701599121094,0.04085513949394226,0.06741547584533691,97.58039855957031,215,3455,,,,,,,,,
,,,,,215,3455,108.16899108886719,127.77034759521484,0.03957024961709976,0.06341415643692017,108.91925048828125,0.710673987865448,0.0,0.0,0.0
97.1183853149414,122.3530502319336,0.04022688418626785,0.06393273919820786,97.15861511230469,216,3471,,,,,,,,,
,,,,,216,3471,107.6595687866211,127.93641662597656,0.03849661350250244,0.062391914427280426,108.41024017333984,0.712175726890564,0.0,0.0,0.0
96.7175064086914,121.7672119140625,0.03991391137242317,0.06349070370197296,96.7574234008789,217,3487,,,,,,,,,
,,,,,217,3487,107.13720703125,127.960205078125,0.03836457431316376,0.06414615362882614,107.8892593383789,0.7136792540550232,0.0,0.0,0.0
96.329345703125,121.19551849365234,0.0420878641307354,0.06637372821569443,96.3714370727539,218,3503,,,,,,,,,
,,,,,218,3503,106.6362075805664,125.77083587646484,0.03760644048452377,0.05825881287455559,107.3888931274414,0.7150615453720093,0.0,0.0,0.0
95.93780517578125,120.61053466796875,0.04181757941842079,0.06907615065574646,95.97962951660156,219,3519,,,,,,,,,
,,,,,219,3519,106.1294174194336,127.45475769042969,0.03999333828687668,0.06384716928005219,106.8861083984375,0.7167056798934937,0.0,0.0,0.0
95.55226135253906,120.03913879394531,0.03958867862820625,0.06914954632520676,95.59184265136719,220,3535,,,,,,,,,
,,,,,220,3535,105.6270523071289,125.8150863647461,0.03907303884625435,0.06453169882297516,106.38460540771484,0.7184815406799316,0.0,0.0,0.0
95.15507507324219,119.4521484375,0.04262765496969223,0.07296840101480484,95.19770812988281,221,3551,,,,,,,,,
,,,,,221,3551,105.1455307006836,125.50987243652344,0.03755279630422592,0.06315764039754868,105.90327453613281,0.7201806902885437,0.0,0.0,0.0
94.7569580078125,118.86983489990234,0.04260949790477753,0.07471641153097153,94.79956817626953,222,3567,,,,,,,,,
,,,,,222,3567,104.64839172363281,124.77278137207031,0.03830910474061966,0.06237670034170151,105.4085693359375,0.7218636274337769,0.0,0.0,0.0
94.35294342041016,118.2634506225586,0.042529430240392685,0.06960783153772354,94.39547729492188,223,3583,,,,,,,,,
,,,,,223,3583,104.1826400756836,124.24702453613281,0.038306109607219696,0.06539411842823029,104.94462585449219,0.7236868739128113,0.0,0.0,0.0
93.9787368774414,117.73844146728516,0.04067380726337433,0.07166050374507904,94.0194091796875,224,3599,,,,,,,,,
,,,,,224,3599,103.6569595336914,121.63398742675781,0.03815538436174393,0.0631633922457695,104.42037200927734,0.7252532839775085,0.0,0.0,0.0
93.59114837646484,117.18791198730469,0.03906985744833946,0.06714554876089096,93.63021850585938,225,3615,,,,,,,,,
,,,,,225,3615,103.1864013671875,122.62931060791016,0.03902862221002579,0.06316985934972763,103.95194244384766,0.7264921069145203,0.0,0.0,0.0
93.19169616699219,116.60603332519531,0.039440277963876724,0.0685071125626564,93.23114013671875,226,3631,,,,,,,,,
,,,,,226,3631,102.7112045288086,121.31014251708984,0.037727050483226776,0.0630856305360794,103.47694396972656,0.7280157208442688,0.0,0.0,0.0
92.79174041748047,116.03776550292969,0.042088814079761505,0.06630561500787735,92.83382415771484,227,3647,,,,,,,,,
,,,,,227,3647,102.21611022949219,122.5112075805664,0.03961922228336334,0.0638408288359642,102.98548889160156,0.7297612428665161,0.0,0.0,0.0
92.38148498535156,115.45237731933594,0.04036594182252884,0.06725393980741501,92.4218521118164,228,3663,,,,,,,,,
,,,,,228,3663,101.74217987060547,120.49515533447266,0.038937948644161224,0.06370742619037628,102.51234436035156,0.7312195897102356,0.0,0.0,0.0
91.98931884765625,114.8889389038086,0.03931234031915665,0.06811587512493134,92.02863311767578,229,3679,,,,,,,,,
,,,,,229,3679,101.2425308227539,121.38265228271484,0.03929102048277855,0.06526370346546173,102.01471710205078,0.7328940629959106,0.0,0.0,0.0
91.61759185791016,114.34947204589844,0.04280815273523331,0.0697743147611618,91.660400390625,230,3695,,,,,,,,,
,,,,,230,3695,100.76920318603516,120.6123275756836,0.039414502680301666,0.06645424664020538,101.54334259033203,0.734705924987793,0.0,0.0,0.0
91.23970031738281,113.820556640625,0.042038533836603165,0.06863917410373688,91.28173828125,231,3711,,,,,,,,,
,,,,,231,3711,100.30477905273438,119.3768081665039,0.0387493371963501,0.06544893980026245,101.07994842529297,0.7364288568496704,0.0,0.0,0.0
90.85684967041016,113.3002700805664,0.039985280483961105,0.0743194967508316,90.89683532714844,232,3727,,,,,,,,,
,,,,,232,3727,99.8298568725586,118.56192779541016,0.037996791303157806,0.06628227233886719,100.60585021972656,0.7380020022392273,0.0,0.0,0.0
90.45304870605469,112.73368835449219,0.04031679779291153,0.07390566915273666,90.49336242675781,233,3743,,,,,,,,,
,,,,,233,3743,99.3800048828125,118.70108795166016,0.037500910460948944,0.06589842587709427,100.1570053100586,0.7395167946815491,0.0,0.0,0.0
90.08595275878906,112.20372009277344,0.03990446403622627,0.07247333228588104,90.12584686279297,234,3759,,,,,,,,,
,,,,,234,3759,98.88752746582031,118.27424621582031,0.0374472513794899,0.0660935640335083,99.66624450683594,0.7412732243537903,0.0,0.0,0.0
89.68090057373047,111.63433837890625,0.04071497172117233,0.06893715262413025,89.72161865234375,235,3775,,,,,,,,,
,,,,,235,3775,98.43449401855469,117.0627670288086,0.03821045532822609,0.06718066334724426,99.21556091308594,0.742857813835144,0.0,0.0,0.0
