,train_x1tox8_mae,train_x1tox8_rmse,total_train_loss,l1_weight_loss,l2_weight_loss,l1_bias_loss,l2_bias_loss
0,0.9854819625616074,1.2086593881249428,1.2211367934942245,0.2356548234820366,0.0,0.0,0.0
1,0.9538764022290707,1.1702763438224792,1.1848763823509216,0.2309999894350767,0.0,0.0,0.0
2,0.9280152656137943,1.1369503438472748,1.1544356420636177,0.22642037272453308,0.0,0.0,0.0
3,0.9044019393622875,1.1080720201134682,1.1265980824828148,0.2221961421892047,0.0,0.0,0.0
4,0.8837091699242592,1.082520268857479,1.1020394749939442,0.21833030134439468,0.0,0.0,0.0
5,0.8646291606128216,1.0588464736938477,1.0793499499559402,0.21472077816724777,0.0,0.0,0.0
6,0.8472606427967548,1.035896584391594,1.0583553165197372,0.21109467651695013,0.0,0.0,0.0
7,0.8315360322594643,1.0168342292308807,1.039145927876234,0.2076098844408989,0.0,0.0,0.0
8,0.8171018809080124,1.000438891351223,1.0212139748036861,0.20411209762096405,0.0,0.0,0.0
9,0.803639605641365,0.9829958267509937,1.0046181790530682,0.20097857527434826,0.0,0.0,0.0
10,0.7906645350158215,0.96922243013978,0.9886252470314503,0.19796071108430624,0.0,0.0,0.0
11,0.7775353938341141,0.9530916325747967,0.9725542031228542,0.19501881394535303,0.0,0.0,0.0
12,0.7656906954944134,0.9385539181530476,0.9577639624476433,0.1920732706785202,0.0,0.0,0.0
13,0.7533188946545124,0.9256055355072021,0.9424020536243916,0.189083157107234,0.0,0.0,0.0
14,0.7420543804764748,0.9132867567241192,0.9284816756844521,0.18642729241400957,0.0,0.0,0.0
15,0.7313364148139954,0.9033856727182865,0.9151062555611134,0.18376983981579542,0.0,0.0,0.0
16,0.7214379236102104,0.889739379286766,0.9026562049984932,0.18121827486902475,0.0,0.0,0.0
17,0.712430514395237,0.8809495493769646,0.8914072774350643,0.1789767649024725,0.0,0.0,0.0
18,0.704037930816412,0.8719997592270374,0.8808965384960175,0.1768586104735732,0.0,0.0,0.0
19,0.6954025626182556,0.8627890050411224,0.8702001236379147,0.1747975628823042,0.0,0.0,0.0
20,0.6877931244671345,0.85315752774477,0.8605427704751492,0.17274964600801468,0.0,0.0,0.0
21,0.680419322103262,0.845537431538105,0.8513034246861935,0.1708841072395444,0.0,0.0,0.0
22,0.6728609912097454,0.8366242796182632,0.8419146239757538,0.1690536392852664,0.0,0.0,0.0
23,0.665996391326189,0.8291967809200287,0.8334359265863895,0.16743952967226505,0.0,0.0,0.0
24,0.6594192162156105,0.8211734592914581,0.82523088529706,0.16581166721880436,0.0,0.0,0.0
25,0.6529376953840256,0.8135855570435524,0.8172056376934052,0.164267941378057,0.0,0.0,0.0
26,0.646351145580411,0.8047483339905739,0.8091088496148586,0.16275769844651222,0.0,0.0,0.0
27,0.6400928907096386,0.7991307079792023,0.8012841120362282,0.16119121480733156,0.0,0.0,0.0
28,0.6339716613292694,0.7921559475362301,0.7935870103538036,0.1596153462305665,0.0,0.0,0.0
29,0.6277513243257999,0.7833772338926792,0.7859174534678459,0.15816612355411053,0.0,0.0,0.0
30,0.6214957349002361,0.7781953401863575,0.7782136015594006,0.156717867590487,0.0,0.0,0.0
31,0.6159870512783527,0.7724907845258713,0.7713436894118786,0.15535664279013872,0.0,0.0,0.0
32,0.6099606305360794,0.7651549093425274,0.7638993263244629,0.15393870044499636,0.0,0.0,0.0
33,0.6046784333884716,0.7591035589575768,0.7571930848062038,0.1525146458297968,0.0,0.0,0.0
34,0.5989450365304947,0.752923134714365,0.7502522468566895,0.15130720660090446,0.0,0.0,0.0
35,0.5935670286417007,0.7480575107038021,0.7437112480401993,0.15014421753585339,0.0,0.0,0.0
36,0.5884278453886509,0.7415879294276237,0.7375079542398453,0.14908011723309755,0.0,0.0,0.0
37,0.5828140322118998,0.7355813682079315,0.7306201681494713,0.14780614152550697,0.0,0.0,0.0
38,0.5774861313402653,0.7303477302193642,0.7240201085805893,0.1465339781716466,0.0,0.0,0.0
39,0.5721072722226381,0.7247534357011318,0.7173641733825207,0.1452569030225277,0.0,0.0,0.0
40,0.5668790601193905,0.7186844982206821,0.7108075134456158,0.1439284449443221,0.0,0.0,0.0
41,0.5612625107169151,0.7126055471599102,0.7038808353245258,0.14261831808835268,0.0,0.0,0.0
42,0.5553954262286425,0.7075493633747101,0.6967142149806023,0.14131878968328238,0.0,0.0,0.0
43,0.5494104940444231,0.7019473873078823,0.6895360164344311,0.14012552332133055,0.0,0.0,0.0
44,0.5435866042971611,0.6953942067921162,0.682439174503088,0.13885257951915264,0.0,0.0,0.0
45,0.537921566516161,0.6903017610311508,0.6753342747688293,0.1374127073213458,0.0,0.0,0.0
46,0.5319648794829845,0.6817416585981846,0.6680871620774269,0.13612227886915207,0.0,0.0,0.0
47,0.5259229931980371,0.676274262368679,0.6607266739010811,0.13480367604643106,0.0,0.0,0.0
48,0.5203803274780512,0.6713037118315697,0.6539274603128433,0.1335471272468567,0.0,0.0,0.0
49,0.5140178091824055,0.6637857146561146,0.6465107910335064,0.13249297812581062,0.0,0.0,0.0
50,0.5081419739872217,0.6574443578720093,0.6394826211035252,0.13134064804762602,0.0,0.0,0.0
51,0.5023054424673319,0.6525085084140301,0.6323805339634418,0.1300750905647874,0.0,0.0,0.0
52,0.49619268998503685,0.6463448517024517,0.6253347545862198,0.1291420729830861,0.0,0.0,0.0
53,0.48924666829407215,0.6383358296006918,0.6175516545772552,0.12830498162657022,0.0,0.0,0.0
54,0.4828112479299307,0.6332432962954044,0.6100710965692997,0.12725984957069159,0.0,0.0,0.0
55,0.47612032666802406,0.6272525489330292,0.6024570316076279,0.12633670307695866,0.0,0.0,0.0
56,0.4694746136665344,0.61933877132833,0.5948169976472855,0.12534238304942846,0.0,0.0,0.0
57,0.4632582366466522,0.6148464046418667,0.5877214409410954,0.12446320429444313,0.0,0.0,0.0
58,0.4567046072334051,0.6068734377622604,0.5801841244101524,0.12347951671108603,0.0,0.0,0.0
59,0.4501711931079626,0.6036037057638168,0.572640486061573,0.12246929947286844,0.0,0.0,0.0
60,0.44405565969645977,0.5966879539191723,0.5654549151659012,0.12139925360679626,0.0,0.0,0.0
61,0.4373524319380522,0.5934452228248119,0.5576212517917156,0.1202688212506473,0.0,0.0,0.0
62,0.4310427103191614,0.5889817625284195,0.5501601714640856,0.1191174634732306,0.0,0.0,0.0
63,0.42423947528004646,0.5836403500288725,0.5423445589840412,0.11810508230701089,0.0,0.0,0.0
64,0.4176418073475361,0.5798246003687382,0.5344309657812119,0.11678916122764349,0.0,0.0,0.0
65,0.41126585379242897,0.5748139265924692,0.5269773472100496,0.11571148643270135,0.0,0.0,0.0
66,0.40500998869538307,0.5704329200088978,0.5196344293653965,0.11462443927302957,0.0,0.0,0.0
67,0.39840784668922424,0.5670900829136372,0.5121004469692707,0.11369259748607874,0.0,0.0,0.0
68,0.39272284135222435,0.562616903334856,0.505355104804039,0.11263226065784693,0.0,0.0,0.0
69,0.3870596531778574,0.5582511015236378,0.49855477921664715,0.11149512836709619,0.0,0.0,0.0
70,0.3813344780355692,0.5539403147995472,0.4917829651385546,0.1104484903626144,0.0,0.0,0.0
71,0.3756240587681532,0.549451906234026,0.4850858300924301,0.1094617685303092,0.0,0.0,0.0
72,0.3699325378984213,0.5474713891744614,0.4783933646976948,0.10846082493662834,0.0,0.0,0.0
73,0.3646457679569721,0.5453038588166237,0.47190795838832855,0.10726218903437257,0.0,0.0,0.0
74,0.3595083560794592,0.5423247646540403,0.46583658643066883,0.1063282354734838,0.0,0.0,0.0
75,0.3539229165762663,0.5381786208599806,0.4594058934599161,0.10548297828063369,0.0,0.0,0.0
76,0.3487888891249895,0.5355537962168455,0.4531004223972559,0.1043115365318954,0.0,0.0,0.0
77,0.34422375820577145,0.5342921055853367,0.44731454737484455,0.1030907928943634,0.0,0.0,0.0
78,0.33904318138957024,0.5304227042943239,0.4410895984619856,0.10204642219468951,0.0,0.0,0.0
79,0.3340480960905552,0.527460241690278,0.4348879009485245,0.10083980672061443,0.0,0.0,0.0
80,0.3292656447738409,0.5262963641434908,0.4290932547301054,0.0998276062309742,0.0,0.0,0.0
81,0.32440629974007607,0.5228886157274246,0.4232113156467676,0.09880501683801413,0.0,0.0,0.0
82,0.319283508695662,0.523070253431797,0.41734766215085983,0.09806415205821395,0.0,0.0,0.0
83,0.3140107076615095,0.5199334118515253,0.41116834431886673,0.09715763479471207,0.0,0.0,0.0
84,0.3093030108138919,0.520306782796979,0.4055486600846052,0.09624564927071333,0.0,0.0,0.0
85,0.3045753426849842,0.5173427276313305,0.4001166056841612,0.09554125927388668,0.0,0.0,0.0
86,0.29911147244274616,0.5168091934174299,0.3938738014549017,0.09476233320310712,0.0,0.0,0.0
87,0.29476428497582674,0.5131946131587029,0.3889144752174616,0.09415019163861871,0.0,0.0,0.0
88,0.2907198900356889,0.5091319438070059,0.3841404300183058,0.09342053905129433,0.0,0.0,0.0
89,0.2855855468660593,0.509267495945096,0.37821742333471775,0.0926318783313036,0.0,0.0,0.0
90,0.28132872469723225,0.5089593045413494,0.3732432760298252,0.09191454900428653,0.0,0.0,0.0
91,0.27717767283320427,0.5075483489781618,0.36866368167102337,0.09148600837215781,0.0,0.0,0.0
92,0.2729322165250778,0.505878372117877,0.3637523967772722,0.09082017978653312,0.0,0.0,0.0
93,0.2693280642852187,0.5078365001827478,0.35948667488992214,0.0901586078107357,0.0,0.0,0.0
94,0.26550551410764456,0.503077045083046,0.35493821650743484,0.0894327056594193,0.0,0.0,0.0
95,0.26310868188738823,0.503400806337595,0.35163114964962006,0.08852246683090925,0.0,0.0,0.0
96,0.25977661833167076,0.5007167868316174,0.34788262471556664,0.0881060054525733,0.0,0.0,0.0
97,0.2571036033332348,0.4985530525445938,0.3444175384938717,0.08731393702328205,0.0,0.0,0.0
98,0.25405234564095736,0.4966447278857231,0.34083310700953007,0.08678076509386301,0.0,0.0,0.0
99,0.25122234877198935,0.49443770945072174,0.3373306728899479,0.0861083222553134,0.0,0.0,0.0
100,0.24931474681943655,0.49286026880145073,0.3349042348563671,0.08558949176222086,0.0,0.0,0.0
101,0.24644253123551607,0.493174746632576,0.3315054140985012,0.08506287634372711,0.0,0.0,0.0
102,0.2437990913167596,0.48944792710244656,0.32830692641437054,0.0845078332349658,0.0,0.0,0.0
103,0.2417630823329091,0.4886864274740219,0.3257810939103365,0.0840180148370564,0.0,0.0,0.0
104,0.2395329987630248,0.48705269023776054,0.323035204783082,0.08350220881402493,0.0,0.0,0.0
105,0.23758801631629467,0.4868171364068985,0.32080251537263393,0.08321449719369411,0.0,0.0,0.0
106,0.23477170057594776,0.4840932618826628,0.31768330745399,0.0829116078093648,0.0,0.0,0.0
107,0.2330272076651454,0.4823090583086014,0.3155982121825218,0.08257100731134415,0.0,0.0,0.0
108,0.23101799096912146,0.477606825530529,0.3131388984620571,0.08212090516462922,0.0,0.0,0.0
109,0.22894106339663267,0.47834089398384094,0.31085085682570934,0.08190979436039925,0.0,0.0,0.0
110,0.2272766176611185,0.4756442029029131,0.308876040391624,0.08159942319616675,0.0,0.0,0.0
111,0.22539260424673557,0.47418996691703796,0.3066650815308094,0.0812724744901061,0.0,0.0,0.0
112,0.2245443956926465,0.47373709641397,0.3055701907724142,0.0810257913544774,0.0,0.0,0.0
113,0.22269946429878473,0.47146072052419186,0.3034388516098261,0.0807393854483962,0.0,0.0,0.0
114,0.22051337454468012,0.46988396905362606,0.301123671233654,0.08061029575765133,0.0,0.0,0.0
115,0.21900367364287376,0.4634967427700758,0.29946244787424803,0.08045877562835813,0.0,0.0,0.0
116,0.2173256240785122,0.465336449444294,0.2975400686264038,0.08021444734185934,0.0,0.0,0.0
117,0.21512225456535816,0.463980995118618,0.2952576521784067,0.08013539621606469,0.0,0.0,0.0
118,0.21377004869282246,0.46153961680829525,0.2936736084520817,0.07990355975925922,0.0,0.0,0.0
119,0.21242695953696966,0.458461657166481,0.29228210262954235,0.07985514495521784,0.0,0.0,0.0
120,0.21092022769153118,0.4575648996978998,0.29062380362302065,0.07970357500016689,0.0,0.0,0.0
121,0.2097149584442377,0.4555700998753309,0.2893747389316559,0.07965978095307946,0.0,0.0,0.0
122,0.20851965248584747,0.4539636820554733,0.2880729604512453,0.07955331122502685,0.0,0.0,0.0
123,0.20668135210871696,0.44884635508060455,0.28631278686225414,0.07963143521919847,0.0,0.0,0.0
124,0.20483197085559368,0.44965415075421333,0.2844660300761461,0.07963405782356858,0.0,0.0,0.0
125,0.20302466861903667,0.4466316346079111,0.28254764433950186,0.07952297432348132,0.0,0.0,0.0
126,0.20200577937066555,0.4448938053101301,0.2815490569919348,0.07954327762126923,0.0,0.0,0.0
127,0.20008444413542747,0.4406874645501375,0.2796683944761753,0.07958395034074783,0.0,0.0,0.0
128,0.19875801913440228,0.43950689397752285,0.27824636921286583,0.07948835240676999,0.0,0.0,0.0
129,0.19680821523070335,0.4362641293555498,0.2763859713450074,0.07957775332033634,0.0,0.0,0.0
130,0.19470767490565777,0.4333666581660509,0.2743733702227473,0.0796656939201057,0.0,0.0,0.0
131,0.19376622326672077,0.42992514930665493,0.2735134083777666,0.07974718790501356,0.0,0.0,0.0
132,0.19208818767219782,0.42590437084436417,0.2718927627429366,0.07980457367375493,0.0,0.0,0.0
133,0.1901405267417431,0.4249253682792187,0.27007494680583477,0.0799344195984304,0.0,0.0,0.0
134,0.18870867136865854,0.42354537919163704,0.26875550486147404,0.08004683582112193,0.0,0.0,0.0
135,0.18748576659709215,0.41889989376068115,0.26762524526566267,0.08013947866857052,0.0,0.0,0.0
136,0.18590034265071154,0.41732428781688213,0.2660845573991537,0.08018421335145831,0.0,0.0,0.0
137,0.18394321016967297,0.41450491547584534,0.26439879462122917,0.08045558398589492,0.0,0.0,0.0
138,0.1824347754009068,0.40986076183617115,0.26273168344050646,0.08029690803959966,0.0,0.0,0.0
139,0.18013612180948257,0.4076644089072943,0.26073024049401283,0.08059411682188511,0.0,0.0,0.0
140,0.1785953650251031,0.405965244397521,0.2593546509742737,0.08075928641483188,0.0,0.0,0.0
141,0.1761811231262982,0.3993932120501995,0.2570206504315138,0.08083952823653817,0.0,0.0,0.0
142,0.17430427856743336,0.39780168794095516,0.25521888956427574,0.08091461192816496,0.0,0.0,0.0
143,0.1724765421822667,0.39543651416897774,0.2535938136279583,0.08111726865172386,0.0,0.0,0.0
144,0.1702616848051548,0.39130054973065853,0.2515079202130437,0.08124623447656631,0.0,0.0,0.0
145,0.168013590388,0.3892337027937174,0.24942509829998016,0.08141150744631886,0.0,0.0,0.0
146,0.16566800512373447,0.3851598147302866,0.24723344016820192,0.08156543178483844,0.0,0.0,0.0
147,0.16349045652896166,0.3828035108745098,0.2452965546399355,0.08180609811097383,0.0,0.0,0.0
148,0.16127684246748686,0.38199036195874214,0.24321074411273003,0.0819339002482593,0.0,0.0,0.0
149,0.15886576427146792,0.3769011180847883,0.24098649993538857,0.08212073426693678,0.0,0.0,0.0
150,0.1567571028135717,0.37597889825701714,0.23899408895522356,0.08223698614165187,0.0,0.0,0.0
151,0.1540891882032156,0.3715489823371172,0.23660232685506344,0.08251313818618655,0.0,0.0,0.0
152,0.15177204879000783,0.36543021723628044,0.23444429691880941,0.08267224719747901,0.0,0.0,0.0
153,0.14904338866472244,0.3648252384737134,0.23190655000507832,0.08286316506564617,0.0,0.0,0.0
154,0.1467307540588081,0.36329207569360733,0.22987555153667927,0.08314479747787118,0.0,0.0,0.0
155,0.1445321524515748,0.36424280516803265,0.22782753128558397,0.08329537836834788,0.0,0.0,0.0
156,0.14162482600659132,0.3606184646487236,0.22518561873584986,0.08356079598888755,0.0,0.0,0.0
157,0.13860111823305488,0.35746975988149643,0.22231959085911512,0.08371847402304411,0.0,0.0,0.0
158,0.13566980557516217,0.36001008190214634,0.21970212273299694,0.08403231762349606,0.0,0.0,0.0
159,0.1327228774316609,0.3588037006556988,0.21694617345929146,0.08422329369932413,0.0,0.0,0.0
160,0.1296005342155695,0.35342417657375336,0.214067492634058,0.08446695795282722,0.0,0.0,0.0
161,0.1273786467500031,0.3534926548600197,0.21215674187988043,0.08477809512987733,0.0,0.0,0.0
162,0.1256951754912734,0.35471602343022823,0.21035943273454905,0.08466425724327564,0.0,0.0,0.0
163,0.12552054040133953,0.35528017953038216,0.20985877886414528,0.08433823939412832,0.0,0.0,0.0
164,0.12399326916784048,0.3557894937694073,0.208067262545228,0.08407399151474237,0.0,0.0,0.0
165,0.12365440325811505,0.3530100081115961,0.20747200958430767,0.08381760446354747,0.0,0.0,0.0
166,0.12294969381764531,0.3525483012199402,0.2065233075991273,0.08357361145317554,0.0,0.0,0.0
167,0.1228610840626061,0.3507192023098469,0.20629058685153723,0.08342950325459242,0.0,0.0,0.0
168,0.12220338033512235,0.35234079509973526,0.2052688142284751,0.08306543482467532,0.0,0.0,0.0
169,0.1223632930777967,0.35347505286335945,0.2052885489538312,0.08292525680735707,0.0,0.0,0.0
170,0.12158732023090124,0.35284519381821156,0.20420654956251383,0.08261923026293516,0.0,0.0,0.0
171,0.1209285669028759,0.3538449704647064,0.2033380437642336,0.08240947499871254,0.0,0.0,0.0
172,0.12094548577442765,0.3529617553576827,0.20319049898535013,0.08224501274526119,0.0,0.0,0.0
173,0.1211084402166307,0.35370297729969025,0.2030390864238143,0.08193064760416746,0.0,0.0,0.0
174,0.12093627359718084,0.3496811669319868,0.20270502474159002,0.08176875161007047,0.0,0.0,0.0
175,0.12106600520201027,0.3478655628859997,0.2026033103466034,0.08153730677440763,0.0,0.0,0.0
176,0.12000784138217568,0.3508512945845723,0.20141666382551193,0.08140882011502981,0.0,0.0,0.0
177,0.11929487530142069,0.352020688354969,0.20048502180725336,0.08119014697149396,0.0,0.0,0.0
178,0.11856447998434305,0.35170106031000614,0.19962520152330399,0.0810607229359448,0.0,0.0,0.0
179,0.11889709206297994,0.34953787829726934,0.1997334947809577,0.08083640178665519,0.0,0.0,0.0
180,0.11857204465195537,0.3515162095427513,0.19927705265581608,0.08070500800386071,0.0,0.0,0.0
181,0.11813663458451629,0.35141756013035774,0.19868839252740145,0.08055175840854645,0.0,0.0,0.0
182,0.11805801885202527,0.35051832161843777,0.19844122510403395,0.08038320718333125,0.0,0.0,0.0
183,0.11905550258234143,0.34695324301719666,0.199178172275424,0.08012266829609871,0.0,0.0,0.0
184,0.1171313957311213,0.35015028342604637,0.1972393775358796,0.08010798180475831,0.0,0.0,0.0
185,0.11700390046462417,0.3476513819769025,0.19692018628120422,0.07991628535091877,0.0,0.0,0.0
186,0.1169755095615983,0.3495106576010585,0.1966740395873785,0.07969852909445763,0.0,0.0,0.0
187,0.11655141320079565,0.3487771600484848,0.19616295397281647,0.07961153984069824,0.0,0.0,0.0
188,0.11577001633122563,0.35024804063141346,0.19521933514624834,0.07944931834936142,0.0,0.0,0.0
189,0.11596544762142003,0.347479865886271,0.19526336528360844,0.07929791836068034,0.0,0.0,0.0
190,0.11640136782079935,0.3500583292916417,0.19559990521520376,0.07919853646308184,0.0,0.0,0.0
191,0.11595168057829142,0.3490051981061697,0.1949898200109601,0.07903813850134611,0.0,0.0,0.0
192,0.11542950244620442,0.3494621869176626,0.19428855180740356,0.078859050758183,0.0,0.0,0.0
193,0.11526956828311086,0.3496589530259371,0.19403579086065292,0.07876622257754207,0.0,0.0,0.0
194,0.11556649720296264,0.3511585146188736,0.1941179009154439,0.07855140138417482,0.0,0.0,0.0
195,0.1153662302531302,0.3500811234116554,0.1938106520101428,0.07844442455098033,0.0,0.0,0.0
196,0.11482208082452416,0.3508423138409853,0.1931264027953148,0.07830432197079062,0.0,0.0,0.0
197,0.11421641055494547,0.3487166417762637,0.1924168048426509,0.07820039382204413,0.0,0.0,0.0
198,0.11442583100870252,0.34967802837491035,0.1924695922061801,0.07804376119747758,0.0,0.0,0.0
199,0.11440654145553708,0.346521345898509,0.1923070941120386,0.07790055125951767,0.0,0.0,0.0
200,0.11415154300630093,0.3497724048793316,0.19197699520736933,0.0778254522010684,0.0,0.0,0.0
201,0.11447289073839784,0.3519347235560417,0.19214488565921783,0.07767199352383614,0.0,0.0,0.0
202,0.11409137910231948,0.34996422566473484,0.19165031239390373,0.07755893282592297,0.0,0.0,0.0
203,0.11400525784119964,0.35168970562517643,0.19143227860331535,0.07742702309042215,0.0,0.0,0.0
204,0.11445341259241104,0.35046426579356194,0.19173548463732004,0.07728207111358643,0.0,0.0,0.0
205,0.11498729232698679,0.3492321977391839,0.1921740947291255,0.07718680100515485,0.0,0.0,0.0
206,0.1140789333730936,0.3486132137477398,0.19114229641854763,0.07706336211413145,0.0,0.0,0.0
207,0.1136469915509224,0.35022310726344585,0.19062182679772377,0.07697483524680138,0.0,0.0,0.0
208,0.1143224686384201,0.34903051797300577,0.19115573167800903,0.07683326350525022,0.0,0.0,0.0
209,0.11429886287078261,0.3493104800581932,0.1910170614719391,0.07671820092946291,0.0,0.0,0.0
210,0.11364641087129712,0.35109675116837025,0.1902672341093421,0.07662082137539983,0.0,0.0,0.0
211,0.1134500028565526,0.3497241484001279,0.18998538702726364,0.07653538370504975,0.0,0.0,0.0
212,0.11298131057992578,0.34797465056180954,0.1893426701426506,0.0763613567687571,0.0,0.0,0.0
213,0.11290900176391006,0.34661549516022205,0.18920444045215845,0.07629543775692582,0.0,0.0,0.0
214,0.11320886434987187,0.349919056519866,0.1893630539998412,0.07615418918430805,0.0,0.0,0.0
215,0.1134611926972866,0.3507697135210037,0.1894721845164895,0.0760109918192029,0.0,0.0,0.0
216,0.11316130449995399,0.3509999141097069,0.18912992253899574,0.07596861571073532,0.0,0.0,0.0
217,0.11337990080937743,0.3468626355752349,0.1892186449840665,0.07583874417468905,0.0,0.0,0.0
218,0.11290417378768325,0.3476292034611106,0.18866951670497656,0.07576534152030945,0.0,0.0,0.0
219,0.11253938777372241,0.35043948143720627,0.1881499858573079,0.07561059715226293,0.0,0.0,0.0
220,0.11260076658800244,0.3470694972202182,0.18814182095229626,0.07554105343297124,0.0,0.0,0.0
221,0.11261867033317685,0.3496800363063812,0.18806334398686886,0.07544467505067587,0.0,0.0,0.0
222,0.11281106946989894,0.3501014932990074,0.18812083546072245,0.07530976738780737,0.0,0.0,0.0
223,0.11254818411543965,0.34944815561175346,0.18772697262465954,0.07517878944054246,0.0,0.0,0.0
224,0.11236918345093727,0.3480720538645983,0.1875145612284541,0.07514537731185555,0.0,0.0,0.0
225,0.11251184390857816,0.34940822049975395,0.18753386940807104,0.0750220250338316,0.0,0.0,0.0
226,0.11229269905015826,0.3492669751867652,0.18721843231469393,0.07492573466151953,0.0,0.0,0.0
227,0.11292834719642997,0.35074364952743053,0.18775916378945112,0.07483081659302115,0.0,0.0,0.0
228,0.11220753286033869,0.34772888012230396,0.18697022646665573,0.07476269407197833,0.0,0.0,0.0
229,0.1121780606918037,0.34851948358118534,0.18680457212030888,0.07462651329115033,0.0,0.0,0.0
230,0.11186125921085477,0.34759780019521713,0.1864287070930004,0.0745674492791295,0.0,0.0,0.0
231,0.11175834061577916,0.3447635546326637,0.1862316643819213,0.07447332376614213,0.0,0.0,0.0
232,0.11186004150658846,0.3485399279743433,0.18622994609177113,0.07436990411952138,0.0,0.0,0.0
233,0.11175207979977131,0.3495305646210909,0.18605677131563425,0.07430469151586294,0.0,0.0,0.0
234,0.11195379355922341,0.348328560590744,0.18618330918252468,0.07422951515763998,0.0,0.0,0.0
235,0.11193129187449813,0.34955350309610367,0.18609511572867632,0.0741638233885169,0.0,0.0,0.0
236,0.11177857499569654,0.34806724078953266,0.18582139909267426,0.074042824562639,0.0,0.0,0.0
237,0.11150748701766133,0.349416283890605,0.18541889265179634,0.07391140703111887,0.0,0.0,0.0
238,0.11173759447410703,0.34997695684432983,0.18561515118926764,0.0738775571808219,0.0,0.0,0.0
239,0.1117915129289031,0.3467635754495859,0.1856085481122136,0.07381703285500407,0.0,0.0,0.0
240,0.11129016103222966,0.3488317150622606,0.18492816481739283,0.07363800331950188,0.0,0.0,0.0
241,0.11157852550968528,0.34697484970092773,0.18516804557293653,0.0735895219258964,0.0,0.0,0.0
242,0.1111174295656383,0.34869762882590294,0.1846002647653222,0.07348283426836133,0.0,0.0,0.0
243,0.11138995550572872,0.3478969633579254,0.18483682349324226,0.07344686798751354,0.0,0.0,0.0
244,0.11179711250588298,0.3485957756638527,0.1851407876238227,0.07334367604926229,0.0,0.0,0.0
245,0.11185581469908357,0.3478257302194834,0.18512193020433187,0.07326611829921603,0.0,0.0,0.0
246,0.11169168911874294,0.3479567440226674,0.18487873394042253,0.07318704621866345,0.0,0.0,0.0
247,0.11250002961605787,0.3435264602303505,0.18554087914526463,0.0730408513918519,0.0,0.0,0.0
248,0.11169908894225955,0.34831242822110653,0.184728411026299,0.07302932115271688,0.0,0.0,0.0
249,0.11129447305575013,0.3460360514000058,0.1842301245778799,0.07293565198779106,0.0,0.0,0.0
250,0.1112133227288723,0.34887542203068733,0.18401884473860264,0.07280552200973034,0.0,0.0,0.0
251,0.1114480304531753,0.34741372149437666,0.18420247454196215,0.07275444315746427,0.0,0.0,0.0
252,0.1117083178833127,0.3470629984512925,0.18441885709762573,0.07271053781732917,0.0,0.0,0.0
253,0.11169652547687292,0.34765416011214256,0.1843071710318327,0.0726106446236372,0.0,0.0,0.0
254,0.11170835513621569,0.34773957543075085,0.18416975531727076,0.07246140064671636,0.0,0.0,0.0
255,0.11144831031560898,0.3487131930887699,0.1838903883472085,0.07244207803159952,0.0,0.0,0.0
256,0.11148335738107562,0.34922624938189983,0.18384908605366945,0.07236573053523898,0.0,0.0,0.0
257,0.11182059207931161,0.34711876418441534,0.18408587761223316,0.07226528692990541,0.0,0.0,0.0
258,0.11152190389111638,0.3455035826191306,0.18374464008957148,0.0722227361984551,0.0,0.0,0.0
259,0.11137598566710949,0.34876691177487373,0.18353380355983973,0.0721578192897141,0.0,0.0,0.0
260,0.1113364240154624,0.34967259131371975,0.1833843570202589,0.07204793440178037,0.0,0.0,0.0
261,0.11119446950033307,0.3475897088646889,0.18317683786153793,0.07198236789554358,0.0,0.0,0.0
262,0.11154649313539267,0.34572942461818457,0.18342592660337687,0.0718794334679842,0.0,0.0,0.0
263,0.1114768567495048,0.3488030228763819,0.1832720646634698,0.07179520884528756,0.0,0.0,0.0
264,0.11104911426082253,0.34754703566432,0.18281425535678864,0.0717651410959661,0.0,0.0,0.0
265,0.1114732138812542,0.3476596437394619,0.1831489996984601,0.07167578814551234,0.0,0.0,0.0
266,0.11102155735716224,0.3478702772408724,0.182645202614367,0.0716236443258822,0.0,0.0,0.0
267,0.11101302271708846,0.3495593648403883,0.1825372390449047,0.07152421725913882,0.0,0.0,0.0
268,0.11058032466098666,0.34852277860045433,0.1820285664871335,0.07144824042916298,0.0,0.0,0.0
269,0.11100611463189125,0.34514931682497263,0.18238532450050116,0.07137921079993248,0.0,0.0,0.0
270,0.11089172447100282,0.3475324558094144,0.18217491637915373,0.07128319097682834,0.0,0.0,0.0
271,0.1108772954903543,0.3477463461458683,0.18210459779947996,0.07122730137780309,0.0,0.0,0.0
272,0.11070709442719817,0.34709018655121326,0.1818671589717269,0.0711600654758513,0.0,0.0,0.0
273,0.11098750634118915,0.35000807978212833,0.18206570576876402,0.07107820129022002,0.0,0.0,0.0
274,0.11117262858897448,0.34591117314994335,0.18220792803913355,0.0710353022441268,0.0,0.0,0.0
275,0.11091996589675546,0.3499797135591507,0.18185573909431696,0.07093577180057764,0.0,0.0,0.0
276,0.11099075619131327,0.34846423752605915,0.18185555282980204,0.07086479663848877,0.0,0.0,0.0
277,0.11092134285718203,0.3479610634967685,0.1817603213712573,0.07083897665143013,0.0,0.0,0.0
278,0.11111469240859151,0.34848237968981266,0.18184822145849466,0.07073352858424187,0.0,0.0,0.0
279,0.11140578729100525,0.3469167482107878,0.18208282068371773,0.07067702990025282,0.0,0.0,0.0
280,0.11088890535756946,0.3483119532465935,0.1814481494948268,0.07055924413725734,0.0,0.0,0.0
281,0.11023807432502508,0.3493658993393183,0.1807522363960743,0.07051416207104921,0.0,0.0,0.0
282,0.11059211008250713,0.34582346118986607,0.1809987099841237,0.07040659990161657,0.0,0.0,0.0
283,0.11114376317709684,0.3480671923607588,0.18151705339550972,0.07037329114973545,0.0,0.0,0.0
284,0.11131722945719957,0.34776122123003006,0.1816688682883978,0.07035163789987564,0.0,0.0,0.0
285,0.11078415112569928,0.3463570512831211,0.18101168144494295,0.07022753031924367,0.0,0.0,0.0
286,0.11083224811591208,0.3444116832688451,0.1809891564771533,0.07015690952539444,0.0,0.0,0.0
287,0.1106307995505631,0.3476554248481989,0.18072064220905304,0.07008984358981252,0.0,0.0,0.0
288,0.11007703235372901,0.3437935411930084,0.1800731122493744,0.06999607989564538,0.0,0.0,0.0
289,0.10990163311362267,0.34670734591782093,0.1798566859215498,0.06995505327358842,0.0,0.0,0.0
290,0.11006671516224742,0.347844023257494,0.17995836678892374,0.06989165209233761,0.0,0.0,0.0
291,0.11061618244275451,0.3486295584589243,0.18043492175638676,0.0698187411762774,0.0,0.0,0.0
292,0.11062634037807584,0.3476936835795641,0.18041169922798872,0.06978535931557417,0.0,0.0,0.0
293,0.11081160791218281,0.34812659956514835,0.18049679417163134,0.06968518579378724,0.0,0.0,0.0
294,0.1106271417811513,0.3496147394180298,0.18022955488413572,0.06960241170600057,0.0,0.0,0.0
295,0.11052231164649129,0.3475532568991184,0.1800312316045165,0.06950891762971878,0.0,0.0,0.0
296,0.11040844302624464,0.34761518612504005,0.1799013577401638,0.06949291657656431,0.0,0.0,0.0
297,0.11023271176964045,0.3466327637434006,0.1796253239735961,0.06939261266961694,0.0,0.0,0.0
298,0.11033930024132133,0.3477591872215271,0.17963165789842606,0.0692923585884273,0.0,0.0,0.0
299,0.1108256527222693,0.34606551192700863,0.18013689294457436,0.06931123975664377,0.0,0.0,0.0
300,0.11094170436263084,0.34930006973445415,0.1801807964220643,0.06923909112811089,0.0,0.0,0.0
301,0.11049795197322965,0.3481399919837713,0.1796517875045538,0.06915383553132415,0.0,0.0,0.0
302,0.11078667384572327,0.3449668334797025,0.17982070706784725,0.06903403345495462,0.0,0.0,0.0
303,0.11093172244727612,0.34743861947208643,0.1799494856968522,0.06901776138693094,0.0,0.0,0.0
304,0.11133413901552558,0.34630666580051184,0.18031371757388115,0.06897957995533943,0.0,0.0,0.0
305,0.11068082693964243,0.34448897186666727,0.1796383187174797,0.06895749317482114,0.0,0.0,0.0
306,0.1106462306343019,0.3473346587270498,0.1794863361865282,0.06884010601788759,0.0,0.0,0.0
307,0.11078180512413383,0.345952657982707,0.17951092682778835,0.06872912310063839,0.0,0.0,0.0
308,0.11038447124883533,0.3462630417197943,0.1790773393586278,0.06869286764413118,0.0,0.0,0.0
309,0.11019768612459302,0.3460830682888627,0.1788529586046934,0.06865527108311653,0.0,0.0,0.0
310,0.1105257561430335,0.3489715363830328,0.17911984585225582,0.06859408924356103,0.0,0.0,0.0
311,0.11067702528089285,0.34648875053972006,0.17918981425464153,0.06851278990507126,0.0,0.0,0.0
312,0.11073801293969154,0.34658248256891966,0.17920523136854172,0.06846721936017275,0.0,0.0,0.0
313,0.1103035919368267,0.34814847726374865,0.17869439255446196,0.06839080108329654,0.0,0.0,0.0
314,0.11089258641004562,0.34758472070097923,0.17927320208400488,0.06838061520829797,0.0,0.0,0.0
315,0.11064631352201104,0.34757433645427227,0.1789677171036601,0.06832140311598778,0.0,0.0,0.0
316,0.11100010434165597,0.34606196638196707,0.17927289381623268,0.06827278900891542,0.0,0.0,0.0
317,0.11085979174822569,0.3469648100435734,0.17904178705066442,0.06818199763074517,0.0,0.0,0.0
318,0.11107072466984391,0.34671633318066597,0.17922917567193508,0.06815844960510731,0.0,0.0,0.0
319,0.11035193921998143,0.34606281109154224,0.17839412670582533,0.06804218608886003,0.0,0.0,0.0
320,0.11040407279506326,0.3458857648074627,0.1784345293417573,0.06803045375272632,0.0,0.0,0.0
321,0.11032975977286696,0.34698099736124277,0.17830113880336285,0.06797137996181846,0.0,0.0,0.0
322,0.11021243967115879,0.3471163287758827,0.17810797318816185,0.06789553305134177,0.0,0.0,0.0
323,0.11047708475962281,0.3468245677649975,0.17831253539770842,0.0678354506380856,0.0,0.0,0.0
324,0.11048763711005449,0.344448184594512,0.17828909400850534,0.06780145736411214,0.0,0.0,0.0
325,0.11031051259487867,0.34618464671075344,0.17802866362035275,0.06771814683452249,0.0,0.0,0.0
326,0.11017770413309336,0.34719361178576946,0.17784461751580238,0.06766691338270903,0.0,0.0,0.0
327,0.11019402695819736,0.34725333098322153,0.17784613370895386,0.06765210581943393,0.0,0.0,0.0
328,0.10994503274559975,0.34608799032866955,0.17746813967823982,0.06752310832962394,0.0,0.0,0.0
329,0.11019161064177752,0.3439916083589196,0.17771397344768047,0.06752236280590296,0.0,0.0,0.0
330,0.11026411433704197,0.344193990342319,0.17773649003356695,0.06747237592935562,0.0,0.0,0.0
331,0.1099368603900075,0.34787193313241005,0.17734794411808252,0.06741108233109117,0.0,0.0,0.0
332,0.11034930916503072,0.3468687040731311,0.17769586574286222,0.06734655564650893,0.0,0.0,0.0
333,0.10979067767038941,0.3471462242305279,0.17707533109933138,0.06728465249761939,0.0,0.0,0.0
334,0.10984003311023116,0.3480268269777298,0.17711867578327656,0.06727864220738411,0.0,0.0,0.0
335,0.10977005818858743,0.3467293977737427,0.17694715689867735,0.06717709917575121,0.0,0.0,0.0
336,0.10953120980411768,0.34586231503635645,0.17666901089251041,0.0671378024853766,0.0,0.0,0.0
337,0.1097340895794332,0.3470716653391719,0.17684279289096594,0.06710870331153274,0.0,0.0,0.0
338,0.11015828559175134,0.34642546717077494,0.17718145344406366,0.06702316645532846,0.0,0.0,0.0
339,0.11021564621478319,0.3472340200096369,0.1772005818784237,0.06698493659496307,0.0,0.0,0.0
340,0.10990873072296381,0.34744143299758434,0.17685897927731276,0.06695024808868766,0.0,0.0,0.0
341,0.10955930547788739,0.34837033599615097,0.176432928070426,0.06687362072989345,0.0,0.0,0.0
342,0.11024691723287106,0.3470479380339384,0.17707382887601852,0.0668269102461636,0.0,0.0,0.0
343,0.10987023962661624,0.3478701524436474,0.1766495769843459,0.06677933875471354,0.0,0.0,0.0
344,0.10968277649953961,0.34628965612500906,0.17639219481498003,0.06670941924676299,0.0,0.0,0.0
345,0.10969803901389241,0.34681688621640205,0.17638125829398632,0.06668321834877133,0.0,0.0,0.0
346,0.11047617439180613,0.3471972020342946,0.17713136691600084,0.06665519159287214,0.0,0.0,0.0
347,0.1105133704841137,0.34592231549322605,0.17713451758027077,0.06662114802747965,0.0,0.0,0.0
348,0.1110290284268558,0.34660218842327595,0.17754055373370647,0.06651152344420552,0.0,0.0,0.0
349,0.11031366186216474,0.3446172662079334,0.1767980856820941,0.06648442288860679,0.0,0.0,0.0
350,0.10988892940804362,0.34754653461277485,0.17632119916379452,0.06643226835876703,0.0,0.0,0.0
351,0.1102766408585012,0.3444213066250086,0.17670045141130686,0.06642381008714437,0.0,0.0,0.0
352,0.10984478564932942,0.3438933212310076,0.17615754064172506,0.06631275452673435,0.0,0.0,0.0
353,0.10956532740965486,0.34371522441506386,0.1758573055267334,0.06629197811707854,0.0,0.0,0.0
354,0.11041491199284792,0.34562992956489325,0.17665898613631725,0.06624407693743706,0.0,0.0,0.0
355,0.1102485815063119,0.3469213582575321,0.17643971554934978,0.06619113171473145,0.0,0.0,0.0
356,0.11015900643542409,0.3445392372086644,0.1763632893562317,0.0662042829208076,0.0,0.0,0.0
357,0.11068733781576157,0.34878224693238735,0.17678872030228376,0.06610138155519962,0.0,0.0,0.0
358,0.11056317668408155,0.34499484300613403,0.1766394255682826,0.06607624888420105,0.0,0.0,0.0
359,0.1104950001463294,0.34498633071780205,0.17651587072759867,0.06602086964994669,0.0,0.0,0.0
360,0.11061315448023379,0.34517998713999987,0.1766046416014433,0.06599148642271757,0.0,0.0,0.0
361,0.11038561770692468,0.3482381794601679,0.17634124029427767,0.06595562305301428,0.0,0.0,0.0
362,0.1101461430080235,0.3454040177166462,0.17602332402020693,0.06587718008086085,0.0,0.0,0.0
363,0.11003844533115625,0.3468612488359213,0.17591288592666388,0.06587444012984633,0.0,0.0,0.0
364,0.11014652065932751,0.34521936252713203,0.175955924205482,0.0658094035461545,0.0,0.0,0.0
365,0.10958797624334693,0.3447453547269106,0.17534684855490923,0.06575887044891715,0.0,0.0,0.0
366,0.11005051014944911,0.34506572131067514,0.17572212778031826,0.06567161716520786,0.0,0.0,0.0
367,0.10975546203553677,0.3443708848208189,0.17542198859155178,0.06566652469336987,0.0,0.0,0.0
368,0.10988905094563961,0.3482913989573717,0.17551149241626263,0.06562244379892945,0.0,0.0,0.0
369,0.1098195193335414,0.3456338858231902,0.1753906523808837,0.06557113351300359,0.0,0.0,0.0
370,0.10977872461080551,0.34581220522522926,0.17531821504235268,0.06553949043154716,0.0,0.0,0.0
371,0.10927385790273547,0.3463499126955867,0.1747743058949709,0.06550044706091285,0.0,0.0,0.0
372,0.10954492771998048,0.3479296378791332,0.17499963007867336,0.06545470142737031,0.0,0.0,0.0
373,0.10982240177690983,0.34580743685364723,0.17522636614739895,0.0654039653018117,0.0,0.0,0.0
374,0.10985487047582865,0.3445266494527459,0.17521274369210005,0.06535787368193269,0.0,0.0,0.0
375,0.10984824830666184,0.34606852661818266,0.17518652230501175,0.06533827120438218,0.0,0.0,0.0
376,0.11007122648879886,0.3464590087532997,0.17539411131292582,0.06532288482412696,0.0,0.0,0.0
377,0.11043332377448678,0.3468286097049713,0.17565649095922709,0.06522316765040159,0.0,0.0,0.0
378,0.10975026432424784,0.34784802235662937,0.1749301590025425,0.06517989607527852,0.0,0.0,0.0
379,0.1094223908148706,0.3486435003578663,0.17455504555255175,0.06513265334069729,0.0,0.0,0.0
380,0.10979237593710423,0.3457709215581417,0.1748841255903244,0.06509174639359117,0.0,0.0,0.0
381,0.11015975056216121,0.34609303809702396,0.1752162231132388,0.06505647208541632,0.0,0.0,0.0
382,0.1095281457528472,0.34512398950755596,0.17457246873527765,0.06504432298243046,0.0,0.0,0.0
383,0.10975141171365976,0.3442804981023073,0.17472211178392172,0.06497070053592324,0.0,0.0,0.0
384,0.10996724618598819,0.3484642580151558,0.1748916683718562,0.06492442265152931,0.0,0.0,0.0
385,0.1100748497992754,0.3466146606951952,0.17497579660266638,0.06490094633772969,0.0,0.0,0.0
386,0.10988298198208213,0.3471084479242563,0.17473650444298983,0.06485351966693997,0.0,0.0,0.0
387,0.11009334027767181,0.34623155649751425,0.17491726018488407,0.06482392037287354,0.0,0.0,0.0
388,0.11004790011793375,0.3457263670861721,0.17479346226900816,0.06474556354805827,0.0,0.0,0.0
389,0.11046416638419032,0.34533887542784214,0.17516287229955196,0.0646987073123455,0.0,0.0,0.0
390,0.11036685784347355,0.34670887887477875,0.17503776494413614,0.06467090640217066,0.0,0.0,0.0
391,0.10997081222012639,0.34740318171679974,0.17461271584033966,0.06464190222322941,0.0,0.0,0.0
392,0.11020739376544952,0.34734023455530405,0.1747965095564723,0.06458911718800664,0.0,0.0,0.0
393,0.11015651887282729,0.3453992288559675,0.1747198449447751,0.06456332560628653,0.0,0.0,0.0
394,0.11004181951284409,0.3472170289605856,0.1745387278497219,0.06449690693989396,0.0,0.0,0.0
395,0.10992013942450285,0.34635163098573685,0.174399608746171,0.06447946885600686,0.0,0.0,0.0
396,0.11026015132665634,0.34821186773478985,0.17472296208143234,0.06446281261742115,0.0,0.0,0.0
397,0.11065650172531605,0.34708222560584545,0.17502746637910604,0.06437096558511257,0.0,0.0,0.0
398,0.11031699366867542,0.3485779780894518,0.17464399710297585,0.06432700389996171,0.0,0.0,0.0
399,0.10955251334235072,0.34842182137072086,0.1738867061212659,0.06433419231325388,0.0,0.0,0.0
400,0.10951247904449701,0.34695935249328613,0.1737743429839611,0.06426186254248023,0.0,0.0,0.0
401,0.10937380883842707,0.34554835222661495,0.17360810469835997,0.0642342958599329,0.0,0.0,0.0
402,0.10936482809484005,0.3453518897294998,0.17354342807084322,0.0641785990446806,0.0,0.0,0.0
403,0.10944735677912831,0.34704046323895454,0.17360515985637903,0.06415780447423458,0.0,0.0,0.0
404,0.10954308323562145,0.34729304909706116,0.17360894195735455,0.0640658619813621,0.0,0.0,0.0
405,0.10991168161854148,0.3483644276857376,0.1739538051187992,0.06404212210327387,0.0,0.0,0.0
406,0.10948769142851233,0.34617472160607576,0.17350493371486664,0.06401724508032203,0.0,0.0,0.0
407,0.10913525568321347,0.34568194579333067,0.17311995849013329,0.06398470234125853,0.0,0.0,0.0
408,0.10977348359301686,0.346564426086843,0.17368214298039675,0.06390865938737988,0.0,0.0,0.0
409,0.10993250133469701,0.34801653772592545,0.17386346869170666,0.06393096735700965,0.0,0.0,0.0
410,0.10990497143939137,0.3485673740506172,0.17376971244812012,0.06386473961174488,0.0,0.0,0.0
411,0.11028228886425495,0.34749236702919006,0.17405006662011147,0.06376777729019523,0.0,0.0,0.0
412,0.11070411000400782,0.3485398292541504,0.17452995665371418,0.06382584804669023,0.0,0.0,0.0
413,0.11011461121961474,0.34795164316892624,0.17387425526976585,0.06375964591279626,0.0,0.0,0.0
414,0.11009303759783506,0.34795042872428894,0.1738026011735201,0.06370956311002374,0.0,0.0,0.0
415,0.1102578779682517,0.34741513803601265,0.17392065655440092,0.06366277858614922,0.0,0.0,0.0
416,0.1101359217427671,0.34859248250722885,0.1737708793953061,0.06363495439291,0.0,0.0,0.0
417,0.11018367577344179,0.34402597788721323,0.17377831228077412,0.06359463557600975,0.0,0.0,0.0
418,0.10996667062863708,0.344869720749557,0.17354034073650837,0.06357366917654872,0.0,0.0,0.0
419,0.10928594670258462,0.3433266719803214,0.17281421087682247,0.0635282639414072,0.0,0.0,0.0
420,0.10972855240106583,0.3454516716301441,0.17324229888617992,0.06351374601945281,0.0,0.0,0.0
421,0.10888718720525503,0.34888628125190735,0.17232287675142288,0.063435691408813,0.0,0.0,0.0
422,0.10931853018701077,0.34683776274323463,0.17272700741887093,0.06340847723186016,0.0,0.0,0.0
423,0.11011526547372341,0.3473513051867485,0.17345239408314228,0.06333712721243501,0.0,0.0,0.0
424,0.11012025130912662,0.34798017144203186,0.1734769530594349,0.06335670314729214,0.0,0.0,0.0
425,0.10953350691124797,0.3457725588232279,0.1728482497856021,0.06331474101170897,0.0,0.0,0.0
426,0.10964047140441835,0.3454608106985688,0.1728734653443098,0.06323299370706081,0.0,0.0,0.0
427,0.10956576140597463,0.34406444896012545,0.17278250772505999,0.0632167449221015,0.0,0.0,0.0
428,0.10909846285358071,0.34732711128890514,0.1722814366221428,0.06318297144025564,0.0,0.0,0.0
429,0.10951985837891698,0.3472337070852518,0.17266670055687428,0.06314684357494116,0.0,0.0,0.0
430,0.10995350778102875,0.3468962386250496,0.17305139917880297,0.06309788906946778,0.0,0.0,0.0
431,0.1097166957333684,0.34819769486784935,0.17279218416661024,0.06307548703625798,0.0,0.0,0.0
432,0.10956407152116299,0.34582548774778843,0.17262424435466528,0.06306017469614744,0.0,0.0,0.0
433,0.10935740731656551,0.344203214161098,0.17237874027341604,0.06302133481949568,0.0,0.0,0.0
434,0.10927673988044262,0.347385510802269,0.17223671078681946,0.06295996950939298,0.0,0.0,0.0
435,0.10924009792506695,0.3494117520749569,0.1721840938553214,0.0629439945332706,0.0,0.0,0.0
436,0.10952784772962332,0.3463972043246031,0.1724291043356061,0.06290125427767634,0.0,0.0,0.0
437,0.10941927367821336,0.3492424990981817,0.17226093634963036,0.06284166453406215,0.0,0.0,0.0
438,0.10886496352031827,0.34676962811499834,0.1716923788189888,0.06282741855829954,0.0,0.0,0.0
439,0.10930829914286733,0.34765663743019104,0.17207882832735777,0.062770526856184,0.0,0.0,0.0
440,0.109562530182302,0.3466503815725446,0.17230934463441372,0.06274681352078915,0.0,0.0,0.0
441,0.1098142541013658,0.3475805716589093,0.17250477243214846,0.06269051786512136,0.0,0.0,0.0
442,0.10952420509420335,0.34402675833553076,0.1721901511773467,0.06266594585031271,0.0,0.0,0.0
443,0.10995303094387054,0.34529784694314003,0.17264014948159456,0.06268711993470788,0.0,0.0,0.0
444,0.10938735655508935,0.3441530354321003,0.17199101485311985,0.06260365759953856,0.0,0.0,0.0
445,0.10929537145420909,0.34677927754819393,0.17184039670974016,0.06254502548836172,0.0,0.0,0.0
446,0.10949551407247782,0.3452717736363411,0.17202878091484308,0.06253326730802655,0.0,0.0,0.0
447,0.10937237227335572,0.34933749958872795,0.17186809051781893,0.062495718942955136,0.0,0.0,0.0
448,0.10950953140854836,0.3474361188709736,0.17199689708650112,0.06248736730776727,0.0,0.0,0.0
449,0.1096964601892978,0.34635281655937433,0.17211343627423048,0.0624169772490859,0.0,0.0,0.0
450,0.10962092177942395,0.3476146515458822,0.17200477328151464,0.06238385196775198,0.0,0.0,0.0
451,0.10985548188909888,0.34790208376944065,0.17217836529016495,0.06232288386672735,0.0,0.0,0.0
452,0.10947381239384413,0.34478982351720333,0.17177166417241096,0.06229785061441362,0.0,0.0,0.0
453,0.10923483083024621,0.346064236946404,0.17151227314025164,0.06227744370698929,0.0,0.0,0.0
454,0.10941830882802606,0.34726906195282936,0.17164381220936775,0.062225501984357834,0.0,0.0,0.0
455,0.10955918719992042,0.3483215495944023,0.17178529035300016,0.062226101756095886,0.0,0.0,0.0
456,0.10960192931815982,0.3469318998977542,0.1717709507793188,0.062169020529836416,0.0,0.0,0.0
457,0.10936740832403302,0.3463542219251394,0.1714844796806574,0.062117071356624365,0.0,0.0,0.0
458,0.10887496033683419,0.3480940666049719,0.1709549743682146,0.062080014729872346,0.0,0.0,0.0
459,0.10972433490678668,0.3478067647665739,0.17178286518901587,0.062058530282229185,0.0,0.0,0.0
460,0.10963534144684672,0.3474688082933426,0.171668890863657,0.06203354778699577,0.0,0.0,0.0
461,0.10945742344483733,0.3475817497819662,0.17141984775662422,0.06196242570877075,0.0,0.0,0.0
462,0.10926066525280476,0.348477678373456,0.17121262941509485,0.06195196486078203,0.0,0.0,0.0
463,0.10956333321519196,0.3447470450773835,0.17144759558141232,0.06188426213338971,0.0,0.0,0.0
464,0.10979697154834867,0.34511330537498,0.17169135995209217,0.06189438933506608,0.0,0.0,0.0
465,0.10942922811955214,0.34603309258818626,0.1712835170328617,0.061854287749156356,0.0,0.0,0.0
466,0.10947186267003417,0.34525083005428314,0.1713082930073142,0.06183643010444939,0.0,0.0,0.0
467,0.10967832338064909,0.3468201542273164,0.1714535541832447,0.06177523313090205,0.0,0.0,0.0
468,0.10913347313180566,0.3457306232303381,0.17087944131344557,0.061745966551825404,0.0,0.0,0.0
469,0.10912471637129784,0.34783404134213924,0.17084834817796946,0.06172363297082484,0.0,0.0,0.0
470,0.10939631424844265,0.34697435051202774,0.17111126892268658,0.061714957002550364,0.0,0.0,0.0
471,0.1091660875827074,0.34487154614180326,0.17082760855555534,0.06166152027435601,0.0,0.0,0.0
472,0.10967902978882194,0.34694224409759045,0.17126863356679678,0.06158960587345064,0.0,0.0,0.0
473,0.10977299651131034,0.3480128850787878,0.17136197537183762,0.06158897909335792,0.0,0.0,0.0
474,0.1099103782325983,0.3482649549841881,0.1714423829689622,0.06153200473636389,0.0,0.0,0.0
475,0.10962720541283488,0.3463474065065384,0.17112324200570583,0.06149603729136288,0.0,0.0,0.0
476,0.1095807789824903,0.3489606250077486,0.17108867783099413,0.06150789652019739,0.0,0.0,0.0
477,0.10896915942430496,0.3484341138973832,0.17039320431649685,0.06142404465936124,0.0,0.0,0.0
478,0.10921739926561713,0.3456886559724808,0.170631792396307,0.061414394062012434,0.0,0.0,0.0
479,0.10961838765069842,0.3484530560672283,0.1709784884005785,0.06136010051704943,0.0,0.0,0.0
480,0.10919651249423623,0.34467875119298697,0.17054385598748922,0.06134734442457557,0.0,0.0,0.0
481,0.10942702135071158,0.345730347558856,0.17073723301291466,0.061310213059186935,0.0,0.0,0.0
482,0.1089222077280283,0.34731917455792427,0.17016599141061306,0.0612437822856009,0.0,0.0,0.0
483,0.10913155134767294,0.3493186514824629,0.1703684078529477,0.06123685627244413,0.0,0.0,0.0
484,0.10890064015984535,0.34734922740608454,0.17008549999445677,0.0611848586704582,0.0,0.0,0.0
485,0.10916256019845605,0.34761625807732344,0.17035651206970215,0.06119395373389125,0.0,0.0,0.0
486,0.10910204099491239,0.3478589877486229,0.1702441768720746,0.06114213517867029,0.0,0.0,0.0
487,0.10917418589815497,0.34645678102970123,0.17026612255722284,0.061091933865100145,0.0,0.0,0.0
488,0.10914166225120425,0.34888683818280697,0.17019278462976217,0.06105112307704985,0.0,0.0,0.0
489,0.10930671589449048,0.3482464998960495,0.17035552393645048,0.06104880780912936,0.0,0.0,0.0
490,0.10914625879377127,0.34734515380114317,0.17014655284583569,0.061000291956588626,0.0,0.0,0.0
491,0.10966123780235648,0.3484700880944729,0.1706636743620038,0.06100243446417153,0.0,0.0,0.0
492,0.10912930406630039,0.34808387234807014,0.17006998509168625,0.06094068102538586,0.0,0.0,0.0
493,0.10952135780826211,0.34802419878542423,0.17040548007935286,0.060884121572598815,0.0,0.0,0.0
494,0.11000924231484532,0.346368090249598,0.170887665823102,0.060878423042595387,0.0,0.0,0.0
495,0.10968937864527106,0.3487074673175812,0.17052408680319786,0.06083470722660422,0.0,0.0,0.0
496,0.10914338333532214,0.3476714976131916,0.16994698531925678,0.06080360128544271,0.0,0.0,0.0
497,0.10943015618249774,0.34799909591674805,0.17020324990153313,0.06077309348620474,0.0,0.0,0.0
498,0.10950211808085442,0.3464741725474596,0.17027714848518372,0.06077502970583737,0.0,0.0,0.0
499,0.10928629850968719,0.3442979948595166,0.16998677421361208,0.06070047477260232,0.0,0.0,0.0
500,0.10980141907930374,0.347458191215992,0.1705057928338647,0.060704374220222235,0.0,0.0,0.0
501,0.10944834304973483,0.34821109659969807,0.1701163360849023,0.06066799187101424,0.0,0.0,0.0
502,0.10947728250175714,0.34742590319365263,0.17006606608629227,0.060588783817365766,0.0,0.0,0.0
503,0.10934073617681861,0.3462338261306286,0.16993530467152596,0.06059456942602992,0.0,0.0,0.0
504,0.10901285940781236,0.3472466729581356,0.16956960689276457,0.06055674632079899,0.0,0.0,0.0
505,0.10942642902955413,0.34783257730305195,0.16992707271128893,0.06050064251758158,0.0,0.0,0.0
506,0.10974061489105225,0.3462810656055808,0.1702127307653427,0.0604721165727824,0.0,0.0,0.0
507,0.10939318360760808,0.3503876831382513,0.16986602079123259,0.06047283951193094,0.0,0.0,0.0
508,0.10915884096175432,0.3487612400203943,0.16960509121418,0.060446251882240176,0.0,0.0,0.0
509,0.10925922635942698,0.3456837460398674,0.16969255451112986,0.060433329083025455,0.0,0.0,0.0
510,0.10944410925731063,0.3480299571529031,0.16979993879795074,0.06035582860931754,0.0,0.0,0.0
511,0.1093874154612422,0.345167295075953,0.16973613668233156,0.06034872098825872,0.0,0.0,0.0
512,0.109122050460428,0.3451536241918802,0.16942139901220798,0.060299347154796124,0.0,0.0,0.0
513,0.10879483004100621,0.3462724359706044,0.16906057856976986,0.06026574899442494,0.0,0.0,0.0
514,0.10835129581391811,0.345984885469079,0.168593879789114,0.06024258374236524,0.0,0.0,0.0
515,0.10881750378757715,0.3475475572049618,0.16901814937591553,0.06020064768381417,0.0,0.0,0.0
516,0.10907382378354669,0.34613479021936655,0.16927220951765776,0.06019838503561914,0.0,0.0,0.0
517,0.10957748163491488,0.3453352749347687,0.169691676273942,0.060114195104688406,0.0,0.0,0.0
518,0.10903915297240019,0.3468447532504797,0.16913861967623234,0.06009946460835636,0.0,0.0,0.0
519,0.10913628060370684,0.347522621974349,0.1692307172343135,0.060094435000792146,0.0,0.0,0.0
520,0.10939056053757668,0.3452364318072796,0.16947036795318127,0.06007980718277395,0.0,0.0,0.0
521,0.10950528271496296,0.34698968287557364,0.16951545793563128,0.06001017475500703,0.0,0.0,0.0
522,0.10883216094225645,0.3480702694505453,0.16884511057287455,0.06001295102760196,0.0,0.0,0.0
523,0.10923548275604844,0.3429018361493945,0.16922395583242178,0.05998847051523626,0.0,0.0,0.0
524,0.1092540193349123,0.3485471848398447,0.1692131133750081,0.05995909427292645,0.0,0.0,0.0
525,0.10966300219297409,0.34459279850125313,0.1695990669541061,0.059936064761132,0.0,0.0,0.0
526,0.10951824113726616,0.34891579300165176,0.16942693572491407,0.05990869691595435,0.0,0.0,0.0
527,0.10928301932290196,0.34499902185052633,0.169146366417408,0.05986334849148989,0.0,0.0,0.0
528,0.10919019114226103,0.34528694301843643,0.16902304627001286,0.05983285396359861,0.0,0.0,0.0
529,0.10924367886036634,0.3455926291644573,0.16904992330819368,0.05980624514631927,0.0,0.0,0.0
530,0.10939529445022345,0.3484277315437794,0.16917590145021677,0.05978060816414654,0.0,0.0,0.0
531,0.10939411912113428,0.347239107824862,0.16914340015500784,0.05974928312934935,0.0,0.0,0.0
532,0.1091081346385181,0.34881563298404217,0.168816183693707,0.05970804858952761,0.0,0.0,0.0
533,0.10922174737788737,0.343334699049592,0.16891866130754352,0.059696914395317435,0.0,0.0,0.0
534,0.1088243699632585,0.34864632599055767,0.16846022568643093,0.05963585525751114,0.0,0.0,0.0
535,0.10906777810305357,0.34849490597844124,0.16866178810596466,0.05959400977008045,0.0,0.0,0.0
536,0.10947332950308919,0.3463928522542119,0.16908243484795094,0.05960910604335368,0.0,0.0,0.0
537,0.10955802025273442,0.3485928475856781,0.16909655556082726,0.05953853623941541,0.0,0.0,0.0
538,0.10895753186196089,0.34866274893283844,0.1684747776016593,0.059517245972529054,0.0,0.0,0.0
539,0.10921717993915081,0.3475914988666773,0.16869305912405252,0.05947588011622429,0.0,0.0,0.0
540,0.10934386029839516,0.34704380854964256,0.16880992520600557,0.05946606560610235,0.0,0.0,0.0
541,0.10935910558328032,0.34792549535632133,0.16879380866885185,0.05943470308557153,0.0,0.0,0.0
542,0.1089658671990037,0.34828578028827906,0.16836360562592745,0.059397736797109246,0.0,0.0,0.0
543,0.10876260977238417,0.34637465700507164,0.16815701220184565,0.059394403360784054,0.0,0.0,0.0
544,0.10889626294374466,0.34806787967681885,0.16829255409538746,0.0593962911516428,0.0,0.0,0.0
545,0.10911752423271537,0.347500991076231,0.16843080800026655,0.0593132849317044,0.0,0.0,0.0
546,0.10918486025184393,0.34373730421066284,0.16847210749983788,0.05928724678233266,0.0,0.0,0.0
547,0.10921845817938447,0.34815357252955437,0.16843943111598492,0.05922097456641495,0.0,0.0,0.0
548,0.10906886449083686,0.34699820075184107,0.1682701325044036,0.05920126708224416,0.0,0.0,0.0
549,0.10936940228566527,0.34555745404213667,0.1685804333537817,0.059211031068116426,0.0,0.0,0.0
550,0.10869670240208507,0.3476708959788084,0.16788365878164768,0.05918695661239326,0.0,0.0,0.0
551,0.10919405147433281,0.3488232512027025,0.16831874381750822,0.05912469048053026,0.0,0.0,0.0
552,0.10921203484758735,0.34769615996629,0.1683594649657607,0.05914743058383465,0.0,0.0,0.0
553,0.11014755722135305,0.34707986004650593,0.16920782439410686,0.05906026903539896,0.0,0.0,0.0
554,0.10910294950008392,0.34853792004287243,0.1681822780519724,0.05907933064736426,0.0,0.0,0.0
555,0.10906978696584702,0.34889482613652945,0.16810445114970207,0.05903466371819377,0.0,0.0,0.0
556,0.10873254667967558,0.34724642895162106,0.16775821056216955,0.05902566504664719,0.0,0.0,0.0
557,0.10905105760321021,0.3477988736703992,0.16803383827209473,0.0589827795047313,0.0,0.0,0.0
558,0.10895223449915648,0.34519217535853386,0.1679072016850114,0.05895496695302427,0.0,0.0,0.0
559,0.1088868249207735,0.34771923068910837,0.16780505422502756,0.05891822837293148,0.0,0.0,0.0
560,0.10900185722857714,0.34931392408907413,0.16789720952510834,0.05889535462483764,0.0,0.0,0.0
561,0.10900001879781485,0.3472869489341974,0.16787058115005493,0.05887056444771588,0.0,0.0,0.0
562,0.10936579806730151,0.3459008652716875,0.16819940507411957,0.05883360747247934,0.0,0.0,0.0
563,0.10885967640206218,0.3470657533034682,0.1676982780918479,0.05883860122412443,0.0,0.0,0.0
564,0.10912704560905695,0.3475011084228754,0.16791737638413906,0.0587903312407434,0.0,0.0,0.0
565,0.10932000866159797,0.3489412162452936,0.16805871855467558,0.05873870896175504,0.0,0.0,0.0
566,0.10921361390501261,0.34839032776653767,0.16797413676977158,0.05876052379608154,0.0,0.0,0.0
567,0.10936575988307595,0.3494647201150656,0.16804186068475246,0.0586761012673378,0.0,0.0,0.0
568,0.10901637515053153,0.34904648922383785,0.16767034865915775,0.05865397281013429,0.0,0.0,0.0
569,0.10914202593266964,0.3483766634017229,0.16775267384946346,0.05861064721830189,0.0,0.0,0.0
570,0.10901456512510777,0.3473905948922038,0.1676005097106099,0.05858594388701022,0.0,0.0,0.0
571,0.10915984492748976,0.34882041066884995,0.16778014786541462,0.05862030363641679,0.0,0.0,0.0
572,0.10881055518984795,0.34712536074221134,0.16739060450345278,0.058580050710588694,0.0,0.0,0.0
573,0.10923791490495205,0.34715195652097464,0.16779447719454765,0.058556560426950455,0.0,0.0,0.0
574,0.10885371547192335,0.34514261316508055,0.16735858377069235,0.05850486853159964,0.0,0.0,0.0
575,0.10919945081695914,0.3455841802060604,0.1676683584228158,0.05846890923567116,0.0,0.0,0.0
576,0.10953433765098453,0.34703836403787136,0.1679898975417018,0.05845556198619306,0.0,0.0,0.0
577,0.1092183431610465,0.34825926274061203,0.16764952149242163,0.05843117949552834,0.0,0.0,0.0
578,0.1100179748609662,0.3486794177442789,0.16846690699458122,0.05844893050380051,0.0,0.0,0.0
579,0.1096138833090663,0.3478517672047019,0.16800722014158964,0.05839333729818463,0.0,0.0,0.0
580,0.1095784162171185,0.34620456770062447,0.16793794417753816,0.05835952842608094,0.0,0.0,0.0
581,0.10931656928732991,0.3459671624004841,0.16765451710671186,0.05833794642239809,0.0,0.0,0.0
582,0.10975929722189903,0.3460286632180214,0.16806134395301342,0.05830204510129988,0.0,0.0,0.0
583,0.10865689627826214,0.34286394249647856,0.1669061677530408,0.05824927194043994,0.0,0.0,0.0
584,0.1086962129920721,0.348402114585042,0.16693206410855055,0.05823585111647844,0.0,0.0,0.0
585,0.1090347021818161,0.34709420427680016,0.16725310683250427,0.058218405582010746,0.0,0.0,0.0
586,0.10935621219687164,0.3471411047503352,0.16753227869048715,0.05817606532946229,0.0,0.0,0.0
587,0.10877971444278955,0.3467856626957655,0.1669342527166009,0.05815453780815005,0.0,0.0,0.0
588,0.10854761302471161,0.34831759333610535,0.1666929991915822,0.058145386166870594,0.0,0.0,0.0
589,0.10888624074868858,0.34600716829299927,0.1670235050842166,0.05813726573251188,0.0,0.0,0.0
590,0.10906803281977773,0.34839277155697346,0.1671362677589059,0.05806823424063623,0.0,0.0,0.0
591,0.10880219005048275,0.3477031718939543,0.16683134716004133,0.05802915757521987,0.0,0.0,0.0
592,0.10848691500723362,0.3491358570754528,0.1665112329646945,0.058024318190291524,0.0,0.0,0.0
593,0.10884620994329453,0.34602023009210825,0.16688127722591162,0.05803506704978645,0.0,0.0,0.0
594,0.10902870167046785,0.3445446025580168,0.16703243274241686,0.05800373014062643,0.0,0.0,0.0
595,0.10961516806855798,0.3473446974530816,0.16758255381137133,0.057967384811490774,0.0,0.0,0.0
596,0.10931429639458656,0.34644866082817316,0.16727554006502032,0.05796124506741762,0.0,0.0,0.0
597,0.10905051371082664,0.3484211079776287,0.16695038601756096,0.05789987090975046,0.0,0.0,0.0
598,0.10871933912858367,0.3477740213274956,0.1665955763310194,0.057876236038282514,0.0,0.0,0.0
599,0.10937608126550913,0.3493979535996914,0.16720061376690865,0.05782453250139952,0.0,0.0,0.0
600,0.1090964819304645,0.35049992986023426,0.16692696325480938,0.057830483885481954,0.0,0.0,0.0
601,0.109207633882761,0.3466858323663473,0.16695854160934687,0.057750908425077796,0.0,0.0,0.0
602,0.10919042630121112,0.3472716864198446,0.16695001255720854,0.05775958742015064,0.0,0.0,0.0
603,0.10930765280500054,0.3455994427204132,0.16705947881564498,0.05775182577781379,0.0,0.0,0.0
604,0.10957411210983992,0.34435844514518976,0.1672983756288886,0.05772426398470998,0.0,0.0,0.0
605,0.10981268808245659,0.3479488957673311,0.16751349158585072,0.05770080513320863,0.0,0.0,0.0
606,0.10968623636290431,0.3454764122143388,0.16732964012771845,0.05764340446330607,0.0,0.0,0.0
607,0.10942823300138116,0.3465637620538473,0.16708312928676605,0.057654897682368755,0.0,0.0,0.0
608,0.10882507776841521,0.34625084046274424,0.1664451314136386,0.057620054576545954,0.0,0.0,0.0
609,0.10945524694398046,0.35077632032334805,0.1670624502003193,0.057607203256338835,0.0,0.0,0.0
610,0.10998357692733407,0.3463703179731965,0.16756960935890675,0.05758603010326624,0.0,0.0,0.0
611,0.10972144454717636,0.3493761122226715,0.16728820651769638,0.057566761737689376,0.0,0.0,0.0
612,0.10983450524508953,0.34335347544401884,0.16733988281339407,0.057505376636981964,0.0,0.0,0.0
613,0.11010547075420618,0.347584524191916,0.16758861113339663,0.05748314061202109,0.0,0.0,0.0
614,0.10888613993301988,0.347138543613255,0.16636041924357414,0.0574742816388607,0.0,0.0,0.0
615,0.1098489104770124,0.3481119256466627,0.16727976128458977,0.05743085080757737,0.0,0.0,0.0
616,0.11007064627483487,0.34740457125008106,0.16754623875021935,0.057475591311231256,0.0,0.0,0.0
617,0.10982734709978104,0.34827037528157234,0.1672140620648861,0.05738671473227441,0.0,0.0,0.0
618,0.10921485675498843,0.3466112092137337,0.1665614601224661,0.05734660476446152,0.0,0.0,0.0
619,0.109433988109231,0.348198264837265,0.16680155042558908,0.05736756091937423,0.0,0.0,0.0
620,0.10939552867785096,0.34781649336218834,0.1667316323146224,0.05733610247261822,0.0,0.0,0.0
621,0.10916009033098817,0.3477942422032356,0.16645744256675243,0.057297354796901345,0.0,0.0,0.0
622,0.10908254189416766,0.34611001145094633,0.16634596697986126,0.05726342601701617,0.0,0.0,0.0
623,0.10885275807231665,0.3444092124700546,0.16609881538897753,0.0572460584808141,0.0,0.0,0.0
624,0.10905671585351229,0.34379362035542727,0.1662700492888689,0.057213332736864686,0.0,0.0,0.0
625,0.10895586805418134,0.3483688570559025,0.1661331132054329,0.05717724747955799,0.0,0.0,0.0
626,0.10897993994876742,0.34743213281035423,0.1661601299419999,0.057180189061909914,0.0,0.0,0.0
627,0.10931297857314348,0.34844349324703217,0.16642847284674644,0.05711549497209489,0.0,0.0,0.0
628,0.10914840782061219,0.3460465995594859,0.1662777764722705,0.05712936772033572,0.0,0.0,0.0
629,0.10928155295550823,0.34456706419587135,0.1663763802498579,0.05709482613019645,0.0,0.0,0.0
630,0.10904833767563105,0.3475875919684768,0.16612217295914888,0.05707383481785655,0.0,0.0,0.0
631,0.1093804887495935,0.34684755839407444,0.1664344361051917,0.05705394712276757,0.0,0.0,0.0
632,0.10900896787643433,0.3473007697612047,0.16602011024951935,0.05701114097610116,0.0,0.0,0.0
633,0.10976509749889374,0.34629102423787117,0.1667126826941967,0.056947584729641676,0.0,0.0,0.0
634,0.1092108036391437,0.34715162869542837,0.16618297807872295,0.05697217443957925,0.0,0.0,0.0
635,0.10948242200538516,0.34618593379855156,0.1664348253980279,0.056952403392642736,0.0,0.0,0.0
636,0.10926419775933027,0.3466962706297636,0.16618181485682726,0.05691761779598892,0.0,0.0,0.0
637,0.108714260160923,0.3472111029550433,0.16558590112254024,0.0568716402631253,0.0,0.0,0.0
638,0.10940965684130788,0.34948621317744255,0.1663071271032095,0.05689746979624033,0.0,0.0,0.0
639,0.10904353391379118,0.3468612302094698,0.16589091904461384,0.05684738606214523,0.0,0.0,0.0
640,0.10905445693060756,0.349537618458271,0.16587923001497984,0.05682477378286421,0.0,0.0,0.0
641,0.10875408817082644,0.34665112011134624,0.16556399874389172,0.0568099117372185,0.0,0.0,0.0
642,0.10917069017887115,0.3486494366079569,0.16592222079634666,0.05675152852199972,0.0,0.0,0.0
643,0.10877576051279902,0.3470348762348294,0.16555017232894897,0.05677441111765802,0.0,0.0,0.0
644,0.10884158546105027,0.3481978224590421,0.16556534823030233,0.05672376393340528,0.0,0.0,0.0
645,0.10860267886891961,0.3451189957559109,0.16529459971934557,0.056691920617595315,0.0,0.0,0.0
646,0.10929923434741795,0.3473631674423814,0.1659831004217267,0.056683864910155535,0.0,0.0,0.0
647,0.1093568024225533,0.34843543358147144,0.16603539884090424,0.05667859688401222,0.0,0.0,0.0
648,0.10917297378182411,0.3501308895647526,0.16580869257450104,0.05663572042249143,0.0,0.0,0.0
649,0.10896661225706339,0.34874835424125195,0.1655944986268878,0.05662788636982441,0.0,0.0,0.0
650,0.10869355546310544,0.34783563762903214,0.1652535949833691,0.05656003952026367,0.0,0.0,0.0
651,0.108758679125458,0.348462987691164,0.1653187135234475,0.05656003509648144,0.0,0.0,0.0
652,0.10847284412011504,0.3468316439539194,0.165014891885221,0.05654204753227532,0.0,0.0,0.0
653,0.10901784105226398,0.3478475296869874,0.16552335675805807,0.0565055136103183,0.0,0.0,0.0
654,0.10924357734620571,0.34671381302177906,0.16572109935805202,0.056477522011846304,0.0,0.0,0.0
655,0.10918578552082181,0.347390728071332,0.16570095717906952,0.05651517165824771,0.0,0.0,0.0
656,0.10979288863018155,0.34882628731429577,0.16626360872760415,0.05647071939893067,0.0,0.0,0.0
657,0.1093287761323154,0.34968756325542927,0.16578812524676323,0.05645935260690749,0.0,0.0,0.0
658,0.10910696513019502,0.3469827277585864,0.16552274720743299,0.05641578114591539,0.0,0.0,0.0
659,0.10900019528344274,0.34849937818944454,0.16535488795489073,0.056354691507294774,0.0,0.0,0.0
660,0.10936357360333204,0.34802917018532753,0.16573107615113258,0.05636750301346183,0.0,0.0,0.0
661,0.10985690634697676,0.3493072483688593,0.16621249541640282,0.05635558906942606,0.0,0.0,0.0
662,0.10892938170582056,0.34853357914835215,0.1652636183425784,0.05633423523977399,0.0,0.0,0.0
663,0.10892355954274535,0.3464652867987752,0.1652134950272739,0.05628993478603661,0.0,0.0,0.0
664,0.10901171248406172,0.3480283720418811,0.16529025323688984,0.05627854121848941,0.0,0.0,0.0
665,0.10876809386536479,0.34903082996606827,0.1650105370208621,0.05624244222417474,0.0,0.0,0.0
666,0.10864582564681768,0.34891198948025703,0.16484350338578224,0.05619767843745649,0.0,0.0,0.0
667,0.10898279584944248,0.3491490613669157,0.16519612725824118,0.05621333257295191,0.0,0.0,0.0
668,0.10896062757819891,0.34752448089420795,0.16514581255614758,0.05618518521077931,0.0,0.0,0.0
669,0.10891352454200387,0.34626838378608227,0.1650848463177681,0.05617132154293358,0.0,0.0,0.0
670,0.10894459020346403,0.34668786358088255,0.16510191932320595,0.05615732679143548,0.0,0.0,0.0
671,0.10897150076925755,0.34497394412755966,0.16508894180878997,0.05611744127236307,0.0,0.0,0.0
672,0.10902425972744823,0.34717652667313814,0.16510826675221324,0.056084007723256946,0.0,0.0,0.0
673,0.10867076367139816,0.346232826821506,0.16472590062767267,0.056055135326460004,0.0,0.0,0.0
674,0.10893174912780523,0.3465859079733491,0.16498778853565454,0.05605603917501867,0.0,0.0,0.0
675,0.10926132230088115,0.3487724671140313,0.16528367064893246,0.056022349977865815,0.0,0.0,0.0
676,0.10883292043581605,0.3471706621348858,0.16482538357377052,0.055992463836446404,0.0,0.0,0.0
677,0.10839972272515297,0.3479841277003288,0.1643706290051341,0.055970907676965,0.0,0.0,0.0
678,0.10835528979077935,0.3471713773906231,0.16431276127696037,0.05595747102051973,0.0,0.0,0.0
679,0.10866963770240545,0.34704137220978737,0.16457349713891745,0.055903860833495855,0.0,0.0,0.0
680,0.10959953861311078,0.3463254664093256,0.16554207261651754,0.05594253423623741,0.0,0.0,0.0
681,0.10926974937319756,0.34619126468896866,0.165174201130867,0.05590445175766945,0.0,0.0,0.0
682,0.10925761424005032,0.3459181822836399,0.16512114740908146,0.05586353247053921,0.0,0.0,0.0
683,0.10902719618752599,0.3482061456888914,0.16488298401236534,0.05585578759200871,0.0,0.0,0.0
684,0.10933711938560009,0.3476174781098962,0.16519172210246325,0.055854603881016374,0.0,0.0,0.0
685,0.10918062832206488,0.34671395644545555,0.16497702896595,0.05579640041105449,0.0,0.0,0.0
686,0.10905875312164426,0.3496405426412821,0.16481947619467974,0.05576072190888226,0.0,0.0,0.0
687,0.10882895952090621,0.3474574703723192,0.16459782794117928,0.055768868420273066,0.0,0.0,0.0
688,0.1090364744886756,0.3472799304872751,0.164759230799973,0.05572275654412806,0.0,0.0,0.0
689,0.10909518366679549,0.34763393364846706,0.16477770637720823,0.05568252317607403,0.0,0.0,0.0
690,0.10885799396783113,0.34635409712791443,0.16456998698413372,0.05571199068799615,0.0,0.0,0.0
691,0.10831647599115968,0.34541180543601513,0.16397626092657447,0.0556597865652293,0.0,0.0,0.0
692,0.10916774813085794,0.34474108926951885,0.16479218564927578,0.05562443705275655,0.0,0.0,0.0
693,0.10913874628022313,0.34723997488617897,0.16472773160785437,0.05558898695744574,0.0,0.0,0.0
694,0.10881936131045222,0.3489450355991721,0.16443379502743483,0.05561443162150681,0.0,0.0,0.0
695,0.10974684939719737,0.34447964280843735,0.16529458202421665,0.05554773355834186,0.0,0.0,0.0
696,0.1096693929284811,0.3481768984347582,0.1652665277943015,0.05559713416732848,0.0,0.0,0.0
697,0.10959052154794335,0.34796411730349064,0.16516825929284096,0.05557773890905082,0.0,0.0,0.0
698,0.10947886062785983,0.3480941951274872,0.16501607187092304,0.055537212174385786,0.0,0.0,0.0
699,0.10926530417054892,0.34921151027083397,0.16475412156432867,0.05548881879076362,0.0,0.0,0.0
700,0.10905824135988951,0.34903423115611076,0.16453587729483843,0.05547763523645699,0.0,0.0,0.0
701,0.10869501018896699,0.3500327840447426,0.16416382789611816,0.05546881724148989,0.0,0.0,0.0
702,0.1088067158125341,0.3477427717298269,0.16422106511890888,0.05541435047052801,0.0,0.0,0.0
703,0.10957912541925907,0.34972769021987915,0.1650027148425579,0.055423588724806905,0.0,0.0,0.0
704,0.10936860600486398,0.34808565210551023,0.16473093535751104,0.05536233028396964,0.0,0.0,0.0
705,0.10925671644508839,0.3479301957413554,0.16462519485503435,0.055368476547300816,0.0,0.0,0.0
706,0.1085955835878849,0.34936005994677544,0.16397827863693237,0.055382694816216826,0.0,0.0,0.0
707,0.10883073136210442,0.34854984004050493,0.16415274050086737,0.055322008673101664,0.0,0.0,0.0
708,0.10955938580445945,0.34480873588472605,0.16487253084778786,0.05531314597465098,0.0,0.0,0.0
709,0.10904345568269491,0.3467155499383807,0.16434684488922358,0.055303391767665744,0.0,0.0,0.0
710,0.10898073366843164,0.3429028671234846,0.16425651963800192,0.05527578550390899,0.0,0.0,0.0
711,0.10919161746278405,0.3462243154644966,0.16441371012479067,0.055222093826159835,0.0,0.0,0.0
712,0.1087621720507741,0.3470977898687124,0.1639648014679551,0.05520263151265681,0.0,0.0,0.0
713,0.1091999551281333,0.34934615157544613,0.16439571976661682,0.05519576510414481,0.0,0.0,0.0
714,0.10906508564949036,0.3496204540133476,0.16423830576241016,0.05517322011291981,0.0,0.0,0.0
715,0.1091424017213285,0.34791250340640545,0.1642969734966755,0.055154570611193776,0.0,0.0,0.0
716,0.10954368114471436,0.34582521580159664,0.16468828078359365,0.05514459894038737,0.0,0.0,0.0
717,0.10925219347700477,0.3493023496121168,0.1644021337851882,0.05514993751421571,0.0,0.0,0.0
718,0.1093282075598836,0.34660026244819164,0.16441886872053146,0.05509065999649465,0.0,0.0,0.0
719,0.10944251203909516,0.34834584034979343,0.16453477460891008,0.05509226117283106,0.0,0.0,0.0
720,0.108933434356004,0.348420113325119,0.1639896035194397,0.05505617056041956,0.0,0.0,0.0
721,0.1088179461658001,0.3454198073595762,0.16383078321814537,0.05501283658668399,0.0,0.0,0.0
722,0.1095456862822175,0.34861393831670284,0.16458014957606792,0.055034461664035916,0.0,0.0,0.0
723,0.10938229318708181,0.34917963668704033,0.16440318059176207,0.05502088903449476,0.0,0.0,0.0
724,0.10897779976949096,0.3498951382935047,0.1639539273455739,0.05497612711042166,0.0,0.0,0.0
725,0.10855917260050774,0.3481491217389703,0.1635140422731638,0.054954868741333485,0.0,0.0,0.0
726,0.10913149127736688,0.34786079078912735,0.16407360322773457,0.05494211078621447,0.0,0.0,0.0
727,0.1095740064047277,0.34762447886168957,0.16449465602636337,0.05492064985446632,0.0,0.0,0.0
728,0.10896950075402856,0.3481638031080365,0.16391241271048784,0.054942913353443146,0.0,0.0,0.0
729,0.10891592036932707,0.3459476213902235,0.1638154974207282,0.05489957658573985,0.0,0.0,0.0
730,0.1091613913886249,0.34951753728091717,0.1640240615233779,0.05486267013475299,0.0,0.0,0.0
731,0.10919086402282119,0.3458885261788964,0.16405753418803215,0.0548666687682271,0.0,0.0,0.0
732,0.10932467970997095,0.3494639080017805,0.16415786184370518,0.054833181435242295,0.0,0.0,0.0
733,0.10905606020241976,0.3467009449377656,0.16386461770161986,0.05480855843052268,0.0,0.0,0.0
734,0.10915018618106842,0.34841880574822426,0.16398212034255266,0.054831934394314885,0.0,0.0,0.0
735,0.10903988080099225,0.3480086261406541,0.1638206858187914,0.05478080362081528,0.0,0.0,0.0
736,0.10881206532940269,0.3492868598550558,0.16355698741972446,0.05474492232315242,0.0,0.0,0.0
737,0.10905136400833726,0.34873290080577135,0.16375850792974234,0.05470714368857443,0.0,0.0,0.0
738,0.10938677843660116,0.3487545493990183,0.16409331001341343,0.05470653180964291,0.0,0.0,0.0
739,0.10898429621011019,0.34551152866333723,0.16366853937506676,0.05468424432910979,0.0,0.0,0.0
740,0.10903819231316447,0.3496173247694969,0.16370716132223606,0.05466897017322481,0.0,0.0,0.0
741,0.10913409339264035,0.34928605146706104,0.1637906553223729,0.05465656332671642,0.0,0.0,0.0
742,0.10890874406322837,0.3455996457487345,0.16353267151862383,0.054623927688226104,0.0,0.0,0.0
743,0.10949337668716908,0.35036287270486355,0.1641072817146778,0.05461390409618616,0.0,0.0,0.0
744,0.10937660560011864,0.34651999454945326,0.1639323253184557,0.05455572088249028,0.0,0.0,0.0
745,0.10989096388220787,0.34976926166564226,0.16444718651473522,0.05455622426234186,0.0,0.0,0.0
746,0.1088863704353571,0.3476983346045017,0.1634071934968233,0.054520822362974286,0.0,0.0,0.0
747,0.10890802834182978,0.34651822317391634,0.16343047190457582,0.05452244263142347,0.0,0.0,0.0
748,0.10903922421857715,0.34703228157013655,0.16352195711806417,0.05448273406364024,0.0,0.0,0.0
749,0.10906831081956625,0.34850287809967995,0.16353909578174353,0.05447078496217728,0.0,0.0,0.0
750,0.10885587707161903,0.346526843495667,0.16330366861075163,0.054447792237624526,0.0,0.0,0.0
751,0.10856204526498914,0.3498368952423334,0.16300890501588583,0.05444685975089669,0.0,0.0,0.0
752,0.10866203671321273,0.34808405116200447,0.1630620053038001,0.05439996882341802,0.0,0.0,0.0
753,0.1091589704155922,0.34862985648214817,0.1635726811364293,0.05441371025517583,0.0,0.0,0.0
754,0.10888303816318512,0.34918811172246933,0.1632822696119547,0.05439923144876957,0.0,0.0,0.0
755,0.10871121985837817,0.3490150775760412,0.16305468883365393,0.05434346990659833,0.0,0.0,0.0
756,0.1091009033843875,0.3491429500281811,0.1634454857558012,0.05434458260424435,0.0,0.0,0.0
757,0.10910822777077556,0.3449641168117523,0.16341167781502008,0.05430345004424453,0.0,0.0,0.0
758,0.10972860641777515,0.3467275183647871,0.16404831130057573,0.05431970511563122,0.0,0.0,0.0
759,0.10978231532499194,0.3446442186832428,0.16407063696533442,0.05428832210600376,0.0,0.0,0.0
760,0.10906453477218747,0.34764363151043653,0.16333916690200567,0.05427463189698756,0.0,0.0,0.0
761,0.10924242017790675,0.34421165101230145,0.1634773826226592,0.05423496360890567,0.0,0.0,0.0
762,0.10935618681833148,0.3502802364528179,0.16356654884293675,0.054210360860452056,0.0,0.0,0.0
763,0.10936694825068116,0.34766882471740246,0.16359733836725354,0.05423038965091109,0.0,0.0,0.0
764,0.10942661156877875,0.34793921280652285,0.16363965068012476,0.05421304167248309,0.0,0.0,0.0
765,0.10955443559214473,0.3473746981471777,0.16374814324080944,0.05419370927847922,0.0,0.0,0.0
766,0.10955615621060133,0.34815874695777893,0.16371432039886713,0.054158164421096444,0.0,0.0,0.0
767,0.10922386962920427,0.3487186571583152,0.16337198205292225,0.054148112423717976,0.0,0.0,0.0
768,0.10925522958859801,0.3460585670545697,0.16335592838004231,0.05410069809295237,0.0,0.0,0.0
769,0.1089585148729384,0.34670002199709415,0.16306524351239204,0.05410672747530043,0.0,0.0,0.0
770,0.10921617457643151,0.3464784985408187,0.1633008187636733,0.05408464348874986,0.0,0.0,0.0
771,0.10942306136712432,0.3478038487955928,0.163475988432765,0.05405292636714876,0.0,0.0,0.0
772,0.10922791506163776,0.34669457003474236,0.1632392005994916,0.05401128577068448,0.0,0.0,0.0
773,0.10955860326066613,0.3478976832702756,0.16357805952429771,0.05401945696212351,0.0,0.0,0.0
774,0.10905263153836131,0.3479726407676935,0.16301306895911694,0.05396043881773949,0.0,0.0,0.0
775,0.10863340413197875,0.34881260618567467,0.16259919945150614,0.05396579718217254,0.0,0.0,0.0
776,0.10931480396538973,0.34899994917213917,0.16328003723174334,0.05396523582749069,0.0,0.0,0.0
777,0.10889518400654197,0.3492349609732628,0.16283716075122356,0.05394197884015739,0.0,0.0,0.0
778,0.10897542396560311,0.3434534249827266,0.162885086145252,0.05390966171398759,0.0,0.0,0.0
779,0.10896158497780561,0.3487923461943865,0.16284502111375332,0.053883436135947704,0.0,0.0,0.0
780,0.10933865047991276,0.34921739995479584,0.16323778871446848,0.05389913823455572,0.0,0.0,0.0
781,0.10899660177528858,0.34717734530568123,0.1628749119117856,0.05387831013649702,0.0,0.0,0.0
782,0.10927294054999948,0.34743179474025965,0.1631149621680379,0.05384201975539327,0.0,0.0,0.0
783,0.1083777230232954,0.3497577663511038,0.16220149397850037,0.05382377072237432,0.0,0.0,0.0
784,0.10903553804382682,0.34748595859855413,0.16283419728279114,0.05379865737631917,0.0,0.0,0.0
785,0.10962274949997663,0.3491549361497164,0.1634150706231594,0.05379231972619891,0.0,0.0,0.0
786,0.10939677339047194,0.34885804634541273,0.16317084338515997,0.0537740692961961,0.0,0.0,0.0
787,0.10922345938161016,0.34534538350999355,0.1629835474304855,0.05376008921302855,0.0,0.0,0.0
788,0.10943036619573832,0.34538504108786583,0.1631820034235716,0.053751639323309064,0.0,0.0,0.0
789,0.10959063237532973,0.3489697463810444,0.16329776588827372,0.05370713211596012,0.0,0.0,0.0
790,0.10935535607859492,0.34827067982405424,0.1630349149927497,0.05367955984547734,0.0,0.0,0.0
791,0.10903832409530878,0.34321966394782066,0.162717767059803,0.0536794422660023,0.0,0.0,0.0
792,0.10897826915606856,0.34955324325710535,0.1626561814919114,0.05367791163735092,0.0,0.0,0.0
793,0.10889440588653088,0.3506824020296335,0.16250049602240324,0.05360608990304172,0.0,0.0,0.0
794,0.10887359641492367,0.34949993155896664,0.16248693503439426,0.05361333885230124,0.0,0.0,0.0
795,0.10880114836618304,0.3490721918642521,0.16237077489495277,0.053569626761600375,0.0,0.0,0.0
796,0.10874333279207349,0.35057528503239155,0.16233025025576353,0.053586916998028755,0.0,0.0,0.0
797,0.10916240885853767,0.3508388679474592,0.1627382654696703,0.053575858008116484,0.0,0.0,0.0
798,0.10913836862891912,0.3497612364590168,0.16269409889355302,0.05355573049746454,0.0,0.0,0.0
799,0.10881139244884253,0.3491522716358304,0.16234462149441242,0.05353322974406183,0.0,0.0,0.0
800,0.10906831035390496,0.3466792572289705,0.16257339157164097,0.05350508145056665,0.0,0.0,0.0
801,0.1096034781076014,0.34385673701763153,0.16309763491153717,0.0534941575024277,0.0,0.0,0.0
802,0.10888979444280267,0.35037683323025703,0.1623740792274475,0.0534842845518142,0.0,0.0,0.0
803,0.10911560244858265,0.34762819670140743,0.1625486547127366,0.0534330524969846,0.0,0.0,0.0
804,0.10895203286781907,0.34733695536851883,0.16236394457519054,0.05341191170737147,0.0,0.0,0.0
805,0.10921987146139145,0.34460010193288326,0.16264655301347375,0.053426682483404875,0.0,0.0,0.0
806,0.10956141958013177,0.35002002492547035,0.16297965869307518,0.053418240044265985,0.0,0.0,0.0
807,0.10945653636008501,0.349413700401783,0.16285903938114643,0.05340250348672271,0.0,0.0,0.0
808,0.10955456970259547,0.34726868756115437,0.1629546983167529,0.05340012931264937,0.0,0.0,0.0
809,0.10939127067103982,0.3445526007562876,0.16273720562458038,0.053345934953540564,0.0,0.0,0.0
810,0.10905647138133645,0.3494874220341444,0.1623806245625019,0.0533241534139961,0.0,0.0,0.0
811,0.1087484285235405,0.3479449786245823,0.16205796226859093,0.053309533977881074,0.0,0.0,0.0
812,0.10948906652629375,0.3489488232880831,0.16277847485616803,0.053289406234398484,0.0,0.0,0.0
813,0.10970235569402575,0.34660231601446867,0.16300616320222616,0.05330380774103105,0.0,0.0,0.0
814,0.10879821237176657,0.34908973425626755,0.16202327609062195,0.0532250648830086,0.0,0.0,0.0
815,0.10915285721421242,0.3478394225239754,0.1623866781592369,0.053233821876347065,0.0,0.0,0.0
816,0.10897103417664766,0.35081371665000916,0.1621651817113161,0.05319414660334587,0.0,0.0,0.0
817,0.10872853640466928,0.34456384740769863,0.1619073934853077,0.05317885591648519,0.0,0.0,0.0
818,0.10887668328359723,0.3502694293856621,0.1620415262877941,0.053164842538535595,0.0,0.0,0.0
819,0.10878175497055054,0.34628288447856903,0.1619469397701323,0.05316518573090434,0.0,0.0,0.0
820,0.10891641024500132,0.348274203017354,0.1620525661855936,0.05313615524210036,0.0,0.0,0.0
821,0.10885443049483001,0.3474571071565151,0.16193849965929985,0.053084068931639194,0.0,0.0,0.0
822,0.10871171206235886,0.3481901343911886,0.16182502452284098,0.0531133112963289,0.0,0.0,0.0
823,0.10910787666216493,0.3476656945422292,0.16219998244196177,0.0530921071767807,0.0,0.0,0.0
824,0.10892770905047655,0.3451986750587821,0.1619848213158548,0.053057111566886306,0.0,0.0,0.0
825,0.10854910733178258,0.3491829000413418,0.16158562805503607,0.05303652328439057,0.0,0.0,0.0
826,0.10894722398370504,0.34786721132695675,0.16200398094952106,0.053056757897138596,0.0,0.0,0.0
827,0.10890729771926999,0.3496005069464445,0.16190477926284075,0.05299748247489333,0.0,0.0,0.0
828,0.10898023517802358,0.3476881794631481,0.16195161920040846,0.05297138378955424,0.0,0.0,0.0
829,0.10902051953598857,0.34617983642965555,0.1620216961018741,0.05300117889419198,0.0,0.0,0.0
830,0.10921681765466928,0.3482895726338029,0.16217996552586555,0.05296314833685756,0.0,0.0,0.0
831,0.10903701139613986,0.349437203258276,0.16197958309203386,0.052942571695894,0.0,0.0,0.0
832,0.10907690180465579,0.34797011129558086,0.16200215183198452,0.05292525142431259,0.0,0.0,0.0
833,0.10901397513225675,0.3477256717160344,0.1619073054753244,0.052893329644575715,0.0,0.0,0.0
834,0.10895207617431879,0.34725730586797,0.16184406727552414,0.05289199040271342,0.0,0.0,0.0
835,0.10920388926751912,0.3484819158911705,0.1620751917362213,0.052871302934363484,0.0,0.0,0.0
836,0.1089730616658926,0.3479210939258337,0.1618716036900878,0.05289854179136455,0.0,0.0,0.0
837,0.10898675303906202,0.3503491226583719,0.16181596647948027,0.05282921530306339,0.0,0.0,0.0
838,0.10929921176284552,0.3485909681767225,0.1621149918064475,0.05281578144058585,0.0,0.0,0.0
839,0.10881674662232399,0.3469405807554722,0.16160245146602392,0.05278570461086929,0.0,0.0,0.0
840,0.10897537018172443,0.34441792126744986,0.16177700413390994,0.052801633486524224,0.0,0.0,0.0
841,0.10895827040076256,0.34896002151072025,0.16171539947390556,0.05275712953880429,0.0,0.0,0.0
842,0.10869267862290144,0.345904397778213,0.1614379738457501,0.0527452954556793,0.0,0.0,0.0
843,0.10908613121137023,0.3502743858844042,0.16176952980458736,0.05268339696340263,0.0,0.0,0.0
844,0.10907404916360974,0.34890091791749,0.161825236864388,0.05275118839927018,0.0,0.0,0.0
845,0.10914626508019865,0.3489738516509533,0.16185892466455698,0.05271265935152769,0.0,0.0,0.0
846,0.10938430204987526,0.3491980601102114,0.16207595821470022,0.05269165779463947,0.0,0.0,0.0
847,0.10930594429373741,0.34571707621216774,0.16201712703332305,0.05271118227392435,0.0,0.0,0.0
848,0.109472835669294,0.3484349073842168,0.16212505288422108,0.05265221814624965,0.0,0.0,0.0
849,0.10958362091332674,0.34811624605208635,0.16225156281143427,0.052667940966784954,0.0,0.0,0.0
850,0.10957603761926293,0.3457165928557515,0.16220439039170742,0.0526283523067832,0.0,0.0,0.0
851,0.10973175708204508,0.34889565594494343,0.16231186594814062,0.05258010909892619,0.0,0.0,0.0
852,0.10926421359181404,0.347595090046525,0.16181989293545485,0.052555679343640804,0.0,0.0,0.0
853,0.10906701860949397,0.3481564596295357,0.1616420717909932,0.05257505178451538,0.0,0.0,0.0
854,0.10889079235494137,0.34710605069994926,0.1614188551902771,0.05252806097269058,0.0,0.0,0.0
855,0.10946503700688481,0.347701832652092,0.1619889084249735,0.05252387118525803,0.0,0.0,0.0
856,0.11010628007352352,0.3509172759950161,0.1626855917274952,0.05257931165397167,0.0,0.0,0.0
857,0.10953167593106627,0.34970370307564735,0.16202823910862207,0.05249656271189451,0.0,0.0,0.0
858,0.10929315444082022,0.350567938759923,0.1617730213329196,0.05247986759059131,0.0,0.0,0.0
859,0.10843194741755724,0.34882322046905756,0.1608834732323885,0.052451526280492544,0.0,0.0,0.0
860,0.10884276358410716,0.34841431211680174,0.16129466891288757,0.0524519057944417,0.0,0.0,0.0
861,0.10927761532366276,0.34997005574405193,0.16169903334230185,0.05242141894996166,0.0,0.0,0.0
862,0.10907609714195132,0.3495505377650261,0.16146020032465458,0.05238410132005811,0.0,0.0,0.0
863,0.10902709374204278,0.350877121090889,0.1614351151511073,0.05240802257321775,0.0,0.0,0.0
864,0.1099058804102242,0.3486651387065649,0.16229338059201837,0.05238750018179417,0.0,0.0,0.0
865,0.10937004955485463,0.3502682261168957,0.16175477206707,0.05238472414202988,0.0,0.0,0.0
866,0.10867711110040545,0.34808534011244774,0.16100031044334173,0.05232320120558143,0.0,0.0,0.0
867,0.10907906200736761,0.3495221398770809,0.1614116197451949,0.052332556108012795,0.0,0.0,0.0
868,0.10931001976132393,0.34963876008987427,0.16159924305975437,0.05228922236710787,0.0,0.0,0.0
869,0.10902431048452854,0.34659291710704565,0.16131698712706566,0.05229267501272261,0.0,0.0,0.0
870,0.10927847540006042,0.3484758213162422,0.1615798957645893,0.05230141896754503,0.0,0.0,0.0
871,0.10861121024936438,0.34911139123141766,0.16086564864963293,0.052254439098760486,0.0,0.0,0.0
872,0.10878747701644897,0.3495217142626643,0.16104356665164232,0.05225608986802399,0.0,0.0,0.0
873,0.10870158858597279,0.3485123608261347,0.16093184519559145,0.052230256143957376,0.0,0.0,0.0
874,0.1090421942062676,0.34897429682314396,0.1612462205812335,0.052204027539119124,0.0,0.0,0.0
875,0.10922792181372643,0.3478621942922473,0.16143903648480773,0.052211113506928086,0.0,0.0,0.0
876,0.10968262841925025,0.3473030999302864,0.1618455071002245,0.052162878680974245,0.0,0.0,0.0
877,0.1095565496943891,0.3473379723727703,0.16172465402632952,0.052168103167787194,0.0,0.0,0.0
878,0.10942493518814445,0.3463658895343542,0.16159917693585157,0.05217424244619906,0.0,0.0,0.0
879,0.10944113973528147,0.3482234952971339,0.16156823560595512,0.05212709400802851,0.0,0.0,0.0
880,0.10921278176829219,0.34992145374417305,0.16135485377162695,0.05214207177050412,0.0,0.0,0.0
881,0.1091216835193336,0.34920940920710564,0.16122949309647083,0.05210781027562916,0.0,0.0,0.0
882,0.1093248431570828,0.3512134309858084,0.16141282208263874,0.052087978925555944,0.0,0.0,0.0
883,0.10946232406422496,0.34854179434478283,0.1615290381014347,0.05206671427004039,0.0,0.0,0.0
884,0.1087093255482614,0.3497235085815191,0.16074711177498102,0.05203778762370348,0.0,0.0,0.0
885,0.10917615937069058,0.34812880028039217,0.16125582670792937,0.0520796668715775,0.0,0.0,0.0
886,0.10901637142524123,0.3454890735447407,0.16104062926024199,0.05202425830066204,0.0,0.0,0.0
887,0.10908372327685356,0.3455659709870815,0.16109404200688004,0.05201031919568777,0.0,0.0,0.0
888,0.10897584911435843,0.34718499705195427,0.16093660704791546,0.051960756769403815,0.0,0.0,0.0
889,0.10907028475776315,0.34745608922094107,0.16104948753491044,0.05197920394130051,0.0,0.0,0.0
890,0.10899692354723811,0.34688111767172813,0.16094255540519953,0.051945631159469485,0.0,0.0,0.0
891,0.10919537907466292,0.3456836063414812,0.16111348802223802,0.05191810987889767,0.0,0.0,0.0
892,0.1091391951777041,0.3492734646424651,0.161045772023499,0.05190657638013363,0.0,0.0,0.0
893,0.10890812776051462,0.34519774932414293,0.16081260005012155,0.05190447182394564,0.0,0.0,0.0
894,0.10902801202610135,0.3490865118801594,0.16094856802374125,0.051920557394623756,0.0,0.0,0.0
895,0.10873083444312215,0.34384322073310614,0.1606076480820775,0.05187681410461664,0.0,0.0,0.0
896,0.10883943224325776,0.3495365846902132,0.16068407241255045,0.051844639237970114,0.0,0.0,0.0
897,0.1093344334512949,0.3496314138174057,0.1611842354759574,0.05184980318881571,0.0,0.0,0.0
898,0.10872367490082979,0.3464146265760064,0.16053833020851016,0.05181465484201908,0.0,0.0,0.0
899,0.10921460809186101,0.34517628513276577,0.1610412262380123,0.051826618844643235,0.0,0.0,0.0
900,0.10863917460665107,0.34986901469528675,0.1604183129966259,0.051779138622805476,0.0,0.0,0.0
901,0.10869266465306282,0.3491035159677267,0.16047988925129175,0.05178722576238215,0.0,0.0,0.0
902,0.10883376933634281,0.3481870610266924,0.1605992577970028,0.05176548776216805,0.0,0.0,0.0
903,0.10950225195847452,0.3470471100881696,0.16126102674752474,0.05175877455621958,0.0,0.0,0.0
904,0.10882351966574788,0.3483442906290293,0.16055167466402054,0.051728155463933945,0.0,0.0,0.0
905,0.10846074530854821,0.3503818176686764,0.16018434334546328,0.05172359989956021,0.0,0.0,0.0
906,0.1091521056368947,0.34715345595031977,0.16084499098360538,0.05169288627803326,0.0,0.0,0.0
907,0.10968468757346272,0.34803023748099804,0.16138326562941074,0.05169857805594802,0.0,0.0,0.0
908,0.1094045196659863,0.34699915535748005,0.1611142372712493,0.05170971783809364,0.0,0.0,0.0
909,0.1093712393194437,0.3477410254999995,0.16102574951946735,0.05165451159700751,0.0,0.0,0.0
910,0.10886692255735397,0.3451890768483281,0.16049531381577253,0.051628391491249204,0.0,0.0,0.0
911,0.10845346702262759,0.3485010042786598,0.16006123460829258,0.05160776921547949,0.0,0.0,0.0
912,0.10902194492518902,0.34683476109057665,0.16064768191426992,0.051625736989080906,0.0,0.0,0.0
913,0.10858895070850849,0.3462276132777333,0.16016881680116057,0.05157986585982144,0.0,0.0,0.0
914,0.10900552524253726,0.3484273310750723,0.16057907976210117,0.05157355382107198,0.0,0.0,0.0
915,0.10912043368443847,0.34820003621280193,0.16068963520228863,0.051569202449172735,0.0,0.0,0.0
916,0.10923935752362013,0.3491214979439974,0.1607842966914177,0.051544937305152416,0.0,0.0,0.0
917,0.10961084510199726,0.34660023264586926,0.16116143623366952,0.05155059020034969,0.0,0.0,0.0
918,0.109161397209391,0.3491094531491399,0.16066822223365307,0.05150682386010885,0.0,0.0,0.0
919,0.10847418615594506,0.34883507527410984,0.159967839717865,0.051493652863428,0.0,0.0,0.0
920,0.10921603813767433,0.34945969469845295,0.1606766628101468,0.05146062490530312,0.0,0.0,0.0
921,0.1094560045748949,0.3471150817349553,0.16095680743455887,0.05150080379098654,0.0,0.0,0.0
922,0.10932685388252139,0.34926640521734953,0.16080189915373921,0.05147504503838718,0.0,0.0,0.0
923,0.10924694174900651,0.34989436715841293,0.16067590471357107,0.051428964361548424,0.0,0.0,0.0
924,0.10899781249463558,0.3476768471300602,0.16041261982172728,0.05141480639576912,0.0,0.0,0.0
925,0.10990712908096611,0.3459818596020341,0.1612926865927875,0.05138555821031332,0.0,0.0,0.0
926,0.10966970771551132,0.3483425285667181,0.16110449191182852,0.05143478373065591,0.0,0.0,0.0
927,0.10950828716158867,0.34908457286655903,0.16089654248207808,0.051388256484642625,0.0,0.0,0.0
928,0.1092352126725018,0.3499559070914984,0.16057960130274296,0.05134438700042665,0.0,0.0,0.0
929,0.10931637696921825,0.3474455354735255,0.1606630263850093,0.05134664801880717,0.0,0.0,0.0
930,0.10961387632414699,0.348170212469995,0.1609548106789589,0.05134093388915062,0.0,0.0,0.0
931,0.10924384789541364,0.3502321410924196,0.16058409120887518,0.05134024261496961,0.0,0.0,0.0
932,0.10915248654782772,0.3473940771073103,0.16047669062390924,0.05132420267909765,0.0,0.0,0.0
933,0.10870166355744004,0.3494939096271992,0.15996817406266928,0.05126651027239859,0.0,0.0,0.0
934,0.10889264615252614,0.34825631603598595,0.16016906220465899,0.051276416052132845,0.0,0.0,0.0
935,0.10916369734331965,0.34708365239202976,0.16042516566812992,0.051261468790471554,0.0,0.0,0.0
936,0.10981633141636848,0.3478089664131403,0.1610801536589861,0.051263822708278894,0.0,0.0,0.0
937,0.10939788306131959,0.34963532630354166,0.1606084182858467,0.051210534293204546,0.0,0.0,0.0
938,0.10882407426834106,0.34813087340444326,0.16003899555653334,0.05121492175385356,0.0,0.0,0.0
939,0.10901713976636529,0.35067150741815567,0.1602021036669612,0.051184964599087834,0.0,0.0,0.0
940,0.10968013340607285,0.347487173974514,0.16088697873055935,0.05120684648863971,0.0,0.0,0.0
941,0.11011886084452271,0.3517497181892395,0.1613142741844058,0.05119541217572987,0.0,0.0,0.0
942,0.10999624850228429,0.3483635997399688,0.16117304377257824,0.051176796201616526,0.0,0.0,0.0
943,0.1091086259111762,0.34842617623507977,0.16025802493095398,0.05114939785562456,0.0,0.0,0.0
944,0.10924504417926073,0.34961613081395626,0.16036778315901756,0.051122738514095545,0.0,0.0,0.0
945,0.10893150558695197,0.3495309893041849,0.1600181609392166,0.051086655119434,0.0,0.0,0.0
946,0.10908399382606149,0.3497549407184124,0.16016459930688143,0.05108060431666672,0.0,0.0,0.0
947,0.10911058075726032,0.3488842351362109,0.16019216552376747,0.05108158360235393,0.0,0.0,0.0
948,0.10941077303141356,0.3481691814959049,0.16049402952194214,0.05108325625769794,0.0,0.0,0.0
949,0.10930280829779804,0.3480099532753229,0.1603576298803091,0.05105482111684978,0.0,0.0,0.0
950,0.10901268804445863,0.34772382117807865,0.16006936132907867,0.05105667351745069,0.0,0.0,0.0
951,0.10898413881659508,0.3475885456427932,0.15999024454504251,0.05100610642693937,0.0,0.0,0.0
952,0.10874282475560904,0.34939522854983807,0.1597411441616714,0.05099831847473979,0.0,0.0,0.0
953,0.10884501179680228,0.34867163840681314,0.15983721474185586,0.05099220317788422,0.0,0.0,0.0
954,0.10866003250703216,0.3485656538978219,0.15960603160783648,0.05094599723815918,0.0,0.0,0.0
955,0.1090424400754273,0.3493889942765236,0.1600127425044775,0.05097030266188085,0.0,0.0,0.0
956,0.10992853296920657,0.34924184903502464,0.1608994472771883,0.05097091477364302,0.0,0.0,0.0
957,0.1094131120480597,0.3479085899889469,0.16034817695617676,0.05093506397679448,0.0,0.0,0.0
958,0.10916101885959506,0.3491791682317853,0.16010526148602366,0.05094424379058182,0.0,0.0,0.0
959,0.10946713527664542,0.3484701896086335,0.16037053940817714,0.05090340506285429,0.0,0.0,0.0
960,0.1090902597643435,0.34584308229386806,0.15998568572103977,0.05089542572386563,0.0,0.0,0.0
961,0.10919369338080287,0.3501315601170063,0.16006095800548792,0.050867265090346336,0.0,0.0,0.0
962,0.10888661490753293,0.34629086311906576,0.15976295107975602,0.05087633593939245,0.0,0.0,0.0
963,0.10897110030055046,0.350650642067194,0.15981740970164537,0.05084630730561912,0.0,0.0,0.0
964,0.1094776801764965,0.34953082632273436,0.16034238506108522,0.05086470441892743,0.0,0.0,0.0
965,0.10983138927258551,0.3491223845630884,0.16062628524377942,0.05079489480704069,0.0,0.0,0.0
966,0.10930479085072875,0.35024325642734766,0.1601256006397307,0.050820809323340654,0.0,0.0,0.0
967,0.10904877819120884,0.35062425583601,0.15984156727790833,0.050792789086699486,0.0,0.0,0.0
968,0.10936588235199451,0.34867541771382093,0.16011735051870346,0.05075146839953959,0.0,0.0,0.0
969,0.1096200393512845,0.3467476051300764,0.1603785939514637,0.05075855413451791,0.0,0.0,0.0
970,0.10914643947035074,0.3439129488542676,0.15986473066732287,0.05071829026564956,0.0,0.0,0.0
971,0.10925429267808795,0.35082334093749523,0.1599430413916707,0.050688748713582754,0.0,0.0,0.0
972,0.10882372595369816,0.3502151742577553,0.15952215623110533,0.050698430044576526,0.0,0.0,0.0
973,0.10903129214420915,0.3496800512075424,0.1597486948594451,0.05071740411221981,0.0,0.0,0.0
974,0.10940975043922663,0.35071676783263683,0.16009393893182278,0.050684187561273575,0.0,0.0,0.0
975,0.10925268195569515,0.34824244026094675,0.15993241453543305,0.05067973374389112,0.0,0.0,0.0
976,0.10908180754631758,0.35093926824629307,0.15972120501101017,0.050639398163184524,0.0,0.0,0.0
977,0.10973622277379036,0.3495544334873557,0.16041501890867949,0.050678794737905264,0.0,0.0,0.0
978,0.10967680485919118,0.3471103413030505,0.1603209711611271,0.050644166534766555,0.0,0.0,0.0
979,0.10926937218755484,0.3479900760576129,0.15985708590596914,0.05058771371841431,0.0,0.0,0.0
980,0.10925910808146,0.34735885448753834,0.1598635632544756,0.05060445470735431,0.0,0.0,0.0
981,0.10887086857110262,0.3486655270680785,0.15945777064189315,0.050586899276822805,0.0,0.0,0.0
982,0.10938466154038906,0.3471222594380379,0.15997539600357413,0.050590733299031854,0.0,0.0,0.0
983,0.10934327263385057,0.3489091945812106,0.15987259289249778,0.0505293202586472,0.0,0.0,0.0
984,0.10966908652335405,0.3489513974636793,0.16020627040416002,0.050537183647975326,0.0,0.0,0.0
985,0.10975802410393953,0.3481976883485913,0.16032821917906404,0.05057019693776965,0.0,0.0,0.0
986,0.10919035831466317,0.35118003748357296,0.15968322474509478,0.05049286806024611,0.0,0.0,0.0
987,0.10898913722485304,0.3491484224796295,0.15946806594729424,0.05047892965376377,0.0,0.0,0.0
988,0.10910209640860558,0.34899879060685635,0.1595965838059783,0.050494487630203366,0.0,0.0,0.0
989,0.1098274344112724,0.3458810904994607,0.16030015097931027,0.05047271819785237,0.0,0.0,0.0
990,0.10913632437586784,0.3498355532065034,0.15958730038255453,0.05045097786933184,0.0,0.0,0.0
991,0.10891152964904904,0.34924524277448654,0.15932707209140062,0.050415544770658016,0.0,0.0,0.0
992,0.10923041356727481,0.34701587073504925,0.15966183133423328,0.050431417068466544,0.0,0.0,0.0
993,0.10933991428464651,0.34795082174241543,0.1597510753199458,0.05041116080246866,0.0,0.0,0.0
994,0.10935047408565879,0.3474523751065135,0.15974029432982206,0.05038981977850199,0.0,0.0,0.0
995,0.10944638447836041,0.34934167191386223,0.15982052125036716,0.05037413630634546,0.0,0.0,0.0
996,0.10897639952600002,0.3475916553288698,0.15933366771787405,0.050357268657535315,0.0,0.0,0.0
997,0.10848937416449189,0.34658685978502035,0.15882193762809038,0.05033256369642913,0.0,0.0,0.0
998,0.10897594597190619,0.3479977361857891,0.1592782912775874,0.0503023462370038,0.0,0.0,0.0
999,0.1089056390337646,0.34860674664378166,0.15923049300909042,0.050324854673817754,0.0,0.0,0.0
