,train_f5_mae,train_f5_rmse,train_f1tof4_w_ae1_latent_mae,train_f1tof4_w_ae1_latent_rmse,total_train_loss,l1_weight_loss,l2_weight_loss,l1_bias_loss,l2_bias_loss
0,0.9737034924328327,1.1639909595251083,1.0647131837904453,1.4319276362657547,2.121394120156765,0.0829774932935834,0.0,0.0,0.0
1,0.9080022126436234,1.0897825956344604,1.0277780145406723,1.388396069407463,2.0183374509215355,0.08255722792819142,0.0,0.0,0.0
2,0.8641296252608299,1.044288046658039,0.9905334077775478,1.342443272471428,1.9367613345384598,0.08209828427061439,0.0,0.0,0.0
3,0.8326295167207718,1.0050129666924477,0.9530145302414894,1.2921090722084045,1.8671868592500687,0.08154285745695233,0.0,0.0,0.0
4,0.8067614622414112,0.9820340760052204,0.9160468466579914,1.237646047025919,1.80377759039402,0.08096928149461746,0.0,0.0,0.0
5,0.7863174267113209,0.9543768763542175,0.8790179900825024,1.189551953226328,1.7456824406981468,0.08034702436998487,0.0,0.0,0.0
6,0.777498796582222,0.9580338634550571,0.8427557088434696,1.138498805463314,1.699915461242199,0.07966094929724932,0.0,0.0,0.0
7,0.7700888942927122,0.9465302526950836,0.8051627986133099,1.078110296279192,1.654082253575325,0.07883057417348027,0.0,0.0,0.0
8,0.7675297763198614,0.929740970954299,0.7670148983597755,1.0265525057911873,1.6124583035707474,0.07791361538693309,0.0,0.0,0.0
9,0.7635974232107401,0.9378013834357262,0.7275147885084152,0.9749531671404839,1.568166434764862,0.07705422211438417,0.0,0.0,0.0
10,0.7610356342047453,0.9284879080951214,0.6884677596390247,0.9238618984818459,1.5257110297679901,0.07620764104649425,0.0,0.0,0.0
11,0.7570044808089733,0.9311721101403236,0.6490225605666637,0.871747687458992,1.4815619513392448,0.07553489599376917,0.0,0.0,0.0
12,0.7548148464411497,0.9144558813422918,0.6090741604566574,0.8119419626891613,1.4390469901263714,0.07515796320512891,0.0,0.0,0.0
13,0.7519387900829315,0.9324721172451973,0.5773040559142828,0.7672582119703293,1.4040056243538857,0.07476276718080044,0.0,0.0,0.0
14,0.7496556602418423,0.9295698516070843,0.5493845231831074,0.7266123928129673,1.373374953866005,0.07433476392179728,0.0,0.0,0.0
15,0.7455890215933323,0.9234335906803608,0.5228242501616478,0.6898669898509979,1.3421945869922638,0.07378131384029984,0.0,0.0,0.0
16,0.7431859765201807,0.9198618568480015,0.4976138025522232,0.6550382748246193,1.3140259683132172,0.07322620833292603,0.0,0.0,0.0
17,0.7415424548089504,0.9163791127502918,0.4739391338080168,0.6189628820866346,1.288176953792572,0.07269536890089512,0.0,0.0,0.0
18,0.7393418606370687,0.9156825877726078,0.45133779756724834,0.5886335428804159,1.2628320269286633,0.07215240458026528,0.0,0.0,0.0
19,0.7373244371265173,0.908638060092926,0.42949365079402924,0.5597464572638273,1.2384172566235065,0.07159917615354061,0.0,0.0,0.0
20,0.7354167215526104,0.9062759168446064,0.4080589469522238,0.535439983010292,1.2146437801420689,0.07116813352331519,0.0,0.0,0.0
21,0.7343029100447893,0.9111681059002876,0.38882761262357235,0.5084040388464928,1.193951029330492,0.07082048896700144,0.0,0.0,0.0
22,0.731873357668519,0.9059216119349003,0.3728796262294054,0.49308094196021557,1.1751884631812572,0.07043547555804253,0.0,0.0,0.0
23,0.7297628633677959,0.9078715816140175,0.35857001319527626,0.4771097246557474,1.15852714702487,0.07019425742328167,0.0,0.0,0.0
24,0.7284858226776123,0.8937757723033428,0.3479447076097131,0.4624261949211359,1.1464644446969032,0.070033916272223,0.0,0.0,0.0
25,0.7277244552969933,0.9031885862350464,0.3362644109874964,0.4476050678640604,1.1338887922465801,0.06989994179457426,0.0,0.0,0.0
26,0.7256601192057133,0.8965389747172594,0.32775720208883286,0.44241606444120407,1.123258262872696,0.06984095275402069,0.0,0.0,0.0
27,0.7237031031399965,0.8980510234832764,0.3198018791154027,0.4354622382670641,1.1132434494793415,0.06973846023902297,0.0,0.0,0.0
28,0.7232314608991146,0.8988244421780109,0.3130912221968174,0.4244713932275772,1.10596339777112,0.06964070675894618,0.0,0.0,0.0
29,0.7209409642964602,0.8951454162597656,0.3062133425846696,0.42194195464253426,1.096667055040598,0.06951273139566183,0.0,0.0,0.0
30,0.719518668949604,0.8896821849048138,0.29930607322603464,0.41379938274621964,1.0882214084267616,0.06939667742699385,0.0,0.0,0.0
31,0.719173600897193,0.8914283588528633,0.2929982729256153,0.40548943914473057,1.0814519487321377,0.06928006932139397,0.0,0.0,0.0
32,0.7175697777420282,0.8940350338816643,0.28687526378780603,0.3986400682479143,1.0735404901206493,0.06909543555229902,0.0,0.0,0.0
33,0.7154304515570402,0.8942806199193001,0.280914387665689,0.3944571930915117,1.0652983337640762,0.06895348848775029,0.0,0.0,0.0
34,0.7143130861222744,0.8983743973076344,0.2746441215276718,0.38592089898884296,1.0577841065824032,0.06882691290229559,0.0,0.0,0.0
35,0.7121311612427235,0.8754109665751457,0.26887973491102457,0.3789466582238674,1.0497328527271748,0.06872194120660424,0.0,0.0,0.0
36,0.7121116351336241,0.8801722005009651,0.26248285733163357,0.37260309047997,1.043253619223833,0.06865912862122059,0.0,0.0,0.0
37,0.7112302333116531,0.884788166731596,0.2564407838508487,0.36887368373572826,1.036190152168274,0.06851913034915924,0.0,0.0,0.0
38,0.7079870142042637,0.8850761651992798,0.251154663041234,0.3613910460844636,1.0275326408445835,0.06839095382019877,0.0,0.0,0.0
39,0.7079927250742912,0.8887319043278694,0.2452590111643076,0.3534579761326313,1.0215640664100647,0.06831232830882072,0.0,0.0,0.0
40,0.7060992363840342,0.8865200877189636,0.24005219619721174,0.3519774544984102,1.0144243985414505,0.06827295944094658,0.0,0.0,0.0
41,0.7042602486908436,0.875156857073307,0.23455262184143066,0.3456370662897825,1.0070415772497654,0.0682287011295557,0.0,0.0,0.0
42,0.7033165581524372,0.8693103268742561,0.2291457485407591,0.338663587346673,1.000611800700426,0.06814948469400406,0.0,0.0,0.0
43,0.702481372281909,0.8739426359534264,0.22389939986169338,0.3357033906504512,0.9944502860307693,0.06806952459737659,0.0,0.0,0.0
44,0.7007505539804697,0.872370719909668,0.21963388286530972,0.3308863593265414,0.9883669018745422,0.06798246596008539,0.0,0.0,0.0
45,0.7003517858684063,0.883231095969677,0.2143507692962885,0.32668059784919024,0.9825339093804359,0.0678313635289669,0.0,0.0,0.0
46,0.6986471749842167,0.8824176341295242,0.21036031749099493,0.3208194999024272,0.9767225794494152,0.06771509069949389,0.0,0.0,0.0
47,0.6974063981324434,0.8747342936694622,0.20571590680629015,0.3166252439841628,0.9707366861402988,0.0676143798045814,0.0,0.0,0.0
48,0.6957560945302248,0.8730759657919407,0.2019611820578575,0.3163543250411749,0.965226985514164,0.0675097107887268,0.0,0.0,0.0
49,0.6950287204235792,0.8713690564036369,0.1980103412643075,0.3120726551860571,0.9604010991752148,0.06736205192282796,0.0,0.0,0.0
50,0.6943470481783152,0.8674662187695503,0.19522295519709587,0.3047276120632887,0.9566993489861488,0.06712934374809265,0.0,0.0,0.0
51,0.6922590639442205,0.8723971806466579,0.19254841189831495,0.3025214532390237,0.9516879245638847,0.06688045291230083,0.0,0.0,0.0
52,0.6918480359017849,0.8722807206213474,0.19013847596943378,0.2946604145690799,0.9486682489514351,0.06668173661455512,0.0,0.0,0.0
53,0.689916105940938,0.8565194141119719,0.18807031400501728,0.2958144433796406,0.9443891160190105,0.0664026876911521,0.0,0.0,0.0
54,0.6894469149410725,0.8704330772161484,0.18605582509189844,0.29686776641756296,0.9415831752121449,0.066080451477319,0.0,0.0,0.0
55,0.6886936668306589,0.8656169660389423,0.1839486202225089,0.2931554727256298,0.9384771250188351,0.06583482818678021,0.0,0.0,0.0
56,0.6866393443197012,0.8664824590086937,0.1825080057606101,0.288544949144125,0.93469113484025,0.06554378289729357,0.0,0.0,0.0
57,0.6861632987856865,0.85747891664505,0.18038367945700884,0.28959857020527124,0.9318345710635185,0.06528759561479092,0.0,0.0,0.0
58,0.6856017298996449,0.8559402395039797,0.17872604867443442,0.290172116830945,0.9294115453958511,0.06508377473801374,0.0,0.0,0.0
59,0.6838854346424341,0.8764708861708641,0.17725487845018506,0.28439509868621826,0.9260348826646805,0.06489457236602902,0.0,0.0,0.0
60,0.6833615191280842,0.8734387122094631,0.1758269714191556,0.28371207416057587,0.9238559380173683,0.06466743350028992,0.0,0.0,0.0
61,0.6824252270162106,0.8681276589632034,0.17509447503834963,0.2808031179010868,0.9220958314836025,0.06457613687962294,0.0,0.0,0.0
62,0.6817633844912052,0.8670457825064659,0.17334018275141716,0.27384440088644624,0.9196009188890457,0.0644973418675363,0.0,0.0,0.0
63,0.680441377684474,0.8685175366699696,0.17176790907979012,0.28221024852246046,0.916597243398428,0.06438795384019613,0.0,0.0,0.0
64,0.6812213622033596,0.8694000653922558,0.1705876630730927,0.27883526124060154,0.9160748012363911,0.06426576990634203,0.0,0.0,0.0
65,0.6796510368585587,0.8562351055443287,0.1696271589025855,0.27536696940660477,0.9134903624653816,0.06421215645968914,0.0,0.0,0.0
66,0.6798894107341766,0.8666202053427696,0.16843433352187276,0.2761397436261177,0.9124421998858452,0.06411844352260232,0.0,0.0,0.0
67,0.6787377055734396,0.8687843680381775,0.1674102763645351,0.2726888773031533,0.9102130681276321,0.06406508712098002,0.0,0.0,0.0
68,0.6779979709535837,0.8617754653096199,0.16638412326574326,0.2762656146660447,0.9084373898804188,0.0640553031116724,0.0,0.0,0.0
69,0.677765941247344,0.8596073240041733,0.16530383843928576,0.2731206677854061,0.9070316106081009,0.06396183837205172,0.0,0.0,0.0
70,0.6778194829821587,0.8683602325618267,0.1643041167408228,0.2690214877948165,0.9060411229729652,0.0639175116084516,0.0,0.0,0.0
71,0.6763224508613348,0.8605354744940996,0.16331089613959193,0.26769169978797436,0.9034750834107399,0.06384174805134535,0.0,0.0,0.0
72,0.676090570166707,0.860623624175787,0.16203051712363958,0.27091676462441683,0.9019517302513123,0.06383064668625593,0.0,0.0,0.0
73,0.6757199298590422,0.862216018140316,0.161011743824929,0.26722838170826435,0.9004884883761406,0.06375681422650814,0.0,0.0,0.0
74,0.6753132846206427,0.8716431222856045,0.16018792754039168,0.26720162481069565,0.8991708569228649,0.06366965407505631,0.0,0.0,0.0
75,0.6745822839438915,0.8627457562834024,0.15929290233179927,0.26475827768445015,0.8974907957017422,0.06361560942605138,0.0,0.0,0.0
76,0.6751083116978407,0.8613310940563679,0.15814650105312467,0.26682116417214274,0.8967835642397404,0.0635287594050169,0.0,0.0,0.0
77,0.6743169073015451,0.8479308243840933,0.15712312376126647,0.2664860188961029,0.8948922120034695,0.06345218559727073,0.0,0.0,0.0
78,0.6742658689618111,0.869308665394783,0.15614311024546623,0.2507375543937087,0.8939317911863327,0.06352280033752322,0.0,0.0,0.0
79,0.6729581002146006,0.8607346545904875,0.155103319324553,0.26310610212385654,0.8914672397077084,0.06340581644326448,0.0,0.0,0.0
80,0.6734365839511156,0.861419066786766,0.15386102721095085,0.2632898911833763,0.8906418941915035,0.06334428302943707,0.0,0.0,0.0
81,0.6725429873913527,0.853664817288518,0.15271966299042106,0.2640724405646324,0.8886092156171799,0.06334656802937388,0.0,0.0,0.0
82,0.6727940607815981,0.8561586961150169,0.15167396096512675,0.26230841083452106,0.8877279944717884,0.06325997225940228,0.0,0.0,0.0
83,0.6724696923047304,0.8471475727856159,0.15071213198825717,0.25852066883817315,0.8864002451300621,0.06321842083707452,0.0,0.0,0.0
84,0.672284172847867,0.8661717884242535,0.14997896319255233,0.25956070981919765,0.8853576183319092,0.06309447577223182,0.0,0.0,0.0
85,0.6717735268175602,0.857829388231039,0.14945721067488194,0.25885934568941593,0.8841590471565723,0.06292831338942051,0.0,0.0,0.0
86,0.6712936460971832,0.86258539929986,0.14934998517856002,0.2569790156558156,0.8835831992328167,0.06293955631554127,0.0,0.0,0.0
87,0.6714310310781002,0.8365851677954197,0.147887971252203,0.2586660096421838,0.8820732496678829,0.0627542482689023,0.0,0.0,0.0
88,0.6707897614687681,0.8599973358213902,0.1476032310165465,0.25743209943175316,0.8809781782329082,0.06258520763367414,0.0,0.0,0.0
89,0.6706485636532307,0.8604772724211216,0.14662499213591218,0.2538978485390544,0.8798303306102753,0.06255678157322109,0.0,0.0,0.0
90,0.6701820492744446,0.8581354208290577,0.1458747941069305,0.25272847432643175,0.8784388825297356,0.06238203472457826,0.0,0.0,0.0
91,0.6704842317849398,0.8535843770951033,0.14525723177939653,0.25730845844373107,0.8778910785913467,0.06214961316436529,0.0,0.0,0.0
92,0.6695418767631054,0.8544311113655567,0.14431170001626015,0.25208668038249016,0.8759203851222992,0.062066826270893216,0.0,0.0,0.0
93,0.6696608141064644,0.8552463538944721,0.14334758603945374,0.2517513786442578,0.8750028759241104,0.061994466464966536,0.0,0.0,0.0
94,0.6695661544799805,0.8588262777775526,0.14306472754105926,0.2511585494503379,0.8744790554046631,0.06184816802851856,0.0,0.0,0.0
95,0.6694175209850073,0.8474360695108771,0.14213861897587776,0.25066404417157173,0.8731834292411804,0.06162728928029537,0.0,0.0,0.0
96,0.6687462069094181,0.8407418504357338,0.14118889439851046,0.2586252139881253,0.8715402130037546,0.061605099588632584,0.0,0.0,0.0
97,0.6689405925571918,0.8657385967671871,0.1402136911638081,0.25243701273575425,0.8707020282745361,0.06154775433242321,0.0,0.0,0.0
98,0.6687796376645565,0.8509616777300835,0.13937407126650214,0.2561449706554413,0.8696172125637531,0.0614634994417429,0.0,0.0,0.0
99,0.6685407012701035,0.8617850244045258,0.1387145989574492,0.2562845260836184,0.8685902468860149,0.061334934551268816,0.0,0.0,0.0
100,0.6684652380645275,0.864761907607317,0.1378634567372501,0.2531413808465004,0.867569986730814,0.06124128354713321,0.0,0.0,0.0
101,0.6681118365377188,0.8500514924526215,0.13712427578866482,0.25260079465806484,0.866421852260828,0.061185743659734726,0.0,0.0,0.0
102,0.6680612172931433,0.8377311713993549,0.13608053070493042,0.2507175509817898,0.8651725053787231,0.061030750861391425,0.0,0.0,0.0
103,0.6676965951919556,0.8557832539081573,0.13584578689187765,0.25286497455090284,0.8644918836653233,0.06094949645921588,0.0,0.0,0.0
104,0.6671858597546816,0.851715661585331,0.13474679179489613,0.2505200067535043,0.8627623915672302,0.06082973652519286,0.0,0.0,0.0
105,0.6667461600154638,0.860313855111599,0.13399649783968925,0.25142322294414043,0.8614170700311661,0.0606744138058275,0.0,0.0,0.0
106,0.6664848234504461,0.854586623609066,0.13318433961831033,0.24832729250192642,0.8602321110665798,0.060562950326129794,0.0,0.0,0.0
107,0.6662845443934202,0.8433592319488525,0.13234399119392037,0.24706729035824537,0.8590671457350254,0.06043860595673323,0.0,0.0,0.0
108,0.6659763734787703,0.8474517166614532,0.1313121928833425,0.25322321336716413,0.857559859752655,0.06027130992151797,0.0,0.0,0.0
109,0.6664083003997803,0.8387684766203165,0.13032897235825658,0.24934938177466393,0.856915857642889,0.06017857394181192,0.0,0.0,0.0
110,0.6665344592183828,0.8558150492608547,0.1294210497289896,0.24120214162394404,0.8559259250760078,0.059970417991280556,0.0,0.0,0.0
111,0.666288960725069,0.8493279479444027,0.12852249247953296,0.251799332909286,0.8546722419559956,0.059860798297449946,0.0,0.0,0.0
112,0.6658774465322495,0.8588547892868519,0.12781840097159147,0.24919524136930704,0.8534266203641891,0.05973077821545303,0.0,0.0,0.0
113,0.6657937839627266,0.8555599767714739,0.12687733955681324,0.2454761816188693,0.852220319211483,0.05954918684437871,0.0,0.0,0.0
114,0.6652652360498905,0.8415275998413563,0.1256203199736774,0.24361785501241684,0.8503063358366489,0.05942078959196806,0.0,0.0,0.0
115,0.6653579398989677,0.8549672104418278,0.12477671541273594,0.24784976243972778,0.8493823185563087,0.05924765765666962,0.0,0.0,0.0
116,0.6661119442433119,0.8484630435705185,0.12360106967389584,0.24007973726838827,0.8488949947059155,0.05918198102153838,0.0,0.0,0.0
117,0.6651958748698235,0.8518883250653744,0.12278799852356315,0.24139558896422386,0.8469549231231213,0.058971062768250704,0.0,0.0,0.0
118,0.6649638041853905,0.842828094959259,0.12149600591510534,0.2410352067090571,0.845321249216795,0.058861439349129796,0.0,0.0,0.0
119,0.6649508401751518,0.8446369431912899,0.12047395715489984,0.24150625988841057,0.8441481441259384,0.0587233470287174,0.0,0.0,0.0
120,0.6648824568837881,0.8427013717591763,0.11955904169008136,0.2418006332591176,0.843045063316822,0.05860356264747679,0.0,0.0,0.0
121,0.6657737512141466,0.8351958710700274,0.11886395514011383,0.24091067630797625,0.8430890757590532,0.05845136079005897,0.0,0.0,0.0
122,0.6644856836646795,0.8387614786624908,0.11801186134107411,0.23363013239577413,0.8408052325248718,0.05830769520252943,0.0,0.0,0.0
123,0.6640682090073824,0.8228178359568119,0.1167800915427506,0.2407082738354802,0.8390501588582993,0.058201847365126014,0.0,0.0,0.0
124,0.664638165384531,0.8489806018769741,0.11654571816325188,0.2383234379813075,0.839197926223278,0.05801404430530965,0.0,0.0,0.0
125,0.6641446780413389,0.8447284270077944,0.11546504823490977,0.22959489654749632,0.8374606519937515,0.05785094294697046,0.0,0.0,0.0
126,0.6641908995807171,0.8415468633174896,0.11496207490563393,0.23569220677018166,0.8368964977562428,0.057743509067222476,0.0,0.0,0.0
127,0.6630387175828218,0.8396307826042175,0.11431391933001578,0.23172350088134408,0.8349119089543819,0.0575592746026814,0.0,0.0,0.0
128,0.663353905081749,0.8219290301203728,0.1136992471292615,0.23264224035665393,0.8343736175447702,0.05732047441415489,0.0,0.0,0.0
129,0.663165120407939,0.8501705769449472,0.11301370803266764,0.22921473858878016,0.8333138227462769,0.05713499989360571,0.0,0.0,0.0
130,0.6633514706045389,0.8419653214514256,0.11188856931403279,0.23159917257726192,0.8322623111307621,0.057022272842004895,0.0,0.0,0.0
131,0.6641947198659182,0.8359179794788361,0.11159044085070491,0.22332375217229128,0.8326567858457565,0.056871622102335095,0.0,0.0,0.0
132,0.6623681578785181,0.832683589309454,0.11092079663649201,0.22338042315095663,0.829986710101366,0.05669777048751712,0.0,0.0,0.0
133,0.6625651642680168,0.8499117754399776,0.11004059971310198,0.227548289578408,0.8291314020752907,0.05652564438059926,0.0,0.0,0.0
134,0.6619805730879307,0.8344792779535055,0.10935236839577556,0.22944043576717377,0.8277224581688643,0.056389509001746774,0.0,0.0,0.0
135,0.6629193425178528,0.8406572230160236,0.10891137132421136,0.2220662645995617,0.8280323334038258,0.05620161700062454,0.0,0.0,0.0
136,0.6629385761916637,0.8291863314807415,0.10797790763899684,0.22297581704333425,0.8269572705030441,0.056040780851617455,0.0,0.0,0.0
137,0.6627499684691429,0.8375890646129847,0.10717569687403738,0.22059741569682956,0.8258149139583111,0.055889248847961426,0.0,0.0,0.0
138,0.6621602643281221,0.8408501744270325,0.10718319704756141,0.2178828464820981,0.8251857571303844,0.05584230390377343,0.0,0.0,0.0
139,0.6640162244439125,0.8306125421077013,0.10601528151892126,0.21576712932437658,0.8256912864744663,0.05565976747311652,0.0,0.0,0.0
140,0.6619018688797951,0.8342645037919283,0.10511876223608851,0.22182672191411257,0.8225996904075146,0.055579060688614845,0.0,0.0,0.0
141,0.661535806953907,0.8472714386880398,0.10430331248790026,0.21713554160669446,0.8213504664599895,0.05551134468987584,0.0,0.0,0.0
142,0.6611656025052071,0.8442491758614779,0.10397891793400049,0.2188475951552391,0.82052406296134,0.05537953274324536,0.0,0.0,0.0
143,0.6611971873790026,0.8430752009153366,0.10303326556459069,0.2152728196233511,0.8194821625947952,0.05525171314366162,0.0,0.0,0.0
144,0.6615170128643513,0.8240218907594681,0.1026595919393003,0.2109964764676988,0.819327637553215,0.05515102413482964,0.0,0.0,0.0
145,0.6609326843172312,0.8374643102288246,0.10192363243550062,0.21030489541590214,0.8179310373961926,0.05507472646422684,0.0,0.0,0.0
146,0.6613004021346569,0.8273963574320078,0.10071680531837046,0.2114577628672123,0.8169991560280323,0.05498195253312588,0.0,0.0,0.0
147,0.6622019950300455,0.8364451173692942,0.0998381469398737,0.21535113360732794,0.8169723860919476,0.05493224412202835,0.0,0.0,0.0
148,0.66231769323349,0.8302436303347349,0.09949777787551284,0.20854492112994194,0.8166229017078876,0.054807418026030064,0.0,0.0,0.0
149,0.6608258727937937,0.8355818912386894,0.09857858088798821,0.2119460036046803,0.8141384571790695,0.05473400233313441,0.0,0.0,0.0
150,0.6610853057354689,0.8389365263283253,0.09747411357238889,0.20753966458141804,0.8131998740136623,0.054640440503135324,0.0,0.0,0.0
151,0.6607595607638359,0.8468439690768719,0.09666771977208555,0.20666891988366842,0.8119751736521721,0.054547897074371576,0.0,0.0,0.0
152,0.6610208321362734,0.836033146828413,0.09595442097634077,0.20775788789615035,0.8114297837018967,0.05445452709682286,0.0,0.0,0.0
153,0.6602862924337387,0.8356022015213966,0.09487430844455957,0.20465409057214856,0.8095526956021786,0.05439210240729153,0.0,0.0,0.0
154,0.66045181453228,0.8271930497139692,0.09389879344962537,0.19927645614370704,0.808666804805398,0.05431620427407324,0.0,0.0,0.0
155,0.6598611101508141,0.8375415541231632,0.09288905980065465,0.20088995527476072,0.8069503977894783,0.054200230399146676,0.0,0.0,0.0
156,0.6599038802087307,0.8164872378110886,0.09199886955320835,0.1966468458995223,0.8060118649154902,0.05410911678336561,0.0,0.0,0.0
157,0.6605350971221924,0.8334398791193962,0.090763597516343,0.19720957521349192,0.8053370676934719,0.05403837631456554,0.0,0.0,0.0
158,0.6607013009488583,0.8378747906535864,0.08956854906864464,0.19787854235619307,0.8042329363524914,0.05396307818591595,0.0,0.0,0.0
159,0.6613517049700022,0.8235055860131979,0.08871358027681708,0.19462199369445443,0.803949099034071,0.0538838196080178,0.0,0.0,0.0
160,0.6599468532949686,0.8305873405188322,0.08775365329347551,0.19522338453680277,0.8014954086393118,0.053794909035786986,0.0,0.0,0.0
161,0.65960643440485,0.8386618793010712,0.086884337477386,0.19150778045877814,0.8001688495278358,0.05367808509618044,0.0,0.0,0.0
162,0.6598690766841173,0.8348222374916077,0.08525779563933611,0.188041381072253,0.7986879199743271,0.05356104299426079,0.0,0.0,0.0
163,0.6593848280608654,0.8247469756752253,0.0840540227945894,0.18792792363092303,0.7969686891883612,0.05352982901968062,0.0,0.0,0.0
164,0.6606227792799473,0.8248687442392111,0.08277143584564328,0.18017134116962552,0.7968889977782965,0.053494769148528576,0.0,0.0,0.0
165,0.6596353985369205,0.8252083901315928,0.08218325045891106,0.18312591733410954,0.7951893266290426,0.05337068741209805,0.0,0.0,0.0
166,0.6598413996398449,0.8376791588962078,0.08059001946821809,0.17719317320734262,0.7937309890985489,0.053299574414268136,0.0,0.0,0.0
167,0.6596687901765108,0.8220328856259584,0.0787166126538068,0.17970959609374404,0.7916123513132334,0.0532269433606416,0.0,0.0,0.0
168,0.6594952829182148,0.8396486826241016,0.0775572785641998,0.17204313608817756,0.790186271071434,0.05313371401280165,0.0,0.0,0.0
169,0.6594889257103205,0.8308269511908293,0.07689507794566453,0.1723024812527001,0.7894940506666899,0.05311005376279354,0.0,0.0,0.0
170,0.6594988293945789,0.8297934681177139,0.07524489681236446,0.1741063268855214,0.7877711951732635,0.05302745755761862,0.0,0.0,0.0
171,0.6595199778676033,0.8267818503081799,0.07340495893731713,0.17003298178315163,0.785852063447237,0.05292712361551821,0.0,0.0,0.0
172,0.6597387529909611,0.8271895628422499,0.07208918186370283,0.16183559224009514,0.7846790496259928,0.052851124899461865,0.0,0.0,0.0
173,0.6598028503358364,0.8278782293200493,0.07054023793898523,0.1639170974958688,0.7831943444907665,0.05285125179216266,0.0,0.0,0.0
174,0.6593271102756262,0.8262192290276289,0.06923695676960051,0.1585122742690146,0.7813549488782883,0.0527908771764487,0.0,0.0,0.0
175,0.659442912787199,0.8339364267885685,0.06784363999031484,0.1596433655358851,0.780023206025362,0.05273664998821914,0.0,0.0,0.0
176,0.6594358701258898,0.833327516913414,0.06663504778407514,0.15579710667952895,0.7787569053471088,0.05268598929978907,0.0,0.0,0.0
177,0.6592950634658337,0.8294615186750889,0.06611805583816022,0.15388945769518614,0.7779936492443085,0.052580528194084764,0.0,0.0,0.0
178,0.6601856499910355,0.8337817974388599,0.06429971288889647,0.14679860859178007,0.7770585268735886,0.052573157008737326,0.0,0.0,0.0
179,0.658814299851656,0.8187038265168667,0.06367137283086777,0.14262697868980467,0.775085337460041,0.05259966244921088,0.0,0.0,0.0
180,0.6593015789985657,0.8283496424555779,0.061600722605362535,0.14411605102941394,0.7734264060854912,0.05252409656532109,0.0,0.0,0.0
181,0.6591498330235481,0.8079984933137894,0.060312896966934204,0.13901930116117,0.7719343472272158,0.05247161164879799,0.0,0.0,0.0
182,0.6591679640114307,0.8124985918402672,0.05923760822042823,0.13558568339794874,0.770837239921093,0.05243166512809694,0.0,0.0,0.0
183,0.6586185377091169,0.8185264430940151,0.05769765889272094,0.1357733360491693,0.7686871513724327,0.05237095570191741,0.0,0.0,0.0
184,0.6590258739888668,0.8224314674735069,0.05607248132582754,0.12791599612683058,0.7674681730568409,0.05236981948837638,0.0,0.0,0.0
185,0.659292422235012,0.8225760161876678,0.05492346896789968,0.12729574250988662,0.7665627989917994,0.052346911281347275,0.0,0.0,0.0
186,0.6596857849508524,0.8297147266566753,0.0541232384275645,0.12479465291835368,0.7661223895847797,0.05231337738223374,0.0,0.0,0.0
187,0.6587734315544367,0.8205702695995569,0.05155814648605883,0.12169507867656648,0.7626984547823668,0.052366880467161536,0.0,0.0,0.0
188,0.6590140126645565,0.8221020139753819,0.050580439157783985,0.11578968400135636,0.7618845030665398,0.05229005846194923,0.0,0.0,0.0
189,0.6585855185985565,0.8234325423836708,0.048963158507831395,0.11637867358513176,0.7598132118582726,0.05226452532224357,0.0,0.0,0.0
190,0.6586385201662779,0.8224814310669899,0.047740845126099885,0.11396762821823359,0.7586157917976379,0.05223642592318356,0.0,0.0,0.0
191,0.6584077794104815,0.8234199471771717,0.047370991320349276,0.1077068003360182,0.7579664662480354,0.05218768841587007,0.0,0.0,0.0
192,0.6581263411790133,0.8202657662332058,0.04574755730573088,0.10282514127902687,0.7560227252542973,0.05214882269501686,0.0,0.0,0.0
193,0.6578752119094133,0.82475620880723,0.04442929360084236,0.10498240729793906,0.7544275857508183,0.05212309071794152,0.0,0.0,0.0
194,0.6579366736114025,0.8201495856046677,0.04371494962833822,0.10087853111326694,0.753753487020731,0.05210184957832098,0.0,0.0,0.0
195,0.6580472458153963,0.8213418740779161,0.042787387617863715,0.09643692383542657,0.7528744786977768,0.05203984514810145,0.0,0.0,0.0
196,0.6578256879001856,0.8192854821681976,0.041784452740103006,0.09310633293353021,0.7516217865049839,0.052011646097525954,0.0,0.0,0.0
197,0.6577912587672472,0.8246745653450489,0.04094304342288524,0.09500961028970778,0.7506680935621262,0.05193379265256226,0.0,0.0,0.0
198,0.6573989931493998,0.8210138790309429,0.04004468349739909,0.09376838011667132,0.7493268512189388,0.0518831682857126,0.0,0.0,0.0
199,0.6580437105149031,0.8193507622927427,0.039627523394301534,0.0896629502531141,0.7495042383670807,0.051833001198247075,0.0,0.0,0.0
200,0.6569417081773281,0.8115077968686819,0.03865002340171486,0.08703343220986426,0.7473346032202244,0.05174286523833871,0.0,0.0,0.0
201,0.6570137552917004,0.8196911178529263,0.0383221599040553,0.08698695292696357,0.7470111362636089,0.05167522234842181,0.0,0.0,0.0
202,0.6570637114346027,0.812244825065136,0.03746841789688915,0.08509735460393131,0.7461145892739296,0.051582450745627284,0.0,0.0,0.0
203,0.6566299479454756,0.8184181060642004,0.0370936943218112,0.08301083464175463,0.7453035339713097,0.051579893566668034,0.0,0.0,0.0
204,0.6561348997056484,0.812267329543829,0.03640868398360908,0.0802661266643554,0.7440058439970016,0.051462254486978054,0.0,0.0,0.0
205,0.6559155378490686,0.8183802887797356,0.03628494043368846,0.07963320123963058,0.74364298209548,0.051442493917420506,0.0,0.0,0.0
206,0.6557413972914219,0.7885867413133383,0.035791172878816724,0.08175368513911963,0.7428898811340332,0.05135730840265751,0.0,0.0,0.0
207,0.6560531873255968,0.8237978331744671,0.03499713575001806,0.07857980206608772,0.742342296987772,0.05129197100177407,0.0,0.0,0.0
208,0.6551352925598621,0.8121451567858458,0.03450349566992372,0.0791436166036874,0.7408382892608643,0.05119950813241303,0.0,0.0,0.0
209,0.6550432071089745,0.8056629151105881,0.03453843458555639,0.07776543090585619,0.7406511511653662,0.051069509936496615,0.0,0.0,0.0
210,0.6554193384945393,0.8180953152477741,0.0339481484843418,0.07799905841238797,0.7403601780533791,0.05099269072525203,0.0,0.0,0.0
211,0.6550510413944721,0.80427286028862,0.03383761772420257,0.07891326677054167,0.7398421708494425,0.05095350602641702,0.0,0.0,0.0
212,0.6547147631645203,0.8089278042316437,0.03357305040117353,0.07797691668383777,0.7391466312110424,0.050858830101788044,0.0,0.0,0.0
213,0.6538992561399937,0.8040931671857834,0.03345079114660621,0.07530217966996133,0.7380985282361507,0.0507484779227525,0.0,0.0,0.0
214,0.6538199633359909,0.8134545255452394,0.03326444886624813,0.07503934716805816,0.7377439327538013,0.050659516360610723,0.0,0.0,0.0
215,0.6536358557641506,0.8115576878190041,0.03322222817223519,0.07387794472742826,0.737382560968399,0.050524471793323755,0.0,0.0,0.0
216,0.6534689851105213,0.8110975585877895,0.03263665770646185,0.07178920973092318,0.7365497574210167,0.05044411355629563,0.0,0.0,0.0
217,0.6531533934175968,0.8220895305275917,0.032447842066176236,0.07213587791193277,0.7360129468142986,0.05041171400807798,0.0,0.0,0.0
218,0.6533337831497192,0.8230209015309811,0.03219994087703526,0.06744021060876548,0.7358989007771015,0.05036516999825835,0.0,0.0,0.0
219,0.6522233951836824,0.8216340616345406,0.03219937614630908,0.07471826241817325,0.7346845827996731,0.05026180320419371,0.0,0.0,0.0
220,0.6525717377662659,0.8128337953239679,0.03259029902983457,0.07303663739003241,0.7352376729249954,0.05007564160041511,0.0,0.0,0.0
221,0.6519606485962868,0.8038225788623095,0.03284702030941844,0.07219509431160986,0.7347960863262415,0.04998841509222984,0.0,0.0,0.0
222,0.6521034967154264,0.811176422983408,0.03221101185772568,0.07530160143505782,0.7342075351625681,0.04989302344620228,0.0,0.0,0.0
223,0.65147983469069,0.8095459714531898,0.032366126659326255,0.07220156013499945,0.7335982210934162,0.049752254504710436,0.0,0.0,0.0
224,0.651059590280056,0.8105282299220562,0.031935621867887676,0.06991547206416726,0.7327006477862597,0.049705429933965206,0.0,0.0,0.0
225,0.651678154245019,0.806927926838398,0.03214789449702948,0.07227330061141402,0.7333959974348545,0.04956993879750371,0.0,0.0,0.0
226,0.6504236850887537,0.8104463797062635,0.03172563039697707,0.06988614541478455,0.731658173725009,0.049508854281157255,0.0,0.0,0.0
227,0.6500926595181227,0.8130688183009624,0.03177930950187147,0.06980882538482547,0.7313256599009037,0.049453694839030504,0.0,0.0,0.0
228,0.6498362757265568,0.8136468753218651,0.0314986789599061,0.07362937519792467,0.7307071536779404,0.04937220527790487,0.0,0.0,0.0
229,0.6496675759553909,0.807454451918602,0.0316035061259754,0.07018615026026964,0.7305061370134354,0.04923505778424442,0.0,0.0,0.0
230,0.6495444681495428,0.8066023848950863,0.03174232679884881,0.07042166462633759,0.7304541263729334,0.049167333636432886,0.0,0.0,0.0
231,0.6491943877190351,0.8001465126872063,0.03165570867713541,0.06837367545813322,0.729922566562891,0.04907248402014375,0.0,0.0,0.0
232,0.649071054533124,0.8063441589474678,0.03157594776712358,0.07201543461997062,0.7296092007309198,0.04896219586953521,0.0,0.0,0.0
233,0.6486973110586405,0.8166554905474186,0.031778821256011724,0.07015635329298675,0.7293043993413448,0.04882826306857169,0.0,0.0,0.0
234,0.6481307111680508,0.8099745381623507,0.03136523754801601,0.06894017197191715,0.7282231524586678,0.04872720409184694,0.0,0.0,0.0
235,0.6495358720421791,0.8050492983311415,0.03173676261212677,0.07133327203337103,0.7299621738493443,0.048689537681639194,0.0,0.0,0.0
236,0.6479696482419968,0.803324593231082,0.03233823995105922,0.06770432519260794,0.7288750801235437,0.04856718797236681,0.0,0.0,0.0
237,0.6479601748287678,0.7942862268537283,0.03150791779626161,0.07005125586874783,0.7279324680566788,0.04846438090316951,0.0,0.0,0.0
238,0.6472550015896559,0.8057395964860916,0.03211537702009082,0.07094770716503263,0.7277094535529613,0.04833907797001302,0.0,0.0,0.0
239,0.6469682417809963,0.8155117109417915,0.0312802717089653,0.06999582843855023,0.7265134677290916,0.04826496075838804,0.0,0.0,0.0
240,0.6473179869353771,0.811967246234417,0.03141157695790753,0.06909886409994215,0.7269182577729225,0.04818869358859956,0.0,0.0,0.0
241,0.6467799991369247,0.8022154681384563,0.03159128956031054,0.07326477929018438,0.7264969330281019,0.04812564328312874,0.0,0.0,0.0
242,0.646153187379241,0.7872041221708059,0.03163341374602169,0.07019876805134118,0.7257541939616203,0.047967592254281044,0.0,0.0,0.0
243,0.646149255335331,0.8156379535794258,0.03164560114964843,0.07202558207791299,0.7256821431219578,0.047887277090922,0.0,0.0,0.0
244,0.6456725168973207,0.7996019646525383,0.03195285424590111,0.07270324637647718,0.7253943681716919,0.04776900005526841,0.0,0.0,0.0
245,0.6456455253064632,0.8011147025972605,0.031804234837181866,0.06944881076924503,0.7251396533101797,0.04768989700824022,0.0,0.0,0.0
246,0.6450672093778849,0.8023347053676844,0.03151470865122974,0.07094303122721612,0.7241697423160076,0.04758781217969954,0.0,0.0,0.0
247,0.6447251290082932,0.8013505339622498,0.03135282872244716,0.07174850278533995,0.723603330552578,0.04752537445165217,0.0,0.0,0.0
248,0.6446060054004192,0.8145435452461243,0.03121004457352683,0.0706497022183612,0.7232754901051521,0.04745943541638553,0.0,0.0,0.0
249,0.6443612314760685,0.815829198807478,0.031771610490977764,0.07302301935851574,0.723530488088727,0.04739764961414039,0.0,0.0,0.0
250,0.6443693842738867,0.8159220181405544,0.0316511916462332,0.0704452587524429,0.7233524136245251,0.04733183258213103,0.0,0.0,0.0
251,0.643834862858057,0.8118219412863255,0.03138549532741308,0.07145744375884533,0.7225048635154963,0.04728450486436486,0.0,0.0,0.0
252,0.6438276339322329,0.8050078097730875,0.03148528968449682,0.07065247616264969,0.7225000020116568,0.04718707734718919,0.0,0.0,0.0
253,0.6431839559227228,0.7962307576090097,0.03153985971584916,0.07006263674702495,0.7217940147966146,0.04707018961198628,0.0,0.0,0.0
254,0.6435625962913036,0.8071163669228554,0.03118161263410002,0.07036757201422006,0.7217489313334227,0.04700473160482943,0.0,0.0,0.0
255,0.6429945342242718,0.8078742995858192,0.03136092866770923,0.06675372761674225,0.7213200330734253,0.04696455877274275,0.0,0.0,0.0
256,0.643096074461937,0.8127185925841331,0.03134198603220284,0.06898808374535292,0.7212911993265152,0.046853135572746396,0.0,0.0,0.0
257,0.6429187431931496,0.8149472344666719,0.031169653229881078,0.07264035718981177,0.7208738196641207,0.04678541701287031,0.0,0.0,0.0
258,0.6426879242062569,0.8114350270479918,0.03143904416356236,0.07243696856312454,0.7208245545625687,0.0466975758317858,0.0,0.0,0.0
259,0.6421042792499065,0.8030773010104895,0.03183930297382176,0.06977752887178212,0.720544746145606,0.0466011690441519,0.0,0.0,0.0
260,0.6417767312377691,0.8086405321955681,0.03136145358439535,0.06938645686022937,0.7196751907467842,0.046537002082914114,0.0,0.0,0.0
261,0.6418771985918283,0.8025407083332539,0.03206974291242659,0.07057548814918846,0.7204427924007177,0.046495850663632154,0.0,0.0,0.0
262,0.6414866000413895,0.7999337632209063,0.03212233982048929,0.07177829160355031,0.7199860196560621,0.04637708351947367,0.0,0.0,0.0
263,0.641297310590744,0.813783586025238,0.03190788009669632,0.06963653001002967,0.7195143327116966,0.046309134690091014,0.0,0.0,0.0
264,0.6407789122313261,0.7927802968770266,0.03150327131152153,0.06683554011397064,0.7185495551675558,0.046267370926216245,0.0,0.0,0.0
265,0.6407582461833954,0.8134840987622738,0.031338307133410126,0.0703875096514821,0.718295756727457,0.0461992050986737,0.0,0.0,0.0
266,0.6406057812273502,0.7971058543771505,0.0314593207440339,0.06948078807909042,0.7181784566491842,0.04611335718072951,0.0,0.0,0.0
267,0.640075022354722,0.8031172305345535,0.03199119959026575,0.07070142461452633,0.7181232180446386,0.04605700448155403,0.0,0.0,0.0
268,0.6402802802622318,0.7950149942189455,0.0318227568641305,0.06921455427072942,0.7180401589721441,0.04593711928464472,0.0,0.0,0.0
269,0.6400676388293505,0.8132136836647987,0.031424755696207285,0.06942672689910978,0.7173677626997232,0.04587536468170583,0.0,0.0,0.0
270,0.6396063212305307,0.8017173670232296,0.031189427594654262,0.07027291995473206,0.7166173756122589,0.045821632258594036,0.0,0.0,0.0
271,0.6398711949586868,0.8029445856809616,0.031303987838327885,0.0702057423768565,0.7169166952371597,0.04574151546694338,0.0,0.0,0.0
272,0.6394098587334156,0.8110571503639221,0.0312824355205521,0.07024898589588702,0.7163656018674374,0.04567330819554627,0.0,0.0,0.0
273,0.6392846647650003,0.8019311521202326,0.03188499656971544,0.0689300149679184,0.7167806942015886,0.04561104020103812,0.0,0.0,0.0
274,0.6392492763698101,0.8017951771616936,0.031739038648083806,0.0683727222494781,0.7165317796170712,0.04554346902295947,0.0,0.0,0.0
275,0.639005770906806,0.8038146235048771,0.03155897720716894,0.07285399315878749,0.7160262055695057,0.04546146560460329,0.0,0.0,0.0
276,0.6390823684632778,0.8034536503255367,0.0314741192269139,0.06987242819741368,0.7159737069159746,0.045417217537760735,0.0,0.0,0.0
277,0.6383933871984482,0.8181998208165169,0.03159489785321057,0.06968028645496815,0.7153102494776249,0.04532197676599026,0.0,0.0,0.0
278,0.6385578103363514,0.8171565681695938,0.03127318836050108,0.0705747005995363,0.7150641586631536,0.04523315979167819,0.0,0.0,0.0
279,0.6386079341173172,0.80843560770154,0.03170444641727954,0.07206060527823865,0.7154939938336611,0.045181612484157085,0.0,0.0,0.0
280,0.6380317974835634,0.8179181516170502,0.03191182983573526,0.06675117346458137,0.7150216363370419,0.045078008668497205,0.0,0.0,0.0
281,0.6381196994334459,0.8015499599277973,0.031180109654087573,0.07202615146525204,0.7143371421843767,0.04503733548335731,0.0,0.0,0.0
282,0.6379532217979431,0.8154526352882385,0.03174202993977815,0.07200112380087376,0.7146792523562908,0.044983996078372,0.0,0.0,0.0
283,0.6377553436905146,0.8212488293647766,0.032339322031475604,0.07244526280555874,0.7149609699845314,0.044866302981972694,0.0,0.0,0.0
284,0.6378410421311855,0.809679988771677,0.03237917396472767,0.07315477391239256,0.7149535678327084,0.04473335458897054,0.0,0.0,0.0
285,0.6374915670603514,0.8147865384817123,0.03260264778509736,0.0672244552988559,0.7148571405559778,0.04476293153129518,0.0,0.0,0.0
286,0.6373825632035732,0.8159944675862789,0.03196621569804847,0.07096143101807684,0.7140393815934658,0.04469060292467475,0.0,0.0,0.0
287,0.6369818169623613,0.7994300350546837,0.03182202408788726,0.07158430514391512,0.7134328354150057,0.04462898708879948,0.0,0.0,0.0
288,0.6369779668748379,0.8005189895629883,0.031309532991144806,0.07181485765613616,0.7128275353461504,0.04454003507271409,0.0,0.0,0.0
289,0.6368081737309694,0.8118164166808128,0.03179140237625688,0.06944534974172711,0.7130981683731079,0.044498598435893655,0.0,0.0,0.0
290,0.6369602121412754,0.8025438785552979,0.03201571002136916,0.07095302583184093,0.7133406531065702,0.04436473152600229,0.0,0.0,0.0
291,0.6374883316457272,0.8104497939348221,0.03160093876067549,0.07184367987792939,0.7134275659918785,0.04433830175548792,0.0,0.0,0.0
292,0.6367541160434484,0.8088433630764484,0.031865814060438424,0.06862748437561095,0.712880827486515,0.044260903261601925,0.0,0.0,0.0
293,0.6362157724797726,0.819425392895937,0.031530306790955365,0.07282146532088518,0.7119683884084225,0.04422230483032763,0.0,0.0,0.0
294,0.636521628126502,0.8090178184211254,0.03146018279949203,0.07041068421676755,0.7121163476258516,0.04413454607129097,0.0,0.0,0.0
295,0.6363369021564722,0.8054468352347612,0.03141753491945565,0.06583037821110338,0.7118419669568539,0.0440875303465873,0.0,0.0,0.0
296,0.6365285348147154,0.8150680214166641,0.031619721674360335,0.07250146463047713,0.7121942043304443,0.04404594958759844,0.0,0.0,0.0
297,0.6356720849871635,0.8074825163930655,0.03199530625715852,0.06713584205135703,0.7116399854421616,0.04397259233519435,0.0,0.0,0.0
298,0.6356954127550125,0.8170897383242846,0.03232760727405548,0.07181784056592733,0.711900781840086,0.04387775342911482,0.0,0.0,0.0
299,0.6357864048331976,0.8136975429952145,0.03208309941692278,0.07115950132720172,0.7117026653140783,0.043833158910274506,0.0,0.0,0.0
300,0.6352436281740665,0.7881006393581629,0.03167673706775531,0.068690549232997,0.710755517706275,0.04383514681831002,0.0,0.0,0.0
301,0.6349204853177071,0.8101795949041843,0.03208765957970172,0.07045607641339302,0.710746431723237,0.043738282984122634,0.0,0.0,0.0
302,0.6355550158768892,0.8026427142322063,0.031648212927393615,0.07012575655244291,0.7109285686165094,0.043725353898480535,0.0,0.0,0.0
303,0.6351207718253136,0.8150613438338041,0.03181600593961775,0.07203971350099891,0.7105950769037008,0.04365831008180976,0.0,0.0,0.0
304,0.6346444245427847,0.8128825463354588,0.03178685891907662,0.07196308125276119,0.7100051715970039,0.04357389314100146,0.0,0.0,0.0
305,0.634430592879653,0.820897214114666,0.031693248776718974,0.07284694211557508,0.7096891924738884,0.04356534732505679,0.0,0.0,0.0
306,0.6345517076551914,0.8094734828919172,0.03173870244063437,0.06977341696619987,0.7097907736897469,0.04350036894902587,0.0,0.0,0.0
307,0.6343131642788649,0.8094925973564386,0.03195043466985226,0.06959724705666304,0.7096588537096977,0.043395244516432285,0.0,0.0,0.0
308,0.6340018771588802,0.7913205027580261,0.03159803454764187,0.06924583844374865,0.7089768387377262,0.043376920744776726,0.0,0.0,0.0
309,0.634080046787858,0.8128786906599998,0.0316544056404382,0.070065040839836,0.7090375013649464,0.04330304451286793,0.0,0.0,0.0
310,0.633696299046278,0.8103460893034935,0.031924492912366986,0.07371546537615359,0.7088192887604237,0.04319849843159318,0.0,0.0,0.0
311,0.6335666552186012,0.8144136779010296,0.031579741509631276,0.0730032316641882,0.7083049938082695,0.043158598244190216,0.0,0.0,0.0
312,0.6334586925804615,0.802109869197011,0.03182352660223842,0.0707593885017559,0.7083636708557606,0.04308145376853645,0.0,0.0,0.0
313,0.633168414235115,0.8097164537757635,0.03162393905222416,0.06790536362677813,0.7078384403139353,0.04304608330130577,0.0,0.0,0.0
314,0.6333179771900177,0.8290052711963654,0.03212310414528474,0.06845547817647457,0.708465613424778,0.043024547630921006,0.0,0.0,0.0
315,0.6329477149993181,0.795159513130784,0.03216249879915267,0.07382191519718617,0.7080639023333788,0.04295369586907327,0.0,0.0,0.0
316,0.63299342058599,0.8048723861575127,0.03186240582726896,0.07158770132809877,0.7077295817434788,0.0428737523034215,0.0,0.0,0.0
317,0.6327601168304682,0.8286203965544701,0.031741397397127,0.07125836319755763,0.7072908133268356,0.04278929624706507,0.0,0.0,0.0
318,0.6325022000819445,0.8117738272994757,0.03177603968651965,0.07171070040203631,0.7070395220071077,0.042761278338730335,0.0,0.0,0.0
319,0.6327022481709719,0.8077698014676571,0.03178644273430109,0.07246408343780786,0.7071782499551773,0.04268955672159791,0.0,0.0,0.0
320,0.6329090148210526,0.8228330984711647,0.03214230458252132,0.06987820519134402,0.7077172044664621,0.042665882501751184,0.0,0.0,0.0
321,0.63223971799016,0.8066897783428431,0.032144861528649926,0.07592850248329341,0.7069617360830307,0.04257716238498688,0.0,0.0,0.0
322,0.6320719327777624,0.8059547897428274,0.031704524299129844,0.07451698370277882,0.7062973864376545,0.0425209344830364,0.0,0.0,0.0
323,0.6321500949561596,0.8253381624817848,0.03182986576575786,0.07084521662909538,0.706454910337925,0.04247494344599545,0.0,0.0,0.0
324,0.6313678082078695,0.8230621702969074,0.031902279471978545,0.0708529680268839,0.7056411653757095,0.04237107723020017,0.0,0.0,0.0
325,0.6317168734967709,0.8002898842096329,0.03173074621008709,0.06922776298597455,0.7058430463075638,0.042395435739308596,0.0,0.0,0.0
326,0.6316237635910511,0.8153335172683001,0.0318613036070019,0.07395434309728444,0.7057952154427767,0.04231014754623175,0.0,0.0,0.0
327,0.6313026510179043,0.819905485957861,0.03198485146276653,0.07400291203521192,0.705544974654913,0.042257467517629266,0.0,0.0,0.0
328,0.6316077578812838,0.8182817324995995,0.03226048673968762,0.07169804617296904,0.706056272611022,0.04218803043477237,0.0,0.0,0.0
329,0.6309932600706816,0.8191742934286594,0.031920685432851315,0.07111954514402896,0.7050195727497339,0.04210563004016876,0.0,0.0,0.0
330,0.631117595359683,0.8049662839621305,0.03185179171850905,0.07150174886919558,0.7050333451479673,0.04206396150402725,0.0,0.0,0.0
331,0.6305859088897705,0.8155924081802368,0.03173428907757625,0.07019512634724379,0.7043639831244946,0.04204378998838365,0.0,0.0,0.0
332,0.6307981330901384,0.8052040636539459,0.03193404141347855,0.07267731765750796,0.7047481499612331,0.04201597976498306,0.0,0.0,0.0
333,0.630748949944973,0.8177663423120975,0.03193643200211227,0.07573491707444191,0.7046162076294422,0.04193083103746176,0.0,0.0,0.0
334,0.6303499639034271,0.8274705819785595,0.031599247246049345,0.07320549921132624,0.7038267236202955,0.04187750886194408,0.0,0.0,0.0
335,0.6301067098975182,0.7973120640963316,0.03155364829581231,0.07228318066336215,0.7035497985780239,0.04188943514600396,0.0,0.0,0.0
336,0.6300726663321257,0.8151367176324129,0.03291275503579527,0.07536297489423305,0.7047859784215689,0.0418005536776036,0.0,0.0,0.0
337,0.6298151407390833,0.8107483610510826,0.03266773174982518,0.07414564909413457,0.7042227759957314,0.04173990967683494,0.0,0.0,0.0
338,0.6294879820197821,0.8274862505495548,0.031937413616105914,0.07012066862080246,0.7031298205256462,0.04170442605391145,0.0,0.0,0.0
339,0.6297467760741711,0.8219125214964151,0.031949897413142025,0.07314691529609263,0.703355249017477,0.041658561676740646,0.0,0.0,0.0
340,0.6293279808014631,0.8069883976131678,0.031877877889201045,0.07364699174650013,0.702801626175642,0.041595763294026256,0.0,0.0,0.0
341,0.6293635927140713,0.8197612166404724,0.03171640925575048,0.06844975752756,0.7026348933577538,0.041554887080565095,0.0,0.0,0.0
342,0.6293102782219648,0.8013220485299826,0.031849885534029454,0.0733063950901851,0.702626058831811,0.04146589757874608,0.0,0.0,0.0
343,0.6291142161935568,0.8357288725674152,0.031784946273546666,0.07120873138774186,0.702308613806963,0.04140945663675666,0.0,0.0,0.0
344,0.6299179252237082,0.7989719919860363,0.03168615122558549,0.06736041943076998,0.7030284497886896,0.041424371767789125,0.0,0.0,0.0
345,0.6292991898953915,0.8162964824587107,0.03216539544519037,0.07213172456249595,0.7028300557285547,0.04136547725647688,0.0,0.0,0.0
346,0.6287504211068153,0.8298534415662289,0.032080331700854,0.07345173298381269,0.7021090053021908,0.04127825517207384,0.0,0.0,0.0
347,0.6284208614379168,0.8061697743833065,0.03231359913479537,0.07358643249608576,0.7019898071885109,0.04125536186620593,0.0,0.0,0.0
348,0.6284982394427061,0.8115556687116623,0.031741030456032604,0.07269741885829717,0.7014622706919909,0.04122299584560096,0.0,0.0,0.0
349,0.6282802429050207,0.8225231841206551,0.03236644540447742,0.07424044329673052,0.7017865348607302,0.0411398378200829,0.0,0.0,0.0
350,0.6277475245296955,0.8333031050860882,0.03214603604283184,0.07294249651022255,0.7010189220309258,0.04112535761669278,0.0,0.0,0.0
351,0.6279610991477966,0.8064781185239553,0.032105559250339866,0.07294792996253818,0.701142355799675,0.04107570042833686,0.0,0.0,0.0
352,0.6279851756989956,0.8179732952266932,0.03161594271659851,0.07501230074558407,0.7006400171667337,0.04103890201076865,0.0,0.0,0.0
353,0.627429717220366,0.8117285137996078,0.03201625170186162,0.07389471679925919,0.7004195414483547,0.040973583003506064,0.0,0.0,0.0
354,0.6273786900565028,0.8087437953799963,0.03174418944399804,0.07385822851210833,0.7000839207321405,0.04096104018390179,0.0,0.0,0.0
355,0.6280663684010506,0.8283676654100418,0.03178144968114793,0.07568408490624279,0.7007215656340122,0.04087375197559595,0.0,0.0,0.0
356,0.6273095440119505,0.8182393778115511,0.03175322385504842,0.07368479575961828,0.6998838689178228,0.04082109918817878,0.0,0.0,0.0
357,0.6270334906876087,0.8063049968332052,0.03154068975709379,0.0733152728062123,0.6993829626590014,0.04080879129469395,0.0,0.0,0.0
358,0.6271154265850782,0.8163596037775278,0.031470152316614985,0.07257154234685004,0.6993683911859989,0.040782812517136335,0.0,0.0,0.0
359,0.6265064068138599,0.8186621516942978,0.03195748303551227,0.07284368958789855,0.6991592813283205,0.040695397881790996,0.0,0.0,0.0
360,0.6274456512182951,0.8142628613859415,0.032063521444797516,0.07397556153591722,0.700154434889555,0.04064525896683335,0.0,0.0,0.0
361,0.6266170907765627,0.8284583427011967,0.032150079030543566,0.07109725312329829,0.6993440184742212,0.04057685541920364,0.0,0.0,0.0
362,0.62618338316679,0.8116312939673662,0.03186592989368364,0.0716700388584286,0.6985755432397127,0.040526233380660415,0.0,0.0,0.0
363,0.6263132188469172,0.8198952600359917,0.03184330277144909,0.06984782603103667,0.6986949164420366,0.0405383980832994,0.0,0.0,0.0
364,0.6262150332331657,0.8187518920749426,0.03201480081770569,0.06938750913832337,0.6986927054822445,0.040462866658344865,0.0,0.0,0.0
365,0.6266255900263786,0.8381791394203901,0.03170533338561654,0.07312839129008353,0.6987592447549105,0.04042830877006054,0.0,0.0,0.0
366,0.6257537920027971,0.8209500573575497,0.03179679473396391,0.07310294173657894,0.697923868894577,0.04037327948026359,0.0,0.0,0.0
367,0.6258117984980345,0.8172596115618944,0.03155312826856971,0.07106296939309686,0.6977375131100416,0.04037258285097778,0.0,0.0,0.0
368,0.6256420891731977,0.8264598809182644,0.031701454194262624,0.07231178809888661,0.6976129971444607,0.04026945284567773,0.0,0.0,0.0
369,0.6253328826278448,0.8051541447639465,0.0317944951239042,0.07455924735404551,0.6973470244556665,0.040219639893621206,0.0,0.0,0.0
370,0.6256157262250781,0.8247732892632484,0.03227624506689608,0.07155526801943779,0.6980805359780788,0.040188567945733666,0.0,0.0,0.0
371,0.625798974186182,0.8199560828506947,0.03215347637888044,0.0713851316832006,0.6980890948325396,0.04013664764352143,0.0,0.0,0.0
372,0.6254184357821941,0.8251105956733227,0.032087846542708576,0.07538203662261367,0.697561064735055,0.04005477810278535,0.0,0.0,0.0
373,0.6257353071123362,0.8290989864617586,0.0316013025585562,0.07279249560087919,0.6973859407007694,0.04004933522082865,0.0,0.0,0.0
374,0.6248611956834793,0.8251447137445211,0.03156011097598821,0.07554869097657502,0.6964091323316097,0.039987825555726886,0.0,0.0,0.0
375,0.624948600307107,0.8168783243745565,0.031675417558290064,0.07457660080399364,0.6965457033365965,0.03992168279364705,0.0,0.0,0.0
376,0.6249343827366829,0.8186286836862564,0.03174285835120827,0.07548595871776342,0.6965392269194126,0.039861980360001326,0.0,0.0,0.0
377,0.624845165759325,0.8073751628398895,0.031590232625603676,0.07599608856253326,0.6962916534394026,0.03985625226050615,0.0,0.0,0.0
378,0.6244617030024529,0.8250402212142944,0.031950911099556834,0.073273069341667,0.6962530352175236,0.039840420708060265,0.0,0.0,0.0
379,0.6246066857129335,0.8276584651321173,0.03187246614834294,0.07296349911484867,0.6962500400841236,0.03977088397368789,0.0,0.0,0.0
380,0.6247895080596209,0.8273807894438505,0.03191895817872137,0.07275201741140336,0.6964503563940525,0.039741883520036936,0.0,0.0,0.0
381,0.6244111265987158,0.8010518467053771,0.031798830605112016,0.0727443159557879,0.695928811095655,0.03971885051578283,0.0,0.0,0.0
382,0.6243099272251129,0.816391970962286,0.031975964084267616,0.07278866856358945,0.695961456745863,0.039675576612353325,0.0,0.0,0.0
383,0.6251875832676888,0.8351063095033169,0.032259323983453214,0.07697813818231225,0.6969784405082464,0.03953152848407626,0.0,0.0,0.0
384,0.6238936744630337,0.8304953966289759,0.03173875389620662,0.07327703246846795,0.695183428004384,0.0395509977824986,0.0,0.0,0.0
385,0.6245755245909095,0.8285532668232918,0.031681483960710466,0.07636739802546799,0.6958124749362469,0.03955545858480036,0.0,0.0,0.0
386,0.6236933209002018,0.8351289071142673,0.03176874917699024,0.07657500077039003,0.6949118841439486,0.03944981563836336,0.0,0.0,0.0
387,0.6237504165619612,0.8128075897693634,0.03147093951702118,0.07295211392920464,0.6946427412331104,0.03942138236016035,0.0,0.0,0.0
388,0.6235331557691097,0.8036103174090385,0.03160182054853067,0.07568195380736142,0.694572776556015,0.03943780600093305,0.0,0.0,0.0
389,0.6239167600870132,0.8270973917096853,0.03186926763737574,0.07500431523658335,0.6951621770858765,0.03937615337781608,0.0,0.0,0.0
390,0.6238160077482462,0.8190398309379816,0.03176959906704724,0.07089836848899722,0.6949456818401814,0.03936007898300886,0.0,0.0,0.0
391,0.6241925023496151,0.8333257958292961,0.03219859965611249,0.07354615035001189,0.6957505401223898,0.039359436836093664,0.0,0.0,0.0
392,0.6233557518571615,0.8278493173420429,0.03249956818763167,0.077651496976614,0.6951605379581451,0.03930521081201732,0.0,0.0,0.0
393,0.6230599582195282,0.830236166715622,0.032060045283287764,0.07453353307209909,0.6943796314299107,0.03925962373614311,0.0,0.0,0.0
394,0.6230435408651829,0.8170024640858173,0.03180578351020813,0.07573018060065806,0.6940531115978956,0.039203778840601444,0.0,0.0,0.0
395,0.622639674693346,0.8343890588730574,0.03160395473241806,0.07676059450022876,0.693453386425972,0.03920975583605468,0.0,0.0,0.0
396,0.6227601952850819,0.8447990417480469,0.03158862388227135,0.07868955936282873,0.6935435347259045,0.039194708690047264,0.0,0.0,0.0
397,0.6225565522909164,0.8254934251308441,0.031754619092680514,0.0703522734111175,0.6934711132198572,0.03915994078852236,0.0,0.0,0.0
398,0.6227028574794531,0.8306290935724974,0.031862588599324226,0.07279125263448805,0.6936757396906614,0.0391102978028357,0.0,0.0,0.0
399,0.6228360505774617,0.8343057371675968,0.03250058391131461,0.07717178203165531,0.6943699102848768,0.03903326811268926,0.0,0.0,0.0
400,0.622519550845027,0.8210776466876268,0.032082412857562304,0.07460081588942558,0.6936040576547384,0.039002097211778164,0.0,0.0,0.0
401,0.6227272804826498,0.8213097061961889,0.0315621814224869,0.07813155744224787,0.6932925023138523,0.039003036450594664,0.0,0.0,0.0
402,0.6227659843862057,0.8129222188144922,0.031579341972246766,0.07481145474594086,0.6933707948774099,0.03902547410689294,0.0,0.0,0.0
403,0.6225384436547756,0.827774303033948,0.031349023687653244,0.07104244234506041,0.6929027624428272,0.039015295216813684,0.0,0.0,0.0
404,0.6223693825304508,0.8262616246938705,0.03148412087466568,0.07258537539746612,0.692775797098875,0.03892229753546417,0.0,0.0,0.0
405,0.6225178111344576,0.8160518519580364,0.03155827440787107,0.07834371319040656,0.6929532345384359,0.03887715144082904,0.0,0.0,0.0
406,0.6227911338210106,0.8214103206992149,0.03210802283138037,0.07584134151693434,0.69370854832232,0.0388093872461468,0.0,0.0,0.0
407,0.6224154885858297,0.8326463084667921,0.03170261543709785,0.07223626633640379,0.69290417060256,0.0387860513292253,0.0,0.0,0.0
408,0.6224886607378721,0.8314375393092632,0.03166200814303011,0.0755976871587336,0.6929169483482838,0.03876627259887755,0.0,0.0,0.0
409,0.6221935693174601,0.8340951930731535,0.031671387143433094,0.07460918405558914,0.6926020178943872,0.03873706981539726,0.0,0.0,0.0
410,0.622167032212019,0.8356598187237978,0.03152124269399792,0.07942386344075203,0.6923970486968756,0.03870877297595143,0.0,0.0,0.0
411,0.6226288676261902,0.8272204026579857,0.03235020861029625,0.07389867887832224,0.6936620846390724,0.03868301562033594,0.0,0.0,0.0
412,0.623048909008503,0.8455575741827488,0.031930233584716916,0.07633318705484271,0.6936649158596992,0.038685784209519625,0.0,0.0,0.0
413,0.6222299579530954,0.8273200634866953,0.031238984316587448,0.0774220236344263,0.6921109855175018,0.03864204743877053,0.0,0.0,0.0
414,0.6219650600105524,0.8250320535153151,0.03106016165111214,0.07653917791321874,0.6916330773383379,0.03860785556025803,0.0,0.0,0.0
415,0.6219566594809294,0.8274688180536032,0.03117318858858198,0.07842550857458264,0.6917254645377398,0.03859562077559531,0.0,0.0,0.0
416,0.622256581671536,0.8336008656769991,0.031023996358271688,0.07317887444514781,0.6918812096118927,0.03860062314197421,0.0,0.0,0.0
417,0.621866662055254,0.8356305733323097,0.031202120357193053,0.07917053531855345,0.6916439477354288,0.03857516520656645,0.0,0.0,0.0
418,0.622093440964818,0.8391774781048298,0.03175486659165472,0.07981861184816808,0.6924031712114811,0.038554852129891515,0.0,0.0,0.0
419,0.6214702390134335,0.8231530357152224,0.031870324863120914,0.07584804901853204,0.6918342597782612,0.03849369357340038,0.0,0.0,0.0
420,0.6217479165643454,0.8310110289603472,0.03158899559639394,0.08069492760114372,0.6917796991765499,0.03844278585165739,0.0,0.0,0.0
421,0.6218513306230307,0.8418912123888731,0.031783193931914866,0.0783247429644689,0.692076662555337,0.0384421416092664,0.0,0.0,0.0
422,0.6212002355605364,0.8401037584990263,0.031419081205967814,0.07830800663214177,0.69103136472404,0.038412046851590276,0.0,0.0,0.0
423,0.6219370327889919,0.818756464868784,0.030781757086515427,0.07822887494694442,0.6911022365093231,0.03838344966061413,0.0,0.0,0.0
424,0.622431555762887,0.8326015640050173,0.031047794385813177,0.0736302719451487,0.6918389610946178,0.03835960477590561,0.0,0.0,0.0
425,0.6211583316326141,0.8161902390420437,0.031612195540219545,0.07780669454950839,0.6911025829613209,0.038332062074914575,0.0,0.0,0.0
426,0.6211278010159731,0.8178348951041698,0.03118688438553363,0.07943129213526845,0.6905677150934935,0.0382530284114182,0.0,0.0,0.0
427,0.6215078514069319,0.8208165224641562,0.031054480001330376,0.07693251897580922,0.6908010169863701,0.038238688837736845,0.0,0.0,0.0
428,0.6212393380701542,0.847137238830328,0.03070261050015688,0.08041597157716751,0.690212819725275,0.038270867662504315,0.0,0.0,0.0
429,0.6214594393968582,0.8224021252244711,0.030576594872400165,0.07704246882349253,0.6902921479195356,0.03825612319633365,0.0,0.0,0.0
430,0.6207382390275598,0.8143844660371542,0.03076204762328416,0.07483556040097028,0.6897332444787025,0.03823295864276588,0.0,0.0,0.0
431,0.6212782505899668,0.827851353213191,0.030738861649297178,0.07906761334743351,0.6901935916393995,0.03817646810784936,0.0,0.0,0.0
432,0.6214767647907138,0.8229996860027313,0.030943402380216867,0.07644901343155652,0.6905234679579735,0.03810329549014568,0.0,0.0,0.0
433,0.6213550735265017,0.8142001871019602,0.03093733440618962,0.07731532317120582,0.6904068291187286,0.038114429684355855,0.0,0.0,0.0
434,0.6212617419660091,0.82458321377635,0.031061035639140755,0.07749322813469917,0.6904351133853197,0.03811234002932906,0.0,0.0,0.0
435,0.620966300368309,0.8266535084694624,0.030915853334590793,0.07871014531701803,0.6899799052625895,0.038097756216302514,0.0,0.0,0.0
436,0.6207703277468681,0.8216963857412338,0.03122300375252962,0.07890978711657226,0.6900606714189053,0.03806732967495918,0.0,0.0,0.0
437,0.620610311627388,0.8413152322173119,0.031066643132362515,0.08030894049443305,0.6897282134741545,0.038051262497901917,0.0,0.0,0.0
438,0.6217043660581112,0.8523677755147219,0.03107970970449969,0.07528369291685522,0.6908163893967867,0.0380323079880327,0.0,0.0,0.0
439,0.6206478476524353,0.8287992235273123,0.030845433939248323,0.07662306306883693,0.6895392201840878,0.0380459357984364,0.0,0.0,0.0
440,0.6208559423685074,0.8382374551147223,0.03078916628146544,0.07924905268009752,0.6896507348865271,0.03800562722608447,0.0,0.0,0.0
441,0.6208901759237051,0.8452097736299038,0.031069101649336517,0.08065429888665676,0.6899028830230236,0.03794361581094563,0.0,0.0,0.0
442,0.6204986441880465,0.8314326964318752,0.030727543402463198,0.08144759887363762,0.6891484893858433,0.03792230994440615,0.0,0.0,0.0
443,0.6203246600925922,0.8332088738679886,0.030876011471264064,0.07847559452056885,0.6891097594052553,0.03790908236987889,0.0,0.0,0.0
444,0.620428167283535,0.8327398132532835,0.030889839166775346,0.07818833785131574,0.6892330758273602,0.03791507170535624,0.0,0.0,0.0
445,0.6199154406785965,0.83128222823143,0.031066806404851377,0.07503634120803326,0.6888690683990717,0.037886833073571324,0.0,0.0,0.0
446,0.6203161645680666,0.8394274041056633,0.030602799961343408,0.08062917646020651,0.6888210140168667,0.03790205088444054,0.0,0.0,0.0
447,0.6203023567795753,0.8459395486861467,0.030713734682649374,0.07992042507976294,0.6889323256909847,0.03791623399592936,0.0,0.0,0.0
448,0.6205531153827906,0.8511181194335222,0.03106677596224472,0.07840882102027535,0.6894937101751566,0.03787381970323622,0.0,0.0,0.0
449,0.6198705900460482,0.8384469281882048,0.030930180510040373,0.08153631223831326,0.6886284947395325,0.03782771388068795,0.0,0.0,0.0
450,0.6200236529111862,0.8317209798842669,0.030860177357681096,0.08092032582499087,0.6886745151132345,0.03779067611321807,0.0,0.0,0.0
451,0.6208610683679581,0.8412555083632469,0.031005014141555876,0.08157385908998549,0.6896246019750834,0.03775853454135358,0.0,0.0,0.0
452,0.6195561327040195,0.8491119910031557,0.03115750104188919,0.0795993193751201,0.6884787231683731,0.037765087792649865,0.0,0.0,0.0
453,0.6200470197945833,0.8517349697649479,0.03048186586238444,0.08115081419236958,0.6882998086512089,0.03777092066593468,0.0,0.0,0.0
454,0.6198855601251125,0.8428084589540958,0.030683462042361498,0.08153722737915814,0.6883350014686584,0.037765971617773175,0.0,0.0,0.0
455,0.6194816567003727,0.8508079312741756,0.03040006780065596,0.08107822376769036,0.6876107100397348,0.03772898414172232,0.0,0.0,0.0
456,0.6192180421203375,0.8598356023430824,0.030574272677768022,0.07982374052517116,0.6875169891864061,0.037724671652540565,0.0,0.0,0.0
457,0.6196377296000719,0.8418588656932116,0.030627171858213842,0.08294197777286172,0.688000038266182,0.037735131569206715,0.0,0.0,0.0
458,0.6195539925247431,0.8329534195363522,0.030740806832909584,0.0823451355099678,0.6880031898617744,0.037708385149016976,0.0,0.0,0.0
459,0.6195097826421261,0.8547701016068459,0.03052364505128935,0.0816247605253011,0.6877319440245628,0.037698527332395315,0.0,0.0,0.0
460,0.6191354431211948,0.8371480042114854,0.03061780263669789,0.08455077395774424,0.6874317536130548,0.037678506691008806,0.0,0.0,0.0
461,0.6191559890285134,0.8426269693300128,0.030272538249846548,0.08325245673768222,0.6870573833584785,0.037628855323418975,0.0,0.0,0.0
462,0.6192810051143169,0.8559572398662567,0.03114982252009213,0.0790322320535779,0.6880583595484495,0.03762754308991134,0.0,0.0,0.0
463,0.6192505806684494,0.8458073027431965,0.030982570606283844,0.08242920541670173,0.6877926662564278,0.03755951137281954,0.0,0.0,0.0
464,0.6200553420931101,0.8514679111540318,0.03038513450883329,0.0782460558693856,0.6881041172891855,0.03766364022158086,0.0,0.0,0.0
465,0.619656290858984,0.8362484313547611,0.03028968663420528,0.08118584332987666,0.6875840481370687,0.037638068199157715,0.0,0.0,0.0
466,0.6188713116571307,0.854701979085803,0.030515460879541934,0.0771959237754345,0.6870051808655262,0.0376184091437608,0.0,0.0,0.0
467,0.6190196983516216,0.8459412232041359,0.030908823828212917,0.08075319393537939,0.6875222213566303,0.037593698827549815,0.0,0.0,0.0
468,0.6185419410467148,0.8657642491161823,0.03104289062321186,0.08430188684724271,0.6871836930513382,0.037598863476887345,0.0,0.0,0.0
469,0.6190108638256788,0.8379971422255039,0.03042105515487492,0.08564874227158725,0.6870348323136568,0.037602903321385384,0.0,0.0,0.0
470,0.6186168901622295,0.8358739167451859,0.030430305982008576,0.08038551290519536,0.686616076156497,0.0375688869971782,0.0,0.0,0.0
471,0.6183314565569162,0.8260698560625315,0.030128515034448355,0.07891270390246063,0.6860039718449116,0.03754400601610541,0.0,0.0,0.0
472,0.6192228347063065,0.8372852727770805,0.030430040729697794,0.08160484989639372,0.6872317809611559,0.03757891175337136,0.0,0.0,0.0
473,0.6183704230934381,0.8543454241007566,0.030817159567959607,0.08206027816049755,0.6867308840155602,0.03754329727962613,0.0,0.0,0.0
474,0.6188720166683197,0.8594836238771677,0.030339366290718317,0.07765584974549711,0.6867358032613993,0.03752442239783704,0.0,0.0,0.0
475,0.6182606760412455,0.8425606964156032,0.030330699286423624,0.08195574337150902,0.6861206237226725,0.03752924595028162,0.0,0.0,0.0
476,0.6181001365184784,0.8378532640635967,0.03037023590877652,0.08451105689164251,0.6859822049736977,0.037511829286813736,0.0,0.0,0.0
477,0.6182466875761747,0.8547684755176306,0.03069790411973372,0.08173876313958317,0.6864455305039883,0.03750095400027931,0.0,0.0,0.0
478,0.6182605382055044,0.865268487483263,0.030271874740719795,0.08170380722731352,0.6860380060970783,0.03750559943728149,0.0,0.0,0.0
479,0.6175152491778135,0.8521169722080231,0.030494768056087196,0.08528931031469256,0.6854624822735786,0.03745246003381908,0.0,0.0,0.0
480,0.6180171202868223,0.8620321173220873,0.030440353672020137,0.0811239609029144,0.6858720313757658,0.03741456777788699,0.0,0.0,0.0
481,0.6178222969174385,0.8284706827253103,0.030500205175485462,0.08319522021338344,0.6857754420489073,0.03745293989777565,0.0,0.0,0.0
482,0.6176525875926018,0.8535637073218822,0.030855770921334624,0.08425858803093433,0.6859404090791941,0.0374320421833545,0.0,0.0,0.0
483,0.6179960519075394,0.854326393455267,0.0302568533224985,0.08565284113865346,0.6856215428560972,0.037368647288531065,0.0,0.0,0.0
484,0.6187565457075834,0.8540918733924627,0.029928934876807034,0.07451627135742456,0.6860916875302792,0.037406206130981445,0.0,0.0,0.0
485,0.6178424172103405,0.8396020159125328,0.030136439600028098,0.07708821818232536,0.685378897935152,0.03740004985593259,0.0,0.0,0.0
486,0.6177670303732157,0.8583810590207577,0.02989243809133768,0.08561772073153406,0.685003662481904,0.03734419750981033,0.0,0.0,0.0
487,0.618178790435195,0.8511428683996201,0.030251203570514917,0.08138454030267894,0.6858013533055782,0.037371356040239334,0.0,0.0,0.0
488,0.6177622731775045,0.8493701573461294,0.030140323098748922,0.0871126624988392,0.685263117775321,0.03736052708700299,0.0,0.0,0.0
489,0.6176315937191248,0.8586459346115589,0.030161450733430684,0.08278455736581236,0.6850768849253654,0.03728383290581405,0.0,0.0,0.0
490,0.6174049265682697,0.8650064766407013,0.03003621008247137,0.08620399283245206,0.6847553849220276,0.03731424827128649,0.0,0.0,0.0
