,train_f5_mae,train_f5_rmse,total_train_loss,l1_weight_loss,l2_weight_loss,l1_bias_loss,l2_bias_loss
0,1.075470868498087,1.2255511693656445,1.300295576453209,0.22482471261173487,0.0,0.0,0.0
1,0.9999188296496868,1.1667189709842205,1.2219750098884106,0.22205618396401405,0.0,0.0,0.0
2,0.916908111423254,1.0961510688066483,1.1365344747900963,0.21962635219097137,0.0,0.0,0.0
3,0.837066438049078,1.0415284372866154,1.0548136979341507,0.21774726919829845,0.0,0.0,0.0
4,0.7879121694713831,0.9969883393496275,1.004271611571312,0.2163594476878643,0.0,0.0,0.0
5,0.7510839272290468,0.9962335266172886,0.9663840681314468,0.21530013717710972,0.0,0.0,0.0
6,0.728747395798564,0.9623568207025528,0.9432960543781519,0.21454865392297506,0.0,0.0,0.0
7,0.7096689809113741,0.9712293315678835,0.9235112331807613,0.21384225226938725,0.0,0.0,0.0
8,0.6923310942947865,0.945276252925396,0.9056631363928318,0.21333203744143248,0.0,0.0,0.0
9,0.6781385913491249,0.9347238037735224,0.8910898827016354,0.21295129135251045,0.0,0.0,0.0
10,0.6637338809669018,0.92501425370574,0.8763926438987255,0.21265877038240433,0.0,0.0,0.0
11,0.6515226569026709,0.9110491462051868,0.8639529459178448,0.2124302852898836,0.0,0.0,0.0
12,0.6374488556757569,0.876675559207797,0.849671944975853,0.21222308557480574,0.0,0.0,0.0
13,0.6242279130965471,0.8654976058751345,0.8362891376018524,0.21206121984869242,0.0,0.0,0.0
14,0.6123935803771019,0.8369292039424181,0.8243369460105896,0.21194336470216513,0.0,0.0,0.0
15,0.5982754603028297,0.8259358312934637,0.8100365065038204,0.21176105085760355,0.0,0.0,0.0
16,0.5887836422771215,0.8124473355710506,0.800281710922718,0.21149807516485453,0.0,0.0,0.0
17,0.5791764687746763,0.7934223525226116,0.7903301790356636,0.21115370467305183,0.0,0.0,0.0
18,0.5720129795372486,0.8025455810129642,0.7828660532832146,0.21085307374596596,0.0,0.0,0.0
19,0.5642060153186321,0.7744003627449274,0.7746862340718508,0.21048022154718637,0.0,0.0,0.0
20,0.5586768556386232,0.7835699897259474,0.7684742547571659,0.2097973981872201,0.0,0.0,0.0
21,0.5548332203179598,0.7720354069024324,0.7640474289655685,0.2092142030596733,0.0,0.0,0.0
22,0.5506466757506132,0.7748771943151951,0.7591919377446175,0.2085452601313591,0.0,0.0,0.0
23,0.5468200780451298,0.7716090343892574,0.7545997872948647,0.20777971856296062,0.0,0.0,0.0
24,0.5440243203192949,0.7485961616039276,0.7507419735193253,0.20671765599399805,0.0,0.0,0.0
25,0.5424675401300192,0.7574302367866039,0.7481258735060692,0.20565832871943712,0.0,0.0,0.0
26,0.5399612737819552,0.742763196118176,0.7445417866110802,0.20458050910383463,0.0,0.0,0.0
27,0.5385032892227173,0.7584381140768528,0.7421513982117176,0.20364810433238745,0.0,0.0,0.0
28,0.5358232837170362,0.7407592255622149,0.7383372243493795,0.2025139406323433,0.0,0.0,0.0
29,0.5344119006767869,0.7319570537656546,0.735615124925971,0.20120323076844215,0.0,0.0,0.0
30,0.5340152401477098,0.7387684024870396,0.7339153960347176,0.1999001605436206,0.0,0.0,0.0
31,0.5329942870885134,0.7436138149350882,0.7315061073750257,0.19851181004196405,0.0,0.0,0.0
32,0.5319777578115463,0.7461708411574364,0.7291575558483601,0.1971797989681363,0.0,0.0,0.0
33,0.5313943661749363,0.7350802384316921,0.7272534221410751,0.1958590503782034,0.0,0.0,0.0
34,0.5296536181122065,0.7306803744286299,0.7240698896348476,0.19441627524793148,0.0,0.0,0.0
35,0.5296228602528572,0.7323919404298067,0.72263946197927,0.1930166045203805,0.0,0.0,0.0
36,0.5288634588941932,0.7299135681241751,0.7203246876597404,0.19146122504025698,0.0,0.0,0.0
37,0.5294935768470168,0.735187865793705,0.7195495739579201,0.19005599711090326,0.0,0.0,0.0
38,0.5272244215011597,0.7383619956672192,0.7158858850598335,0.18866146448999643,0.0,0.0,0.0
39,0.5278570568189025,0.7429530750960112,0.7148666456341743,0.18700959160923958,0.0,0.0,0.0
40,0.5269367396831512,0.7434611413627863,0.7125603780150414,0.18562362529337406,0.0,0.0,0.0
41,0.5267246989533305,0.7312105558812618,0.7109575290232897,0.18423282727599144,0.0,0.0,0.0
42,0.5265356078743935,0.7291772551834583,0.7093371134251356,0.18280151393264532,0.0,0.0,0.0
43,0.525982242077589,0.7194663463160396,0.7073995303362608,0.18141728825867176,0.0,0.0,0.0
44,0.5259183961898088,0.7186523955315351,0.7059045769274235,0.17998617514967918,0.0,0.0,0.0
45,0.5254748240113258,0.72779312543571,0.7042277902364731,0.1787529680877924,0.0,0.0,0.0
46,0.524839473888278,0.729636425152421,0.7023086957633495,0.17746922466903925,0.0,0.0,0.0
47,0.5254679899662733,0.7164017166942358,0.7016455065459013,0.17617751099169254,0.0,0.0,0.0
48,0.5244093220680952,0.7170506939291954,0.6991689894348383,0.17475966177880764,0.0,0.0,0.0
49,0.5245521795004606,0.7237006928771734,0.6978988479822874,0.1733466712757945,0.0,0.0,0.0
50,0.5241959104314446,0.7236705347895622,0.6962601952254772,0.17206428479403257,0.0,0.0,0.0
51,0.5236014761030674,0.727570066228509,0.6944280825555325,0.17082660924643278,0.0,0.0,0.0
52,0.5239186491817236,0.7329226825386286,0.6934216767549515,0.16950302850455046,0.0,0.0,0.0
53,0.5228028949350119,0.7355074621737003,0.6909589357674122,0.16815604362636805,0.0,0.0,0.0
54,0.5235076639801264,0.7095217276364565,0.690373606979847,0.16686594113707542,0.0,0.0,0.0
55,0.5225003371015191,0.7079327534884214,0.6880820281803608,0.16558168828487396,0.0,0.0,0.0
56,0.5222610011696815,0.7385379150509834,0.6864631436765194,0.164202144369483,0.0,0.0,0.0
57,0.5222455067560077,0.712515315040946,0.685010340064764,0.16276484075933695,0.0,0.0,0.0
58,0.5219753570854664,0.7148468792438507,0.6834600064903498,0.16148464288562536,0.0,0.0,0.0
59,0.5220361333340406,0.7271640282124281,0.6823287792503834,0.16029264871031046,0.0,0.0,0.0
60,0.5210757311433554,0.714702295139432,0.6800411902368069,0.15896545816212893,0.0,0.0,0.0
61,0.5208165813237429,0.7200623210519552,0.6784428395330906,0.15762625727802515,0.0,0.0,0.0
62,0.5204659141600132,0.7204577513039112,0.6767102405428886,0.15624432917684317,0.0,0.0,0.0
63,0.520526010543108,0.7240983564406633,0.6753531768918037,0.1548271719366312,0.0,0.0,0.0
64,0.5213560033589602,0.7093475684523582,0.6748100221157074,0.15345402155071497,0.0,0.0,0.0
65,0.5202349461615086,0.726340813562274,0.6723803877830505,0.1521454444155097,0.0,0.0,0.0
66,0.5196580607444048,0.7331051081418991,0.6705434769392014,0.15088541992008686,0.0,0.0,0.0
67,0.5195524524897337,0.7105897422879934,0.6690217573195696,0.14946930296719074,0.0,0.0,0.0
68,0.5194751862436533,0.7221436873078346,0.6675910297781229,0.1481158398091793,0.0,0.0,0.0
69,0.5196406412869692,0.7289481218904257,0.6663387920707464,0.1466981451958418,0.0,0.0,0.0
70,0.5193470306694508,0.7096152845770121,0.664807241410017,0.1454602163285017,0.0,0.0,0.0
71,0.518653666600585,0.7164473123848438,0.6629244703799486,0.14427080191671848,0.0,0.0,0.0
72,0.5189621029421687,0.7101710420101881,0.6619953289628029,0.1430332325398922,0.0,0.0,0.0
73,0.5179500207304955,0.71171142347157,0.6597292684018612,0.1417792420834303,0.0,0.0,0.0
74,0.5179836694151163,0.7034794110804796,0.6584764923900366,0.1404928183183074,0.0,0.0,0.0
75,0.517926630564034,0.7207027934491634,0.65706991776824,0.13914328534156084,0.0,0.0,0.0
76,0.5174413770437241,0.7215571831911802,0.6553879380226135,0.13794657308608294,0.0,0.0,0.0
77,0.517159272916615,0.6942557767033577,0.6540570501238108,0.1368977716192603,0.0,0.0,0.0
78,0.5169674307107925,0.7128514815121889,0.6527785584330559,0.13581112306565046,0.0,0.0,0.0
79,0.5166348591446877,0.7232153154909611,0.6513916589319706,0.13475679606199265,0.0,0.0,0.0
80,0.5165570769459009,0.723755432292819,0.6501610912382603,0.13360400311648846,0.0,0.0,0.0
81,0.5166153479367495,0.7171888239681721,0.6490753628313541,0.1324600102379918,0.0,0.0,0.0
82,0.5173994861543179,0.7269229386001825,0.6487166080623865,0.13131712842732668,0.0,0.0,0.0
83,0.5161905325949192,0.7276377193629742,0.6464003697037697,0.13020984176546335,0.0,0.0,0.0
84,0.5159989157691598,0.7090679928660393,0.6451620608568192,0.12916314508765936,0.0,0.0,0.0
85,0.5155558008700609,0.725517500191927,0.6436508130282164,0.1280950140208006,0.0,0.0,0.0
86,0.5167479757219553,0.713237140327692,0.6437237188220024,0.1269757403060794,0.0,0.0,0.0
87,0.5147704035043716,0.7161907479166985,0.6406705379486084,0.12590012978762388,0.0,0.0,0.0
88,0.5151611659675837,0.7144088596105576,0.6400301903486252,0.12486902624368668,0.0,0.0,0.0
89,0.5143982451409101,0.7236628327518702,0.6383786275982857,0.12398037826642394,0.0,0.0,0.0
90,0.514088612049818,0.7277473770081997,0.6370104514062405,0.1229218365624547,0.0,0.0,0.0
91,0.5144134890288115,0.7274694703519344,0.6362828426063061,0.12186935264617205,0.0,0.0,0.0
92,0.5144747868180275,0.7043186668306589,0.6352636571973562,0.12078886991366744,0.0,0.0,0.0
93,0.5133324041962624,0.6962762242183089,0.6331742722541094,0.11984186759218574,0.0,0.0,0.0
94,0.513142816722393,0.7200405225157738,0.6319456566125154,0.11880283523350954,0.0,0.0,0.0
95,0.5128171984106302,0.7164874989539385,0.6306112464517355,0.11779405269771814,0.0,0.0,0.0
96,0.5125164445489645,0.7146150656044483,0.6292932294309139,0.11677678255364299,0.0,0.0,0.0
97,0.5120431277900934,0.7158035784959793,0.6279765162616968,0.11593338288366795,0.0,0.0,0.0
98,0.5120973074808717,0.7162449359893799,0.6271919123828411,0.1150946062989533,0.0,0.0,0.0
99,0.5114396121352911,0.7155941892415285,0.6256692986935377,0.11422968562692404,0.0,0.0,0.0
100,0.5111574046313763,0.7012697998434305,0.6244093403220177,0.11325193289667368,0.0,0.0,0.0
101,0.5113000869750977,0.693626587279141,0.623648377135396,0.11234829481691122,0.0,0.0,0.0
102,0.5107634346932173,0.7049305494874716,0.6221951339393854,0.11143169505521655,0.0,0.0,0.0
103,0.5103288050740957,0.7072634417563677,0.6211369056254625,0.11080810334533453,0.0,0.0,0.0
104,0.5098506761714816,0.7012394946068525,0.6199274808168411,0.11007679859176278,0.0,0.0,0.0
105,0.5097265858203173,0.7030072994530201,0.6191453486680984,0.10941875632852316,0.0,0.0,0.0
106,0.5094279795885086,0.6983437864109874,0.6181601267307997,0.1087321462109685,0.0,0.0,0.0
107,0.5088903838768601,0.6864566644653678,0.6169363930821419,0.10804600967094302,0.0,0.0,0.0
108,0.5089867785573006,0.6985937263816595,0.6162908673286438,0.10730408504605293,0.0,0.0,0.0
109,0.5085812211036682,0.6999915819615126,0.6153861321508884,0.10680491523817182,0.0,0.0,0.0
110,0.5084825810045004,0.7122852336615324,0.614600908011198,0.10611832421272993,0.0,0.0,0.0
111,0.5076761040836573,0.7054904792457819,0.6133854165673256,0.10570931108668447,0.0,0.0,0.0
112,0.5072596818208694,0.7023846302181482,0.6124384310096502,0.10517875058576465,0.0,0.0,0.0
113,0.5071935821324587,0.7066485807299614,0.611844964325428,0.10465138079598546,0.0,0.0,0.0
114,0.5070909652858973,0.7157621048390865,0.611264992505312,0.10417403001338243,0.0,0.0,0.0
115,0.5072180517017841,0.7017775997519493,0.6110400799661875,0.10382202686741948,0.0,0.0,0.0
116,0.5064148996025324,0.6939998790621758,0.6099968608468771,0.103581961710006,0.0,0.0,0.0
117,0.5062025720253587,0.6965909358114004,0.6092592924833298,0.10305672092363238,0.0,0.0,0.0
118,0.5056556155905128,0.6981014311313629,0.6082538198679686,0.1025982047431171,0.0,0.0,0.0
119,0.5051771085709333,0.7046942915767431,0.6074899565428495,0.10231284750625491,0.0,0.0,0.0
120,0.5053802132606506,0.7063356433063745,0.6071378979831934,0.10175768472254276,0.0,0.0,0.0
121,0.505018038675189,0.6940957736223936,0.6063417438417673,0.10132370656356215,0.0,0.0,0.0
122,0.5057839434593916,0.7150663882493973,0.606651084497571,0.1008671410381794,0.0,0.0,0.0
123,0.5052991099655628,0.7087114844471216,0.6058787144720554,0.1005796049721539,0.0,0.0,0.0
124,0.5041203899309039,0.6963047068566084,0.6043725349009037,0.10025214217603207,0.0,0.0,0.0
125,0.5038765734061599,0.6991273183375597,0.6037927065044641,0.09991614008322358,0.0,0.0,0.0
126,0.5038497522473335,0.7174698114395142,0.603453017771244,0.09960326738655567,0.0,0.0,0.0
127,0.5040352726355195,0.6948106400668621,0.6034184210002422,0.09938315022736788,0.0,0.0,0.0
128,0.5031337570399046,0.6918723713606596,0.6022087130695581,0.09907495137304068,0.0,0.0,0.0
129,0.503129256889224,0.6932848673313856,0.6018275264650583,0.09869827050715685,0.0,0.0,0.0
130,0.503448024392128,0.6853816360235214,0.601715836673975,0.09826781181618571,0.0,0.0,0.0
131,0.5027709063142538,0.6981382360681891,0.6008126195520163,0.09804171416908503,0.0,0.0,0.0
132,0.5025007855147123,0.7115540392696857,0.6002539843320847,0.09775319742038846,0.0,0.0,0.0
133,0.5022612567991018,0.6986184064298868,0.5997666493058205,0.09750538831576705,0.0,0.0,0.0
134,0.5020293332636356,0.7044355645775795,0.5992025509476662,0.09717322327196598,0.0,0.0,0.0
135,0.5019342359155416,0.6887714024633169,0.598839657381177,0.09690541680902243,0.0,0.0,0.0
136,0.5017075128853321,0.694722730666399,0.5982842445373535,0.09657672187313437,0.0,0.0,0.0
137,0.5016102939844131,0.7026413530111313,0.5977602247148752,0.09614993305876851,0.0,0.0,0.0
138,0.5012094713747501,0.7029544496908784,0.5970253683626652,0.09581589652225375,0.0,0.0,0.0
139,0.5011368133127689,0.6983651034533978,0.5965783316642046,0.09544151881709695,0.0,0.0,0.0
140,0.5009817779064178,0.7049918323755264,0.5961008258163929,0.09511904558166862,0.0,0.0,0.0
141,0.5006992816925049,0.6973057612776756,0.5955763533711433,0.09487707586959004,0.0,0.0,0.0
142,0.5008152816444635,0.7105788830667734,0.5955113768577576,0.09469609661027789,0.0,0.0,0.0
143,0.5001327507197857,0.7053633388131857,0.5944726150482893,0.09433986339718103,0.0,0.0,0.0
144,0.5001395083963871,0.6960892081260681,0.5940862465649843,0.0939467316493392,0.0,0.0,0.0
145,0.5003072796389461,0.687325419858098,0.5939907692372799,0.09368348820134997,0.0,0.0,0.0
146,0.500153130851686,0.6881151776760817,0.5936960931867361,0.09354295674711466,0.0,0.0,0.0
147,0.49981111846864223,0.7108004949986935,0.5930950660258532,0.09328394988551736,0.0,0.0,0.0
148,0.49981246795505285,0.6855890499427915,0.5928923171013594,0.09307985007762909,0.0,0.0,0.0
149,0.49924954213202,0.7065716851502657,0.5920514781028032,0.0928019336424768,0.0,0.0,0.0
150,0.499084772542119,0.6996218711137772,0.5916594564914703,0.09257468301802874,0.0,0.0,0.0
151,0.498875948600471,0.6958467066287994,0.5912506356835365,0.09237469406798482,0.0,0.0,0.0
152,0.49966976698487997,0.6833568038418889,0.5919579807668924,0.09228821098804474,0.0,0.0,0.0
153,0.4990749629214406,0.6947865728288889,0.5910524055361748,0.09197743656113744,0.0,0.0,0.0
154,0.49899356812238693,0.6958521362394094,0.5906621608883142,0.09166859230026603,0.0,0.0,0.0
155,0.4981011487543583,0.6949100885540247,0.5896209217607975,0.0915197771973908,0.0,0.0,0.0
156,0.4980035424232483,0.7025278452783823,0.5893300101161003,0.09132647141814232,0.0,0.0,0.0
157,0.4980939030647278,0.698234748095274,0.5891313552856445,0.09103744756430387,0.0,0.0,0.0
158,0.49827894661575556,0.6809154562652111,0.5892276559025049,0.09094870975241065,0.0,0.0,0.0
159,0.4973674826323986,0.70402842015028,0.5880942679941654,0.09072678070515394,0.0,0.0,0.0
160,0.4973578881472349,0.7026596739888191,0.5877638645470142,0.09040596941486001,0.0,0.0,0.0
161,0.4971948293969035,0.6972261480987072,0.5873455293476582,0.09015069575980306,0.0,0.0,0.0
162,0.4966793991625309,0.6799327116459608,0.586636052466929,0.08995665516704321,0.0,0.0,0.0
163,0.4966896837577224,0.6587048247456551,0.5863804081454873,0.08969072345644236,0.0,0.0,0.0
164,0.4965187218040228,0.7043951731175184,0.5859815068542957,0.08946278225630522,0.0,0.0,0.0
165,0.49615862779319286,0.6942481193691492,0.5854205451905727,0.08926192484796047,0.0,0.0,0.0
166,0.49612076953053474,0.6939741112291813,0.5851063337177038,0.08898556837812066,0.0,0.0,0.0
167,0.4958654111251235,0.6875580288469791,0.5846072807908058,0.08874187851324677,0.0,0.0,0.0
168,0.49568995647132397,0.6920709442347288,0.5841744355857372,0.08848448563367128,0.0,0.0,0.0
169,0.4954806165769696,0.6760059557855129,0.583719490095973,0.08823887258768082,0.0,0.0,0.0
170,0.49520603101700544,0.6875061113387346,0.583190618082881,0.08798459079116583,0.0,0.0,0.0
171,0.4958394803106785,0.6901858812198043,0.5834954585880041,0.08765597967430949,0.0,0.0,0.0
172,0.4952060105279088,0.6961409244686365,0.5826267786324024,0.0874207615852356,0.0,0.0,0.0
173,0.49500503297895193,0.6723667634651065,0.5821220725774765,0.08711703913286328,0.0,0.0,0.0
174,0.4945805799216032,0.6973695624619722,0.5814108494669199,0.0868302658200264,0.0,0.0,0.0
175,0.4944196753203869,0.6818134980276227,0.5809926586225629,0.08657299121841788,0.0,0.0,0.0
176,0.49453581497073174,0.7006679866462946,0.5807865299284458,0.08625071914866567,0.0,0.0,0.0
177,0.49473737087100744,0.6823711236938834,0.5806372109800577,0.08589984057471156,0.0,0.0,0.0
178,0.4944040374830365,0.690139127895236,0.5798859652131796,0.08548192866146564,0.0,0.0,0.0
179,0.49474597815424204,0.6859118994325399,0.579867783933878,0.08512180671095848,0.0,0.0,0.0
180,0.49404077231884,0.7026749588549137,0.5788881350308657,0.08484735665842891,0.0,0.0,0.0
181,0.49385327380150557,0.6782860504463315,0.5783074889332056,0.08445421373471618,0.0,0.0,0.0
182,0.4938589781522751,0.686934994533658,0.5778476931154728,0.08398871636018157,0.0,0.0,0.0
183,0.49402096308767796,0.6979096736758947,0.5775888301432133,0.0835678675211966,0.0,0.0,0.0
184,0.49416499864310026,0.671013948507607,0.577293916605413,0.08312891982495785,0.0,0.0,0.0
185,0.4937775917351246,0.6962739061564207,0.5766366049647331,0.08285901509225368,0.0,0.0,0.0
186,0.49414792470633984,0.6799862748011947,0.5766199007630348,0.08247197885066271,0.0,0.0,0.0
187,0.49386064521968365,0.6858798861503601,0.5760384723544121,0.08217783365398645,0.0,0.0,0.0
188,0.4936874397099018,0.6765510849654675,0.5754916407167912,0.08180419355630875,0.0,0.0,0.0
189,0.49352279491722584,0.702270831912756,0.575006065890193,0.0814832653850317,0.0,0.0,0.0
190,0.493393549695611,0.693290650844574,0.5745349805802107,0.08114143088459969,0.0,0.0,0.0
191,0.4929880406707525,0.6881559025496244,0.5739591829478741,0.08097113715484738,0.0,0.0,0.0
192,0.4928709175437689,0.690374692901969,0.5736262015998363,0.08075528591871262,0.0,0.0,0.0
193,0.4933203039690852,0.6764095434919,0.573790742084384,0.08047043718397617,0.0,0.0,0.0
194,0.4929377902299166,0.7066479343920946,0.5731777735054493,0.08023998187854886,0.0,0.0,0.0
195,0.49283681251108646,0.6805510129779577,0.5729161761701107,0.08007936226204038,0.0,0.0,0.0
196,0.49257483426481485,0.6845612563192844,0.5724755097180605,0.07990067545324564,0.0,0.0,0.0
197,0.49267374351620674,0.6921071372926235,0.5723877009004354,0.07971395319327712,0.0,0.0,0.0
198,0.4926126282662153,0.6889823768287897,0.5721606779843569,0.07954805437475443,0.0,0.0,0.0
199,0.49260952323675156,0.6913118436932564,0.5720109920948744,0.07940146792680025,0.0,0.0,0.0
200,0.49243226647377014,0.6791163831949234,0.5716143250465393,0.07918206416070461,0.0,0.0,0.0
201,0.4921524152159691,0.6788329444825649,0.5711227599531412,0.07897033961489797,0.0,0.0,0.0
202,0.4923293050378561,0.6861629262566566,0.5710333399474621,0.07870404003188014,0.0,0.0,0.0
203,0.4922062177211046,0.6852370295673609,0.5707657895982265,0.07855957606807351,0.0,0.0,0.0
204,0.49177931528538465,0.6757909366860986,0.5701700765639544,0.07839075895026326,0.0,0.0,0.0
205,0.4918785598129034,0.6820689775049686,0.5700484421104193,0.07816987717524171,0.0,0.0,0.0
206,0.49216217640787363,0.6796755939722061,0.5702862925827503,0.07812411524355412,0.0,0.0,0.0
207,0.4918854422867298,0.687191441655159,0.569799242541194,0.07791380677372217,0.0,0.0,0.0
208,0.49161692149937153,0.6870756428688765,0.5693540703505278,0.07773714838549495,0.0,0.0,0.0
209,0.49129585176706314,0.6968613266944885,0.5688936747610569,0.07759782020002604,0.0,0.0,0.0
210,0.49156902451068163,0.6690738648176193,0.5689912857487798,0.07742226123809814,0.0,0.0,0.0
211,0.4910057298839092,0.6926646120846272,0.5682433377951384,0.07723760791122913,0.0,0.0,0.0
212,0.49123845901340246,0.6832761168479919,0.5683055352419615,0.07706707390025258,0.0,0.0,0.0
213,0.49102585949003696,0.6827531419694424,0.5679020658135414,0.07687620026990771,0.0,0.0,0.0
214,0.4907193072140217,0.6947003807872534,0.5674007274210453,0.07668141555041075,0.0,0.0,0.0
215,0.49074946064502,0.687695574015379,0.567288352176547,0.07653889246284962,0.0,0.0,0.0
216,0.49063083715736866,0.6951283793896437,0.5669258274137974,0.07629498466849327,0.0,0.0,0.0
217,0.4911623951047659,0.6876365467905998,0.5672511402517557,0.07608873955905437,0.0,0.0,0.0
218,0.49053162708878517,0.6943899746984243,0.566430889070034,0.0758992568589747,0.0,0.0,0.0
219,0.49051365721970797,0.6862797811627388,0.566188607364893,0.07567494781687856,0.0,0.0,0.0
220,0.49011859856545925,0.6810996532440186,0.5656261704862118,0.07550756959244609,0.0,0.0,0.0
221,0.4903392633423209,0.6883590947836637,0.5657592099159956,0.07541994983330369,0.0,0.0,0.0
222,0.49033965729177,0.6882278714329004,0.5656550507992506,0.07531539490446448,0.0,0.0,0.0
223,0.49052510038018227,0.6883222963660955,0.5656663030385971,0.07514120126143098,0.0,0.0,0.0
224,0.4897036300972104,0.6795749254524708,0.5646807383745909,0.07497710920870304,0.0,0.0,0.0
225,0.4896326381713152,0.6936102844774723,0.5645351130515337,0.07490247720852494,0.0,0.0,0.0
226,0.48951593041419983,0.6809224281460047,0.5642468947917223,0.07473096577450633,0.0,0.0,0.0
227,0.48946597054600716,0.6872411482036114,0.5640032105147839,0.07453723344951868,0.0,0.0,0.0
228,0.4896907089278102,0.6763815162703395,0.5640638135373592,0.07437310414388776,0.0,0.0,0.0
229,0.4892145488411188,0.6958180461078882,0.5634628366678953,0.07424828503280878,0.0,0.0,0.0
230,0.4896078621968627,0.6851064134389162,0.5637218318879604,0.07411396456882358,0.0,0.0,0.0
231,0.4890527883544564,0.6830467469990253,0.5629749186336994,0.07392212375998497,0.0,0.0,0.0
232,0.4888805206865072,0.6797505132853985,0.5626638382673264,0.0737833185121417,0.0,0.0,0.0
233,0.4886723216623068,0.6895665246993303,0.5623016823083162,0.07362935971468687,0.0,0.0,0.0
234,0.48850551806390285,0.6811996214091778,0.5620479267090559,0.07354240724816918,0.0,0.0,0.0
235,0.48871754482388496,0.6844782698899508,0.5620857290923595,0.073368183337152,0.0,0.0,0.0
236,0.4884403608739376,0.6759951859712601,0.5616568010300398,0.07321644155308604,0.0,0.0,0.0
237,0.48837112076580524,0.6848300937563181,0.561468493193388,0.073097366373986,0.0,0.0,0.0
238,0.4885422382503748,0.6779305469244719,0.5614800257608294,0.07293778704479337,0.0,0.0,0.0
239,0.48801854625344276,0.6813550256192684,0.5607027560472488,0.0726842014119029,0.0,0.0,0.0
240,0.48808879870921373,0.6805896777659655,0.5606690980494022,0.07258029514923692,0.0,0.0,0.0
241,0.487547779455781,0.6690491288900375,0.5600076876580715,0.07245990447700024,0.0,0.0,0.0
242,0.4881328232586384,0.6699783951044083,0.5604232754558325,0.07229045080021024,0.0,0.0,0.0
243,0.4873551018536091,0.6863417699933052,0.5595033913850784,0.07214828720316291,0.0,0.0,0.0
244,0.487321138381958,0.6850653383880854,0.559307174757123,0.07198603311553597,0.0,0.0,0.0
245,0.48723012022674084,0.6930427737534046,0.5590269155800343,0.0717967958189547,0.0,0.0,0.0
246,0.4868181925266981,0.688400998711586,0.558412728831172,0.07159453770145774,0.0,0.0,0.0
247,0.48681736923754215,0.6817107051610947,0.5582491252571344,0.07143175043165684,0.0,0.0,0.0
248,0.4865277921780944,0.6701101325452328,0.5578093864023685,0.07128159236162901,0.0,0.0,0.0
249,0.4863946456462145,0.6903904378414154,0.557540737092495,0.0711460872553289,0.0,0.0,0.0
250,0.4862091187387705,0.6878450158983469,0.5572627354413271,0.0710536134429276,0.0,0.0,0.0
251,0.486311724409461,0.6876714807003736,0.5573076233267784,0.07099589938297868,0.0,0.0,0.0
252,0.48653873056173325,0.6662744414061308,0.5574777629226446,0.07093902816995978,0.0,0.0,0.0
253,0.48583304323256016,0.67869190312922,0.5567433536052704,0.07091030851006508,0.0,0.0,0.0
254,0.4856990482658148,0.6813812460750341,0.5566680487245321,0.07096899440512061,0.0,0.0,0.0
255,0.48555399663746357,0.6877476312220097,0.5565249919891357,0.07097098976373672,0.0,0.0,0.0
256,0.4855588525533676,0.6553069669753313,0.5565121155232191,0.07095326064154506,0.0,0.0,0.0
257,0.48516402672976255,0.6777445916086435,0.5562144946306944,0.07105046277865767,0.0,0.0,0.0
258,0.48530072532594204,0.6773488931357861,0.5564295705407858,0.07112884568050504,0.0,0.0,0.0
259,0.484639510512352,0.678112531080842,0.5558825507760048,0.07124303234741092,0.0,0.0,0.0
260,0.48461628146469593,0.667497843503952,0.556038124486804,0.07142183789983392,0.0,0.0,0.0
261,0.4843683149665594,0.6897759530693293,0.5559023357927799,0.07153402408584952,0.0,0.0,0.0
262,0.4844309240579605,0.6569226169958711,0.5559050431475043,0.0714741195552051,0.0,0.0,0.0
263,0.4840671680867672,0.6743283681571484,0.5555597133934498,0.07149253878742456,0.0,0.0,0.0
264,0.4837647993117571,0.6870844792574644,0.5553903430700302,0.07162554282695055,0.0,0.0,0.0
265,0.48422259371727705,0.6680403519421816,0.5559250693768263,0.0717024733312428,0.0,0.0,0.0
266,0.48360970616340637,0.6841074265539646,0.5553662739694118,0.07175657339394093,0.0,0.0,0.0
267,0.4833138082176447,0.6813002787530422,0.5551712196320295,0.07185741094872355,0.0,0.0,0.0
268,0.482919386588037,0.6781403161585331,0.5549190193414688,0.07199963461607695,0.0,0.0,0.0
269,0.48271935153752565,0.6707907542586327,0.5548116192221642,0.07209226721897721,0.0,0.0,0.0
270,0.483201552182436,0.670767406001687,0.555362282320857,0.07216072920709848,0.0,0.0,0.0
271,0.4822362968698144,0.6795418728142977,0.5544704236090183,0.07223412813618779,0.0,0.0,0.0
272,0.48229061998426914,0.672410786151886,0.554642328992486,0.07235170993953943,0.0,0.0,0.0
273,0.4818730065599084,0.6598074873909354,0.5543814850971103,0.07250848272815347,0.0,0.0,0.0
274,0.4815532322973013,0.6709386948496103,0.5541534852236509,0.07260025478899479,0.0,0.0,0.0
275,0.4822672661393881,0.6741811260581017,0.5550250504165888,0.07275779405608773,0.0,0.0,0.0
276,0.4808678161352873,0.6759678050875664,0.5537248179316521,0.07285699900239706,0.0,0.0,0.0
277,0.48074409179389477,0.6717338114976883,0.5535897016525269,0.07284561591222882,0.0,0.0,0.0
278,0.4806118318811059,0.6742356587201357,0.5535578820854425,0.07294605113565922,0.0,0.0,0.0
279,0.4802944455295801,0.669660828076303,0.5533654056489468,0.07307095918804407,0.0,0.0,0.0
280,0.4799777325242758,0.6748207025229931,0.5531551782041788,0.0731774428859353,0.0,0.0,0.0
281,0.47980586159974337,0.6684679333120584,0.5530637465417385,0.07325789192691445,0.0,0.0,0.0
282,0.4794770358130336,0.6491744415834546,0.5527941640466452,0.07331713195890188,0.0,0.0,0.0
283,0.4791353065520525,0.6670846715569496,0.5526125375181437,0.07347723236307502,0.0,0.0,0.0
284,0.47883874736726284,0.665984757244587,0.5524517986923456,0.07361304480582476,0.0,0.0,0.0
285,0.47925698570907116,0.6773995012044907,0.5529248788952827,0.0736678927205503,0.0,0.0,0.0
286,0.47865638975054026,0.6607581786811352,0.5523750893771648,0.07371869729831815,0.0,0.0,0.0
287,0.47828944865614176,0.6662902478128672,0.552059032022953,0.07376958150416613,0.0,0.0,0.0
288,0.4782445151358843,0.6586442701518536,0.5520491730421782,0.07380465557798743,0.0,0.0,0.0
289,0.47768304869532585,0.6671918854117393,0.551504872739315,0.0738218198530376,0.0,0.0,0.0
290,0.47740005142986774,0.672750236466527,0.5513324588537216,0.07393240369856358,0.0,0.0,0.0
291,0.4772043228149414,0.6640999764204025,0.5511702783405781,0.07396595366299152,0.0,0.0,0.0
292,0.47715239878743887,0.6629792153835297,0.5511121079325676,0.07395970588549972,0.0,0.0,0.0
293,0.4769624639302492,0.6685855314135551,0.5509964469820261,0.0740339863114059,0.0,0.0,0.0
294,0.47643032670021057,0.6686272714287043,0.5505384504795074,0.07410812377929688,0.0,0.0,0.0
295,0.476032380014658,0.6729603447020054,0.5501301866024733,0.07409780658781528,0.0,0.0,0.0
296,0.47557038627564907,0.6623186022043228,0.5497600696980953,0.07418968388810754,0.0,0.0,0.0
297,0.47593762446194887,0.6667735669761896,0.5501242596656084,0.07418663846328855,0.0,0.0,0.0
298,0.474634257145226,0.6617631539702415,0.5489123668521643,0.07427810365334153,0.0,0.0,0.0
299,0.4742629025131464,0.6467341687530279,0.5486209942027926,0.07435809029266238,0.0,0.0,0.0
300,0.4740586243569851,0.6654009707272053,0.5484601687639952,0.07440154673531651,0.0,0.0,0.0
301,0.47295030020177364,0.651349269784987,0.5473946249112487,0.07444432144984603,0.0,0.0,0.0
302,0.47218209970742464,0.6497519565746188,0.5467056222259998,0.0745235257782042,0.0,0.0,0.0
303,0.4713098471984267,0.6648351065814495,0.5458653457462788,0.07455549668520689,0.0,0.0,0.0
304,0.4699735725298524,0.6372376158833504,0.5445694224908948,0.07459584483876824,0.0,0.0,0.0
305,0.4688200345262885,0.6539996694773436,0.5435903202742338,0.0747702824883163,0.0,0.0,0.0
306,0.4669271130114794,0.6542427148669958,0.5417800210416317,0.0748529126867652,0.0,0.0,0.0
307,0.46462332457304,0.6446138136088848,0.5395519081503153,0.07492858869954944,0.0,0.0,0.0
308,0.4623706294223666,0.6468979828059673,0.5374749414622784,0.07510430924594402,0.0,0.0,0.0
309,0.4603487867861986,0.66172144562006,0.5355792213231325,0.07523043313995004,0.0,0.0,0.0
310,0.4585119755938649,0.6320992643013597,0.5338392741978168,0.07532730000093579,0.0,0.0,0.0
311,0.45667458325624466,0.6457222979515791,0.532034257426858,0.07535967417061329,0.0,0.0,0.0
312,0.4547999072819948,0.6411929214373231,0.5302538145333529,0.07545390632003546,0.0,0.0,0.0
313,0.4536716379225254,0.6623564884066582,0.5293468441814184,0.0756752141751349,0.0,0.0,0.0
314,0.45175063982605934,0.6527258846908808,0.5276101566851139,0.07585951872169971,0.0,0.0,0.0
315,0.45036432333290577,0.645633690059185,0.5262850392609835,0.0759207122027874,0.0,0.0,0.0
316,0.4491331949830055,0.6350508304312825,0.5252765323966742,0.07614334160462022,0.0,0.0,0.0
317,0.44941531866788864,0.6295926850289106,0.5258070779964328,0.07639176631346345,0.0,0.0,0.0
318,0.4476214852184057,0.6391401700675488,0.5242080520838499,0.07658656127750874,0.0,0.0,0.0
319,0.44718415290117264,0.6468506921082735,0.5240263361483812,0.0768421869724989,0.0,0.0,0.0
320,0.4458601512014866,0.6347798686474562,0.5229455921798944,0.07708543725311756,0.0,0.0,0.0
321,0.4448425811715424,0.6276807682588696,0.5220625568181276,0.07721998263150454,0.0,0.0,0.0
322,0.4440983412787318,0.6272080410271883,0.5215364433825016,0.07743810443207622,0.0,0.0,0.0
323,0.4444995867088437,0.6386159099638462,0.52213941141963,0.07763982331380248,0.0,0.0,0.0
324,0.4426528047770262,0.6376382727175951,0.52052260376513,0.07786979898810387,0.0,0.0,0.0
325,0.4422085788100958,0.628982549533248,0.5203390996903181,0.07813051855191588,0.0,0.0,0.0
326,0.44141766242682934,0.6335885524749756,0.5197536647319794,0.07833599718287587,0.0,0.0,0.0
327,0.4412549491971731,0.6286575943231583,0.5197551380842924,0.07850019261240959,0.0,0.0,0.0
328,0.4412048887461424,0.6247286265715957,0.5199753995984793,0.07877051457762718,0.0,0.0,0.0
329,0.4399664122611284,0.6334822624921799,0.5189679227769375,0.07900151330977678,0.0,0.0,0.0
330,0.43941959273070097,0.6264193374663591,0.5185829289257526,0.07916333246976137,0.0,0.0,0.0
331,0.4388195127248764,0.6099003199487925,0.5182091370224953,0.07938962057232857,0.0,0.0,0.0
332,0.4384287679567933,0.6311057135462761,0.5180335473269224,0.07960477937012911,0.0,0.0,0.0
333,0.43796639516949654,0.6352078001946211,0.5178480986505747,0.07988170068711042,0.0,0.0,0.0
334,0.4386008335277438,0.624723413027823,0.5187084916979074,0.08010765351355076,0.0,0.0,0.0
335,0.43730595614761114,0.6089973347261548,0.5176044683903456,0.0802985061891377,0.0,0.0,0.0
336,0.43646545242518187,0.6246506497263908,0.5169262457638979,0.08046080125495791,0.0,0.0,0.0
337,0.43634355533868074,0.6138978004455566,0.5169990882277489,0.0806555300951004,0.0,0.0,0.0
338,0.435498327948153,0.6114268079400063,0.5163661409169436,0.08086781995370984,0.0,0.0,0.0
339,0.4347235346212983,0.6193477958440781,0.5157704390585423,0.08104690117761493,0.0,0.0,0.0
340,0.43472764641046524,0.6417395621538162,0.5159384682774544,0.08121081814169884,0.0,0.0,0.0
341,0.4339387081563473,0.5911913942545652,0.5153117552399635,0.0813730456866324,0.0,0.0,0.0
342,0.4335266863927245,0.6319188065826893,0.5150991082191467,0.08157242694869637,0.0,0.0,0.0
343,0.43423426896333694,0.5974314659833908,0.5160194803029299,0.08178520621731877,0.0,0.0,0.0
344,0.43277924973517656,0.6177428960800171,0.5148321632295847,0.08205291396006942,0.0,0.0,0.0
345,0.43395102582871914,0.6123820468783379,0.5161717254668474,0.08222070289775729,0.0,0.0,0.0
346,0.4318147636950016,0.614989073947072,0.5142375025898218,0.08242273097857833,0.0,0.0,0.0
347,0.4319657776504755,0.6159624382853508,0.5145183950662613,0.08255262114107609,0.0,0.0,0.0
348,0.43092158949002624,0.6068318476900458,0.5136129911988974,0.08269140589982271,0.0,0.0,0.0
349,0.4305264372378588,0.6203539706766605,0.5133409658446908,0.0828145295381546,0.0,0.0,0.0
350,0.4307535579428077,0.6175542194396257,0.513819882646203,0.08306632284075022,0.0,0.0,0.0
351,0.43011018075048923,0.6022038171067834,0.5133587997406721,0.08324862504377961,0.0,0.0,0.0
352,0.4300149651244283,0.6144077125936747,0.5133610405027866,0.08334607537835836,0.0,0.0,0.0
353,0.4291942613199353,0.6277525257319212,0.5127518251538277,0.08355756383389235,0.0,0.0,0.0
354,0.4284531529992819,0.6189569756388664,0.5121888965368271,0.08373574400320649,0.0,0.0,0.0
355,0.42840038426220417,0.6193292420357466,0.512269526720047,0.08386914106085896,0.0,0.0,0.0
356,0.42797680757939816,0.6157525423914194,0.5119986943900585,0.08402188401669264,0.0,0.0,0.0
357,0.4286911999806762,0.6085757203400135,0.5128395985811949,0.084148402325809,0.0,0.0,0.0
358,0.42867166735231876,0.6175319906324148,0.513118552044034,0.08444688562303782,0.0,0.0,0.0
359,0.4267266499809921,0.6079377001151443,0.5113619565963745,0.08463530614972115,0.0,0.0,0.0
360,0.42678167298436165,0.6216510459780693,0.5115128625184298,0.08473118534311652,0.0,0.0,0.0
361,0.42691785376518965,0.6143869366496801,0.5118507891893387,0.08493294147774577,0.0,0.0,0.0
362,0.42606549989432096,0.6083988696336746,0.51118104159832,0.08511554403230548,0.0,0.0,0.0
363,0.42530322074890137,0.6090349704027176,0.5105108842253685,0.08520765881985426,0.0,0.0,0.0
364,0.42521140165627,0.6013611825183034,0.5105411428958178,0.08532974403351545,0.0,0.0,0.0
365,0.4249381944537163,0.6115011442452669,0.5104801580309868,0.08554195938631892,0.0,0.0,0.0
366,0.42553985863924026,0.6092798681929708,0.5112224649637938,0.08568260120227933,0.0,0.0,0.0
367,0.4243052853271365,0.6024939492344856,0.5101596154272556,0.08585433196276426,0.0,0.0,0.0
368,0.4239183310419321,0.6094037378206849,0.5098846573382616,0.0859663300216198,0.0,0.0,0.0
369,0.42412934731692076,0.6024027429521084,0.5101994965225458,0.08607014361768961,0.0,0.0,0.0
370,0.4236972276121378,0.6013589911162853,0.50992676243186,0.08622953109443188,0.0,0.0,0.0
371,0.4235838670283556,0.6044951397925615,0.509931655600667,0.08634778670966625,0.0,0.0,0.0
372,0.4227251308038831,0.5986319277435541,0.5091936364769936,0.08646850707009435,0.0,0.0,0.0
373,0.4227764252573252,0.6003449726849794,0.5093087553977966,0.08653233153745532,0.0,0.0,0.0
374,0.4225251991301775,0.604498153552413,0.5091382712125778,0.08661306975409389,0.0,0.0,0.0
375,0.42244789842516184,0.6142139062285423,0.5092138992622495,0.08676600595936179,0.0,0.0,0.0
376,0.4216304263100028,0.6098693124949932,0.5085298698395491,0.08689943933859468,0.0,0.0,0.0
377,0.42138142697513103,0.6066154390573502,0.508361354470253,0.08697992889210582,0.0,0.0,0.0
378,0.4212451595813036,0.6141004599630833,0.5082668829709291,0.08702172385528684,0.0,0.0,0.0
379,0.4218106516636908,0.6087362188845873,0.5089347129687667,0.08712406177073717,0.0,0.0,0.0
380,0.4206270817667246,0.6059587262570858,0.5079515147954226,0.08732443628832698,0.0,0.0,0.0
381,0.4207046553492546,0.5839754985645413,0.5080682206898928,0.08736356161534786,0.0,0.0,0.0
382,0.4201956205070019,0.6125883013010025,0.5076329372823238,0.08743731258437037,0.0,0.0,0.0
383,0.42115153279155493,0.6008403124287724,0.5086526181548834,0.08750108629465103,0.0,0.0,0.0
384,0.4203878380358219,0.6036944929510355,0.5080402512103319,0.08765241922810674,0.0,0.0,0.0
385,0.4204959492199123,0.6035191928967834,0.5082711670547724,0.08777521643787622,0.0,0.0,0.0
386,0.4199505727738142,0.6155719235539436,0.507753923535347,0.08780335122719407,0.0,0.0,0.0
387,0.4194593783468008,0.6008040122687817,0.507276700809598,0.08781731966882944,0.0,0.0,0.0
388,0.41942897997796535,0.6141242384910583,0.5074066016823053,0.08797761891037226,0.0,0.0,0.0
389,0.41930204443633556,0.6061046421527863,0.5073096975684166,0.08800765546038747,0.0,0.0,0.0
390,0.41947869025170803,0.5967604788020253,0.5076195541769266,0.08814086439087987,0.0,0.0,0.0
391,0.41880202386528254,0.5905775437131524,0.5069830156862736,0.08818099880591035,0.0,0.0,0.0
392,0.41856358852237463,0.5999384615570307,0.5067831445485353,0.08821955462917686,0.0,0.0,0.0
393,0.41841198690235615,0.6164037454873323,0.5067387260496616,0.0883267386816442,0.0,0.0,0.0
394,0.41901250276714563,0.5983284497633576,0.5073805190622807,0.08836801396682858,0.0,0.0,0.0
395,0.41778083983808756,0.6152726076543331,0.5062344633042812,0.08845361741259694,0.0,0.0,0.0
396,0.4198462078347802,0.6106647755950689,0.5084129478782415,0.08856674004346132,0.0,0.0,0.0
397,0.4178994530811906,0.596588896587491,0.5064937975257635,0.08859434351325035,0.0,0.0,0.0
398,0.4178265151567757,0.5925847934558988,0.506445194594562,0.08861867990344763,0.0,0.0,0.0
399,0.41760635282844305,0.6043114233762026,0.506263418123126,0.08865706669166684,0.0,0.0,0.0
400,0.41758341435343027,0.5984307006001472,0.5063529964536428,0.08876958070322871,0.0,0.0,0.0
401,0.41748642176389694,0.6145891081541777,0.5063573308289051,0.08887090347707272,0.0,0.0,0.0
402,0.41790960635989904,0.5874952264130116,0.5067787040024996,0.08886910462751985,0.0,0.0,0.0
403,0.4180891299620271,0.6022073021158576,0.5070289336144924,0.0889398087747395,0.0,0.0,0.0
404,0.4168792609125376,0.5952014550566673,0.5058760102838278,0.08899674657732248,0.0,0.0,0.0
405,0.4180877488106489,0.6087855882942677,0.507061330601573,0.08897358039394021,0.0,0.0,0.0
406,0.4164655264467001,0.590201273560524,0.5055677872151136,0.08910225983709097,0.0,0.0,0.0
407,0.4166331999003887,0.5847722087055445,0.5057807415723801,0.0891475435346365,0.0,0.0,0.0
408,0.41637962497770786,0.6093718074262142,0.5055619813501835,0.08918235125020146,0.0,0.0,0.0
409,0.4165756907314062,0.5917734727263451,0.505806090310216,0.08923039538785815,0.0,0.0,0.0
410,0.4169836798682809,0.6002582311630249,0.5062916949391365,0.08930802019312978,0.0,0.0,0.0
411,0.41639771964401007,0.6115509513765574,0.5057865213602781,0.08938880218192935,0.0,0.0,0.0
412,0.4168789768591523,0.58889040350914,0.5062543228268623,0.08937534270808101,0.0,0.0,0.0
413,0.41598389530554414,0.5892290053889155,0.5053692851215601,0.08938539074733853,0.0,0.0,0.0
414,0.41658796463161707,0.5996626364067197,0.5060531571507454,0.08946519577875733,0.0,0.0,0.0
415,0.4156413860619068,0.5997702665627003,0.5052239987999201,0.08958260994404554,0.0,0.0,0.0
416,0.41543402522802353,0.5930527737364173,0.5050547309219837,0.08962070709094405,0.0,0.0,0.0
417,0.4158717580139637,0.5950269233435392,0.5055708754807711,0.0896991272456944,0.0,0.0,0.0
418,0.415007509291172,0.6080745998769999,0.5046756938099861,0.08966818219050765,0.0,0.0,0.0
419,0.41490784753113985,0.5961466822773218,0.5045477151870728,0.0896398639306426,0.0,0.0,0.0
420,0.41593571845442057,0.5974860163405538,0.5056913085281849,0.08975558774545789,0.0,0.0,0.0
421,0.4149278271943331,0.5918236039578915,0.5046821366995573,0.08975430438295007,0.0,0.0,0.0
422,0.41470129508525133,0.5881535327062011,0.5044268611818552,0.08972556749358773,0.0,0.0,0.0
423,0.4148659575730562,0.615548575296998,0.5046131666749716,0.08974722074344754,0.0,0.0,0.0
424,0.41500895749777555,0.5904166791588068,0.5048958016559482,0.08988683670759201,0.0,0.0,0.0
425,0.41455274634063244,0.5894613908603787,0.5044774692505598,0.0899247215129435,0.0,0.0,0.0
426,0.4143809759989381,0.6032319720834494,0.5043071806430817,0.08992620836943388,0.0,0.0,0.0
427,0.4142978060990572,0.5969148306176066,0.5042870817705989,0.08998927427455783,0.0,0.0,0.0
428,0.413925988599658,0.5899155596271157,0.5039407769218087,0.09001479297876358,0.0,0.0,0.0
429,0.4142083106562495,0.6046797027811408,0.5042114276438951,0.09000312071293592,0.0,0.0,0.0
430,0.41400445718318224,0.5873587634414434,0.5040344996377826,0.0900300438515842,0.0,0.0,0.0
431,0.41392164258286357,0.5903611173853278,0.5039862841367722,0.09006463643163443,0.0,0.0,0.0
432,0.4137584753334522,0.6051241755485535,0.5038128904998302,0.09005441563203931,0.0,0.0,0.0
433,0.4136598454788327,0.5728006865829229,0.5037629390135407,0.09010309027507901,0.0,0.0,0.0
434,0.4141185702756047,0.5962762841954827,0.5042230617254972,0.09010449377819896,0.0,0.0,0.0
435,0.4131804285570979,0.5937990257516503,0.5033454075455666,0.09016498178243637,0.0,0.0,0.0
436,0.4131959811784327,0.5952785899862647,0.5033715600147843,0.09017557324841619,0.0,0.0,0.0
437,0.4128681914880872,0.6034660469740629,0.5030752141028643,0.09020702261477709,0.0,0.0,0.0
438,0.41320289857685566,0.6086722472682595,0.5033954307436943,0.09019252937287092,0.0,0.0,0.0
439,0.41312086395919323,0.6146169155836105,0.5033825077116489,0.09026164142414927,0.0,0.0,0.0
440,0.41311115026474,0.5979790277779102,0.5033656172454357,0.09025446604937315,0.0,0.0,0.0
441,0.41293218173086643,0.6083481907844543,0.5031827241182327,0.0902505423873663,0.0,0.0,0.0
442,0.4130473639816046,0.5824540695175529,0.5033088577911258,0.09026149287819862,0.0,0.0,0.0
443,0.4126992058008909,0.6065609082579613,0.5029702670872211,0.0902710659429431,0.0,0.0,0.0
444,0.4132584687322378,0.6155299469828606,0.5035339575260878,0.09027549205347896,0.0,0.0,0.0
445,0.4121807664632797,0.6192634012550116,0.5024320296943188,0.09025126323103905,0.0,0.0,0.0
446,0.412304462864995,0.5948348455131054,0.502516757696867,0.090212298091501,0.0,0.0,0.0
447,0.4128195196390152,0.6015137797221541,0.5030786767601967,0.0902591529302299,0.0,0.0,0.0
448,0.41218408290296793,0.5964214969426394,0.5024880468845367,0.0903039607219398,0.0,0.0,0.0
449,0.4123971974477172,0.5944456309080124,0.502662617713213,0.09026542026549578,0.0,0.0,0.0
450,0.4115645680576563,0.5973923094570637,0.5018211249262094,0.09025656012818217,0.0,0.0,0.0
451,0.41204671980813146,0.589960740879178,0.50229861587286,0.09025189327076077,0.0,0.0,0.0
452,0.4121027747169137,0.5902753453701735,0.5023772548884153,0.09027448203414679,0.0,0.0,0.0
453,0.411770005710423,0.5821152357384562,0.5020505366846919,0.09028053050860763,0.0,0.0,0.0
454,0.41160872392356396,0.5910538677126169,0.501857653260231,0.09024893306195736,0.0,0.0,0.0
455,0.4128306517377496,0.5916371247731149,0.5030713714659214,0.0902407206594944,0.0,0.0,0.0
456,0.4117122311145067,0.6130520515143871,0.5019668079912663,0.09025457827374339,0.0,0.0,0.0
457,0.411918468773365,0.6061678156256676,0.5021786782890558,0.09026020858436823,0.0,0.0,0.0
458,0.4116966896690428,0.578289208933711,0.5019671395421028,0.09027044894173741,0.0,0.0,0.0
459,0.4114580722525716,0.5838661771267653,0.5017112102359533,0.09025313751772046,0.0,0.0,0.0
460,0.4109231112524867,0.5862860949710011,0.5011571273207664,0.09023401979357004,0.0,0.0,0.0
461,0.41178933903574944,0.5984297338873148,0.5020379070192575,0.09024856751784682,0.0,0.0,0.0
462,0.41133545711636543,0.5954499952495098,0.5015938840806484,0.09025842789560556,0.0,0.0,0.0
463,0.4110685009509325,0.586172666400671,0.5013163760304451,0.09024787601083517,0.0,0.0,0.0
464,0.4106259634718299,0.600552948191762,0.500847764313221,0.0902217929251492,0.0,0.0,0.0
465,0.41149330884218216,0.5913544986397028,0.5017106477171183,0.09021734772250056,0.0,0.0,0.0
466,0.41129038855433464,0.5994106121361256,0.5014823526144028,0.09019196918234229,0.0,0.0,0.0
467,0.4109345693141222,0.5935707157477736,0.5010992493480444,0.09016467723995447,0.0,0.0,0.0
468,0.4110498186200857,0.6061677597463131,0.5011895354837179,0.09013971500098705,0.0,0.0,0.0
469,0.41051829140633345,0.594700401648879,0.5005748420953751,0.09005654416978359,0.0,0.0,0.0
470,0.4107813108712435,0.5981718823313713,0.5007749032229185,0.08999359421432018,0.0,0.0,0.0
471,0.4108106177300215,0.6057272255420685,0.5007913075387478,0.08998068608343601,0.0,0.0,0.0
472,0.41024558059871197,0.5855022547766566,0.5002008490264416,0.08995527401566505,0.0,0.0,0.0
473,0.41033422388136387,0.597520500421524,0.5003016889095306,0.08996746223419905,0.0,0.0,0.0
474,0.4104702714830637,0.5959798749536276,0.5003909450024366,0.08992067445069551,0.0,0.0,0.0
475,0.41006891056895256,0.5907948072999716,0.49995300732553005,0.08988409861922264,0.0,0.0,0.0
476,0.41023765224963427,0.5928717637434602,0.5000993935391307,0.08986173802986741,0.0,0.0,0.0
477,0.41054150089621544,0.5891685504466295,0.5004315190017223,0.08989001950249076,0.0,0.0,0.0
478,0.40994655853137374,0.6034469110891223,0.4998059831559658,0.08985942276194692,0.0,0.0,0.0
479,0.41004721401259303,0.5854786308482289,0.4998458418995142,0.08979862183332443,0.0,0.0,0.0
480,0.4103416018188,0.599621519446373,0.5000778380781412,0.0897362413816154,0.0,0.0,0.0
481,0.4100641906261444,0.6052280068397522,0.4996790960431099,0.08961490401998162,0.0,0.0,0.0
482,0.4102231888100505,0.5952233858406544,0.4997729994356632,0.08954980969429016,0.0,0.0,0.0
483,0.40987488348037004,0.595432436093688,0.4994683191180229,0.08959343517199159,0.0,0.0,0.0
484,0.40976586006581783,0.5922340806573629,0.4993004761636257,0.08953461889177561,0.0,0.0,0.0
485,0.4096794994547963,0.5849331840872765,0.49916164949536324,0.08948215190321207,0.0,0.0,0.0
486,0.40968952514231205,0.6020015757530928,0.49916451796889305,0.08947499841451645,0.0,0.0,0.0
487,0.40937140211462975,0.6003077514469624,0.49874828569591045,0.08937688171863556,0.0,0.0,0.0
488,0.40954272355884314,0.5963002741336823,0.4988452810794115,0.08930255705490708,0.0,0.0,0.0
489,0.4096775595098734,0.6064817812293768,0.49896625615656376,0.0892886952497065,0.0,0.0,0.0
490,0.40930559672415257,0.5998942982405424,0.4985682014375925,0.0892625986598432,0.0,0.0,0.0
491,0.4097895445302129,0.5827674297615886,0.4990231730043888,0.08923362661153078,0.0,0.0,0.0
492,0.41031417716294527,0.5800215173512697,0.49948837980628014,0.08917421149089932,0.0,0.0,0.0
493,0.409055819734931,0.5902309566736221,0.49813239835202694,0.08907657163217664,0.0,0.0,0.0
494,0.40963560435920954,0.598388884216547,0.4986767079681158,0.08904110034927726,0.0,0.0,0.0
495,0.40895191533491015,0.5906657129526138,0.49789194483309984,0.08894002484157681,0.0,0.0,0.0
496,0.4110071640461683,0.5828623054549098,0.49991156347095966,0.08890440547838807,0.0,0.0,0.0
497,0.4086172264069319,0.5950822085142136,0.4974536541849375,0.08883643010631204,0.0,0.0,0.0
498,0.40970711410045624,0.6008853036910295,0.498421024531126,0.08871391415596008,0.0,0.0,0.0
499,0.4091433882713318,0.6028514020144939,0.49785823933780193,0.08871485246345401,0.0,0.0,0.0
500,0.4096581880003214,0.5839118184521794,0.49827923625707626,0.088621043600142,0.0,0.0,0.0
501,0.4087203713133931,0.5993056297302246,0.49727228097617626,0.08855191292241216,0.0,0.0,0.0
502,0.40876881033182144,0.5784356575459242,0.4972738027572632,0.08850499894469976,0.0,0.0,0.0
503,0.40875989757478237,0.5892498530447483,0.49720831774175167,0.08844842342659831,0.0,0.0,0.0
504,0.40900318045169115,0.5976104754954576,0.49734128825366497,0.08833810314536095,0.0,0.0,0.0
505,0.4084645053371787,0.5922915432602167,0.4967235494405031,0.08825905108824372,0.0,0.0,0.0
506,0.40874616988003254,0.5796740241348743,0.49698558915406466,0.08823942206799984,0.0,0.0,0.0
507,0.4087626338005066,0.5854241605848074,0.4969029314815998,0.0881402981467545,0.0,0.0,0.0
508,0.40852638240903616,0.590982518158853,0.49655511043965816,0.0880287317559123,0.0,0.0,0.0
509,0.4094662144780159,0.5888507086783648,0.4974477346986532,0.08798151882365346,0.0,0.0,0.0
510,0.40888688899576664,0.5902253668755293,0.4967777580022812,0.08789086993783712,0.0,0.0,0.0
511,0.4083556402474642,0.5898398719727993,0.4961190950125456,0.08776345569640398,0.0,0.0,0.0
512,0.40837001893669367,0.583767925389111,0.49608780816197395,0.087717788759619,0.0,0.0,0.0
513,0.40829278342425823,0.5871631810441613,0.49593911319971085,0.08764633722603321,0.0,0.0,0.0
514,0.4083682792261243,0.5997082851827145,0.49591274932026863,0.08754447475075722,0.0,0.0,0.0
515,0.40842344518750906,0.5787060335278511,0.4958902960643172,0.08746685227379203,0.0,0.0,0.0
516,0.40802926616743207,0.5764760142192245,0.4953689184039831,0.0873396540991962,0.0,0.0,0.0
517,0.40847659297287464,0.5948457904160023,0.4956979025155306,0.08722130907699466,0.0,0.0,0.0
518,0.40777820255607367,0.5875244373455644,0.49494332540780306,0.08716512518003583,0.0,0.0,0.0
519,0.4077713522128761,0.5917585585266352,0.49486475344747305,0.08709339937195182,0.0,0.0,0.0
520,0.4090813063085079,0.6105102114379406,0.49611499533057213,0.0870336894877255,0.0,0.0,0.0
521,0.4078402705490589,0.5775310192257166,0.4947575544938445,0.08691728208214045,0.0,0.0,0.0
522,0.4086178271099925,0.5945199318230152,0.49536585342139006,0.08674802538007498,0.0,0.0,0.0
523,0.41034986823797226,0.6016861535608768,0.4970715995877981,0.08672172809019685,0.0,0.0,0.0
524,0.40743717085570097,0.5920186843723059,0.4940415434539318,0.08660436887294054,0.0,0.0,0.0
525,0.4082892592996359,0.595172731205821,0.4947453271597624,0.08645606832578778,0.0,0.0,0.0
526,0.4075536821037531,0.5721583422273397,0.4939187839627266,0.08636510325595737,0.0,0.0,0.0
527,0.4086913848295808,0.5826390190050006,0.4949318878352642,0.08624049928039312,0.0,0.0,0.0
528,0.4076112564653158,0.5768014979548752,0.49374967254698277,0.0861384212039411,0.0,0.0,0.0
529,0.4076615087687969,0.60726098716259,0.4937285725027323,0.08606706513091922,0.0,0.0,0.0
530,0.4076958177611232,0.588990586809814,0.49365079402923584,0.08595497813075781,0.0,0.0,0.0
531,0.40722758509218693,0.5873715421184897,0.4930768785998225,0.08584929211065173,0.0,0.0,0.0
532,0.4072736967355013,0.592992527410388,0.49300761334598064,0.08573391567915678,0.0,0.0,0.0
533,0.4071335317566991,0.6036895662546158,0.4927739929407835,0.08564045559614897,0.0,0.0,0.0
534,0.4068525293841958,0.5670368364080787,0.4923951458185911,0.08554261270910501,0.0,0.0,0.0
535,0.40746177081018686,0.585546457208693,0.49286459013819695,0.08540281699970365,0.0,0.0,0.0
536,0.4070090278983116,0.5906678307801485,0.49227823689579964,0.08526920853182673,0.0,0.0,0.0
537,0.4074830003082752,0.5992282275110483,0.49264901131391525,0.08516600774601102,0.0,0.0,0.0
538,0.4069419391453266,0.5962055455893278,0.491959098726511,0.0850171628408134,0.0,0.0,0.0
539,0.40640368685126305,0.5990149229764938,0.4913284108042717,0.08492473140358925,0.0,0.0,0.0
540,0.4071985287591815,0.5845547448843718,0.4920047242194414,0.08480619732290506,0.0,0.0,0.0
541,0.4074074439704418,0.5992349181324244,0.4921379033476114,0.08473045798018575,0.0,0.0,0.0
542,0.4067863440141082,0.5823428984731436,0.4913733508437872,0.08458700077608228,0.0,0.0,0.0
543,0.40701641514897346,0.5928588267415762,0.49141036346554756,0.08439394924789667,0.0,0.0,0.0
544,0.4068141779862344,0.5809356411918998,0.49108492117375135,0.08427074598148465,0.0,0.0,0.0
545,0.4065469680353999,0.5964411394670606,0.4907064577564597,0.08415948646143079,0.0,0.0,0.0
546,0.4071862525306642,0.5863819560036063,0.491264034062624,0.08407777734100819,0.0,0.0,0.0
547,0.40631902404129505,0.5877449689432979,0.49023998621851206,0.0839209626428783,0.0,0.0,0.0
548,0.40745703037828207,0.5915437014773488,0.4912131652235985,0.08375613344833255,0.0,0.0,0.0
549,0.4063423089683056,0.6015390623360872,0.48999883234500885,0.08365652104839683,0.0,0.0,0.0
550,0.40696608647704124,0.5949647258967161,0.49047608859837055,0.08350999606773257,0.0,0.0,0.0
551,0.40638925693929195,0.5952872689813375,0.48974434845149517,0.08335509011521935,0.0,0.0,0.0
552,0.4063670262694359,0.577282085083425,0.4896218879148364,0.08325486071407795,0.0,0.0,0.0
553,0.4066958921030164,0.5950325597077608,0.4898577779531479,0.08316188491880894,0.0,0.0,0.0
554,0.40648168977349997,0.5893698986619711,0.4896306712180376,0.08314898004755378,0.0,0.0,0.0
555,0.40625676326453686,0.5876390244811773,0.4893680354580283,0.0831112815067172,0.0,0.0,0.0
556,0.4057634584605694,0.5953876404091716,0.4888760205358267,0.08311256067827344,0.0,0.0,0.0
557,0.4067251989617944,0.5822356920689344,0.4897920098155737,0.08306680852547288,0.0,0.0,0.0
558,0.4066563546657562,0.5909928437322378,0.48968369234353304,0.0830273381434381,0.0,0.0,0.0
559,0.405944244004786,0.6031851284205914,0.48890327848494053,0.08295903261750937,0.0,0.0,0.0
560,0.4057934880256653,0.6080572046339512,0.4887414984405041,0.08294801134616137,0.0,0.0,0.0
561,0.40605105366557837,0.5905881272628903,0.4890583762899041,0.08300732262432575,0.0,0.0,0.0
562,0.4055862631648779,0.5916063077747822,0.4886130318045616,0.08302676538005471,0.0,0.0,0.0
563,0.40601287223398685,0.5894809514284134,0.4890512563288212,0.08303838176652789,0.0,0.0,0.0
564,0.4055965645238757,0.595820214599371,0.4887027684599161,0.08310620160773396,0.0,0.0,0.0
565,0.40544343646615744,0.5883978931233287,0.48856576438993216,0.083122325129807,0.0,0.0,0.0
566,0.4051209953613579,0.595644798129797,0.4882889408618212,0.08316794643178582,0.0,0.0,0.0
567,0.40648677852004766,0.5742667615413666,0.48977199755609035,0.08328521344810724,0.0,0.0,0.0
568,0.40653217816725373,0.5851022070273757,0.48989809211343527,0.0833659153431654,0.0,0.0,0.0
569,0.4054276626557112,0.5806228471919894,0.4887118823826313,0.0832842169329524,0.0,0.0,0.0
570,0.40670381020754576,0.5856777541339397,0.49008654803037643,0.08338273921981454,0.0,0.0,0.0
571,0.40567239932715893,0.5888169901445508,0.489047285169363,0.08337488677352667,0.0,0.0,0.0
572,0.40535293938592076,0.5734060714021325,0.48876895755529404,0.08341601304709911,0.0,0.0,0.0
573,0.40546055044978857,0.5814135959371924,0.48890361934900284,0.08344307076185942,0.0,0.0,0.0
574,0.40492162574082613,0.593832585029304,0.4883710155263543,0.08344939211383462,0.0,0.0,0.0
575,0.4051602426916361,0.5839521735906601,0.4886676911264658,0.08350744796916842,0.0,0.0,0.0
576,0.4047025367617607,0.5963927954435349,0.4882502444088459,0.08354770671576262,0.0,0.0,0.0
577,0.4050886044278741,0.5747031886130571,0.4885683301836252,0.08347972575575113,0.0,0.0,0.0
578,0.4050392974168062,0.5863570189103484,0.4886034410446882,0.08356413524597883,0.0,0.0,0.0
579,0.40513415448367596,0.5919361636042595,0.48874465376138687,0.08361050114035606,0.0,0.0,0.0
580,0.4046754101291299,0.5950517021119595,0.4883280713111162,0.0836526621133089,0.0,0.0,0.0
581,0.40518556628376245,0.5844071824103594,0.4888480342924595,0.08366247406229377,0.0,0.0,0.0
582,0.40493712620809674,0.5943289883434772,0.48861584812402725,0.0836787261068821,0.0,0.0,0.0
583,0.40508390218019485,0.5993582848459482,0.48874566331505775,0.08366176392883062,0.0,0.0,0.0
584,0.4045745087787509,0.5881111295893788,0.48829266894608736,0.0837181587703526,0.0,0.0,0.0
585,0.40479767601937056,0.5657801823690534,0.4886067844927311,0.08380910428240895,0.0,0.0,0.0
586,0.4046609131619334,0.5862141512334347,0.4884691732004285,0.0838082623668015,0.0,0.0,0.0
587,0.40496434923261404,0.6043528281152248,0.48871342837810516,0.083749083802104,0.0,0.0,0.0
588,0.4046322191134095,0.5852264678105712,0.4884366448968649,0.08380442811176181,0.0,0.0,0.0
589,0.4059104863554239,0.5881984233856201,0.4897504299879074,0.08383994735777378,0.0,0.0,0.0
590,0.4056861447170377,0.5925148874521255,0.4895192440599203,0.08383309980854392,0.0,0.0,0.0
591,0.40652538649737835,0.5931672044098377,0.4903072938323021,0.08378190780058503,0.0,0.0,0.0
592,0.40505662094801664,0.583547449670732,0.48896706476807594,0.08391044707968831,0.0,0.0,0.0
593,0.40521135926246643,0.5848904605954885,0.4890550374984741,0.08384367590770125,0.0,0.0,0.0
594,0.4042095234617591,0.5869770497083664,0.48805864714086056,0.08384912740439177,0.0,0.0,0.0
595,0.40477409679442644,0.5981011521071196,0.4886343777179718,0.0838602720759809,0.0,0.0,0.0
596,0.4046040871180594,0.583114274777472,0.48849815409630537,0.08389407023787498,0.0,0.0,0.0
597,0.40461611188948154,0.5908803660422564,0.48856005631387234,0.08394394954666495,0.0,0.0,0.0
598,0.4041746938601136,0.5801420630887151,0.4881022069603205,0.08392751216888428,0.0,0.0,0.0
599,0.4047985151410103,0.5912356302142143,0.4889046214520931,0.08410610305145383,0.0,0.0,0.0
600,0.4044611882418394,0.5926097230985761,0.4885071236640215,0.08404593076556921,0.0,0.0,0.0
601,0.403810640797019,0.5920687168836594,0.48783032037317753,0.08401968097314239,0.0,0.0,0.0
602,0.40455351024866104,0.6074502263218164,0.4885923434048891,0.08403883501887321,0.0,0.0,0.0
603,0.40428161807358265,0.5873884204775095,0.48836060613393784,0.08407898480072618,0.0,0.0,0.0
604,0.4045234671793878,0.57591472286731,0.4885830609127879,0.0840595974586904,0.0,0.0,0.0
605,0.4044924108311534,0.5958825647830963,0.4885941743850708,0.08410176262259483,0.0,0.0,0.0
606,0.40434226859360933,0.5955275390297174,0.4885361324995756,0.08419386297464371,0.0,0.0,0.0
607,0.4039658438414335,0.5926932357251644,0.48813016898930073,0.08416432421654463,0.0,0.0,0.0
608,0.4043227816000581,0.5755571033805609,0.4885726058855653,0.08424982288852334,0.0,0.0,0.0
609,0.40548111870884895,0.594390382990241,0.4897401351481676,0.08425902342423797,0.0,0.0,0.0
610,0.4039377677254379,0.580458598677069,0.4881745632737875,0.08423679787665606,0.0,0.0,0.0
611,0.40374172758311033,0.5865794299170375,0.487977959215641,0.08423622883856297,0.0,0.0,0.0
612,0.4049869179725647,0.5751575799658895,0.4892213735729456,0.08423445513471961,0.0,0.0,0.0
613,0.40400914289057255,0.5904997456818819,0.4882806818932295,0.08427154459059238,0.0,0.0,0.0
614,0.40381766576319933,0.5731101026758552,0.48804974742233753,0.08423208352178335,0.0,0.0,0.0
615,0.403972583822906,0.5728486031293869,0.4882504530251026,0.08427786501124501,0.0,0.0,0.0
616,0.40377112105488777,0.597670080140233,0.4881503861397505,0.08437926135957241,0.0,0.0,0.0
617,0.4039111752063036,0.5875440663658082,0.4882535059005022,0.08434232603758574,0.0,0.0,0.0
618,0.4045037692412734,0.5853026043623686,0.4889588598161936,0.08445508545264602,0.0,0.0,0.0
619,0.40352390240877867,0.596010317094624,0.4879686255007982,0.08444471703842282,0.0,0.0,0.0
620,0.40389587730169296,0.5882497457787395,0.48832046799361706,0.08442458417266607,0.0,0.0,0.0
621,0.4036640226840973,0.5907818162813783,0.48808953259140253,0.0844255113042891,0.0,0.0,0.0
622,0.40490672644227743,0.5879560895264149,0.48936936538666487,0.084462636616081,0.0,0.0,0.0
623,0.40331379789859056,0.592592615634203,0.48781012929975986,0.08449633046984673,0.0,0.0,0.0
624,0.404332397505641,0.5938880741596222,0.4888770096004009,0.08454461628571153,0.0,0.0,0.0
625,0.4033731734380126,0.5862158322706819,0.48786790668964386,0.08449473371729255,0.0,0.0,0.0
626,0.40328324399888515,0.5888030137866735,0.48772207275032997,0.08443883061408997,0.0,0.0,0.0
627,0.40408540703356266,0.5715158199891448,0.4886208027601242,0.0845353938639164,0.0,0.0,0.0
628,0.40365812461823225,0.5857415944337845,0.48818787932395935,0.08452974911779165,0.0,0.0,0.0
629,0.4035586407408118,0.5807977467775345,0.48807385191321373,0.08451520279049873,0.0,0.0,0.0
630,0.4036000627093017,0.5775309335440397,0.48810465447604656,0.08450458478182554,0.0,0.0,0.0
631,0.40329223684966564,0.5845447033643723,0.487797262147069,0.08450502483174205,0.0,0.0,0.0
632,0.4040367305278778,0.5953818950802088,0.4885937348008156,0.08455700753256679,0.0,0.0,0.0
633,0.40345735009759665,0.57808443531394,0.4880480170249939,0.08459066785871983,0.0,0.0,0.0
634,0.40417481400072575,0.5933387195691466,0.48883213847875595,0.08465732168406248,0.0,0.0,0.0
635,0.4030215870589018,0.5916364155709743,0.48762476444244385,0.0846031797118485,0.0,0.0,0.0
636,0.40335211530327797,0.5913024554029107,0.4879935011267662,0.08464138628914952,0.0,0.0,0.0
637,0.40298145450651646,0.6038256343454123,0.487662585452199,0.08468113001435995,0.0,0.0,0.0
638,0.4031649995595217,0.5814594756811857,0.48783646710217,0.08467146614566445,0.0,0.0,0.0
639,0.40287589095532894,0.5971317123621702,0.4876076951622963,0.08473180653527379,0.0,0.0,0.0
640,0.40285790897905827,0.6076406072825193,0.4875853396952152,0.08472743118181825,0.0,0.0,0.0
641,0.4035332640632987,0.5830135587602854,0.48827223200351,0.08473896095529199,0.0,0.0,0.0
642,0.403051539324224,0.5746790152043104,0.4878483470529318,0.08479680446907878,0.0,0.0,0.0
643,0.40318652242422104,0.5943491570651531,0.4879692979156971,0.0847827778197825,0.0,0.0,0.0
644,0.4029917288571596,0.5895884046331048,0.48778901994228363,0.08479728596284986,0.0,0.0,0.0
645,0.40334586054086685,0.591833645477891,0.48813527822494507,0.08478941628709435,0.0,0.0,0.0
646,0.4027365371584892,0.5941817760467529,0.4875428006052971,0.0848062657751143,0.0,0.0,0.0
647,0.40325048938393593,0.5761368433013558,0.4881050568073988,0.08485457254573703,0.0,0.0,0.0
648,0.40297150425612926,0.5870431158691645,0.4878398962318897,0.08486839523538947,0.0,0.0,0.0
649,0.4026998500339687,0.5851355884224176,0.487599628046155,0.08489977940917015,0.0,0.0,0.0
650,0.40294242184609175,0.5974981840699911,0.4878886565566063,0.08494623331353068,0.0,0.0,0.0
651,0.40329049434512854,0.5827929703518748,0.48823949601501226,0.08494900446385145,0.0,0.0,0.0
652,0.4031076217070222,0.5920460782945156,0.48807947523891926,0.08497185911983252,0.0,0.0,0.0
653,0.4028808753937483,0.5949691645801067,0.48788623698055744,0.08500536577776074,0.0,0.0,0.0
654,0.4030329594388604,0.597932631149888,0.4879944231361151,0.08496146509423852,0.0,0.0,0.0
655,0.40235776361078024,0.5997862666845322,0.48730726912617683,0.08494950691238046,0.0,0.0,0.0
656,0.4042438855394721,0.5999035201966763,0.4892235193401575,0.08497963612899184,0.0,0.0,0.0
657,0.40292446222156286,0.5865646488964558,0.48788746632635593,0.08496300876140594,0.0,0.0,0.0
658,0.40421401895582676,0.5875749727711082,0.48923137225210667,0.08501734584569931,0.0,0.0,0.0
659,0.40374451503157616,0.5935762692242861,0.4886959884315729,0.08495147386565804,0.0,0.0,0.0
660,0.40362116787582636,0.5788783859461546,0.48860396817326546,0.08498279890045524,0.0,0.0,0.0
661,0.4036525310948491,0.5732341511175036,0.4886339632794261,0.08498142939060926,0.0,0.0,0.0
662,0.40248034661635756,0.5903442557901144,0.48739150911569595,0.08491116436198354,0.0,0.0,0.0
663,0.40285264886915684,0.5974568966776133,0.4877231977880001,0.08487054845318198,0.0,0.0,0.0
664,0.40276183746755123,0.5855994140729308,0.48770794831216335,0.08494610898196697,0.0,0.0,0.0
665,0.4026524145156145,0.5967298932373524,0.48758752830326557,0.08493511332198977,0.0,0.0,0.0
666,0.40269687306135893,0.581150540150702,0.4875872265547514,0.0848903558216989,0.0,0.0,0.0
667,0.40427254885435104,0.5936606135219336,0.48927631601691246,0.08500376576557755,0.0,0.0,0.0
668,0.4029215322807431,0.5831360761076212,0.4879558589309454,0.08503432478755713,0.0,0.0,0.0
669,0.40291702188551426,0.5932868383824825,0.48788491636514664,0.08496789261698723,0.0,0.0,0.0
670,0.40298898331820965,0.5930866245180368,0.48794373497366905,0.08495475258678198,0.0,0.0,0.0
671,0.4024595273658633,0.5836540376767516,0.4874157942831516,0.08495626272633672,0.0,0.0,0.0
672,0.40345246996730566,0.5787677830085158,0.4883975852280855,0.08494511945173144,0.0,0.0,0.0
673,0.4037310117855668,0.5960724940523505,0.4885757751762867,0.08484476013109088,0.0,0.0,0.0
674,0.40267330780625343,0.5862918002530932,0.48751856945455074,0.08484526397660375,0.0,0.0,0.0
675,0.40450309216976166,0.5890307333320379,0.4894113466143608,0.084908252581954,0.0,0.0,0.0
676,0.40434542670845985,0.5919788964092731,0.489193819463253,0.084848387632519,0.0,0.0,0.0
677,0.40255166962742805,0.5852255169302225,0.48743755742907524,0.08488588826730847,0.0,0.0,0.0
678,0.40277494955807924,0.589751741848886,0.4876666637137532,0.08489171136170626,0.0,0.0,0.0
679,0.40296913497149944,0.5751250414177775,0.4878924898803234,0.08492335444316268,0.0,0.0,0.0
680,0.40308298729360104,0.5770935444161296,0.4880324322730303,0.0849494463764131,0.0,0.0,0.0
681,0.4028972564265132,0.5771498419344425,0.48783343005925417,0.08493617409840226,0.0,0.0,0.0
682,0.40300598181784153,0.5750458557158709,0.4880007654428482,0.08499478874728084,0.0,0.0,0.0
683,0.4029069757089019,0.5749690076336265,0.48790955543518066,0.08500257600098848,0.0,0.0,0.0
684,0.40256795287132263,0.5948728863149881,0.48753893189132214,0.08497098134830594,0.0,0.0,0.0
685,0.40325791481882334,0.5979441050440073,0.48828888684511185,0.08503097435459495,0.0,0.0,0.0
686,0.40293172653764486,0.5795493316836655,0.487987351603806,0.08505562134087086,0.0,0.0,0.0
687,0.40289104357361794,0.5705882832407951,0.4879644522443414,0.08507340680807829,0.0,0.0,0.0
688,0.4030942842364311,0.5942889992147684,0.4881417453289032,0.08504745876416564,0.0,0.0,0.0
689,0.40279851108789444,0.5866406327113509,0.48780117370188236,0.08500266168266535,0.0,0.0,0.0
690,0.40303258411586285,0.6000394122675061,0.48803437501192093,0.08500178949907422,0.0,0.0,0.0
691,0.4028904717415571,0.598044702783227,0.4879437927156687,0.08505331864580512,0.0,0.0,0.0
692,0.40219271555542946,0.5833923444151878,0.487237480469048,0.08504476258531213,0.0,0.0,0.0
693,0.4033993808552623,0.5727690439671278,0.4884787444025278,0.08507935935631394,0.0,0.0,0.0
694,0.40348265785723925,0.5920291487127542,0.48857731372117996,0.08509465819224715,0.0,0.0,0.0
695,0.40296027995646,0.5830520261079073,0.48802887834608555,0.08506859419867396,0.0,0.0,0.0
696,0.4022393571212888,0.5965391676872969,0.48728477396070957,0.08504541823640466,0.0,0.0,0.0
697,0.40297227539122105,0.595158077776432,0.4880577875301242,0.08508551539853215,0.0,0.0,0.0
698,0.4029667438007891,0.5737516051158309,0.48800311237573624,0.08503637742251158,0.0,0.0,0.0
699,0.40275055076926947,0.58526361733675,0.4878302030265331,0.08507964946329594,0.0,0.0,0.0
700,0.402786155231297,0.5846901992335916,0.48787591326981783,0.08508975710719824,0.0,0.0,0.0
701,0.40277299284935,0.5982658509165049,0.48787723667919636,0.08510424057021737,0.0,0.0,0.0
702,0.4027299480512738,0.5860272198915482,0.4878074638545513,0.08507751626893878,0.0,0.0,0.0
703,0.4027146901935339,0.5898614786565304,0.48776984214782715,0.08505515335127711,0.0,0.0,0.0
704,0.4021010734140873,0.6013883799314499,0.4871728476136923,0.0850717737339437,0.0,0.0,0.0
705,0.4025075947865844,0.576797217130661,0.4876156970858574,0.08510810462757945,0.0,0.0,0.0
706,0.40233915485441685,0.5934331323951483,0.48748852498829365,0.08514937059953809,0.0,0.0,0.0
707,0.40282033011317253,0.5691957520321012,0.48797205183655024,0.08515171706676483,0.0,0.0,0.0
708,0.4038367378525436,0.5720564816147089,0.48903218004852533,0.08519544405862689,0.0,0.0,0.0
709,0.40369989117607474,0.5784551333636045,0.4888333026319742,0.08513341378420591,0.0,0.0,0.0
710,0.40293229557573795,0.5925911525264382,0.48803089186549187,0.08509859349578619,0.0,0.0,0.0
711,0.403043232858181,0.5879759341478348,0.4881289154291153,0.0850856825709343,0.0,0.0,0.0
712,0.40240941382944584,0.5822479454800487,0.4874970596283674,0.08508764067664742,0.0,0.0,0.0
713,0.4028736660256982,0.5892005180940032,0.48795464634895325,0.08508097939193249,0.0,0.0,0.0
714,0.40279923658818007,0.5824093362316489,0.48784758523106575,0.08504834491759539,0.0,0.0,0.0
715,0.40311575401574373,0.5880310172215104,0.48821173794567585,0.08509598625823855,0.0,0.0,0.0
716,0.4020212786272168,0.5717128412798047,0.4870772324502468,0.08505595289170742,0.0,0.0,0.0
717,0.40258655324578285,0.5858771372586489,0.4876119811087847,0.08502542460337281,0.0,0.0,0.0
718,0.40223936922848225,0.5814575487747788,0.4872835576534271,0.08504418935626745,0.0,0.0,0.0
719,0.40327219292521477,0.5931242145597935,0.4883689545094967,0.08509675785899162,0.0,0.0,0.0
720,0.4028248395770788,0.5844075866043568,0.48792004585266113,0.08509520627558231,0.0,0.0,0.0
721,0.40321261528879404,0.5950736999511719,0.4883187748491764,0.08510616142302752,0.0,0.0,0.0
722,0.40231130830943584,0.5985707994550467,0.4874298609793186,0.0851185554638505,0.0,0.0,0.0
723,0.40299371909350157,0.5749681433662772,0.48806737549602985,0.085073655936867,0.0,0.0,0.0
724,0.40252723917365074,0.5858568493276834,0.4875823948532343,0.08505515567958355,0.0,0.0,0.0
725,0.4027573340572417,0.5764265367761254,0.48781907837837934,0.08506174851208925,0.0,0.0,0.0
726,0.40317610185593367,0.5757405571639538,0.48830960784107447,0.08513350086286664,0.0,0.0,0.0
727,0.4028306705877185,0.5787814734503627,0.4879655707627535,0.08513490203768015,0.0,0.0,0.0
728,0.40336684649810195,0.5825797291472554,0.488558454439044,0.08519161259755492,0.0,0.0,0.0
729,0.40233336202800274,0.5809081736952066,0.4875075835734606,0.08517421688884497,0.0,0.0,0.0
730,0.40252831391990185,0.5850653788074851,0.487661587074399,0.08513327175751328,0.0,0.0,0.0
731,0.4025385398417711,0.5935974298045039,0.487668608315289,0.08513007080182433,0.0,0.0,0.0
732,0.40277406573295593,0.5809572050347924,0.4879249297082424,0.08515086071565747,0.0,0.0,0.0
733,0.4021368036046624,0.583915451541543,0.48730343021452427,0.08516663126647472,0.0,0.0,0.0
734,0.4030104670673609,0.5766070727258921,0.48817386478185654,0.08516339818015695,0.0,0.0,0.0
735,0.4029828356578946,0.5983712170273066,0.4881654493510723,0.08518261322751641,0.0,0.0,0.0
736,0.4026806727051735,0.5746176857501268,0.4877913109958172,0.0851106345653534,0.0,0.0,0.0
737,0.4028223343193531,0.5868113003671169,0.4879664219915867,0.08514408254995942,0.0,0.0,0.0
738,0.40199060179293156,0.5932528972625732,0.48713909834623337,0.08514849841594696,0.0,0.0,0.0
739,0.40316295251250267,0.5974108427762985,0.48828375339508057,0.08512080274522305,0.0,0.0,0.0
740,0.4020898649469018,0.5826490931212902,0.4871743740513921,0.08508450770750642,0.0,0.0,0.0
741,0.40216897148638964,0.5928134173154831,0.48724606819450855,0.08507709763944149,0.0,0.0,0.0
742,0.4019424756988883,0.5858899913728237,0.48705508932471275,0.08511261688545346,0.0,0.0,0.0
743,0.4025433734059334,0.5893025677651167,0.4876808598637581,0.08513748459517956,0.0,0.0,0.0
744,0.40270215552300215,0.5962581522762775,0.48784347623586655,0.08514132210984826,0.0,0.0,0.0
745,0.40265375282615423,0.5992701053619385,0.4877489507198334,0.08509520068764687,0.0,0.0,0.0
746,0.40234357863664627,0.5825483510270715,0.4874627348035574,0.08511915802955627,0.0,0.0,0.0
747,0.40247546788305044,0.5895959194749594,0.4876557495445013,0.08518028212711215,0.0,0.0,0.0
748,0.40335017442703247,0.5793773476034403,0.48845062032341957,0.08510044869035482,0.0,0.0,0.0
749,0.4026460498571396,0.594205416738987,0.4877584259957075,0.08511237613856792,0.0,0.0,0.0
750,0.40245729591697454,0.5861829714849591,0.4876473471522331,0.08519005263224244,0.0,0.0,0.0
751,0.40241871029138565,0.5823345081880689,0.487582391127944,0.08516367664560676,0.0,0.0,0.0
752,0.4021115144714713,0.6045210231095552,0.48725188709795475,0.08514036377891898,0.0,0.0,0.0
753,0.40269535407423973,0.5864902948960662,0.48788479156792164,0.08518943935632706,0.0,0.0,0.0
754,0.40274915285408497,0.5897176945582032,0.48793548345565796,0.08518633339554071,0.0,0.0,0.0
755,0.40252464823424816,0.5919535476714373,0.48770955950021744,0.08518490847200155,0.0,0.0,0.0
756,0.4024286800995469,0.5920250490307808,0.4876223988831043,0.08519372111186385,0.0,0.0,0.0
757,0.4022957691922784,0.5826929165050387,0.4874891974031925,0.0851934258826077,0.0,0.0,0.0
758,0.4023900181055069,0.5794874345883727,0.48754722252488136,0.08515720581635833,0.0,0.0,0.0
759,0.4021962247788906,0.6002328712493181,0.4874177109450102,0.08522148476913571,0.0,0.0,0.0
760,0.4021233068779111,0.5946962926536798,0.48734465800225735,0.08522134739905596,0.0,0.0,0.0
761,0.40272743348032236,0.5917080091312528,0.4879538342356682,0.0852264016866684,0.0,0.0,0.0
762,0.40262599661946297,0.59686797298491,0.48777669481933117,0.08515069866552949,0.0,0.0,0.0
763,0.4029363286681473,0.5662809130735695,0.48813667707145214,0.08520035305991769,0.0,0.0,0.0
764,0.40218514669686556,0.5946350656449795,0.48739015497267246,0.08520500734448433,0.0,0.0,0.0
765,0.4033524440601468,0.5856888741254807,0.4885567817837,0.0852043372578919,0.0,0.0,0.0
766,0.4022047445178032,0.5850099734961987,0.487444837577641,0.08524009957909584,0.0,0.0,0.0
767,0.40218118391931057,0.5916096232831478,0.48744893819093704,0.0852677533403039,0.0,0.0,0.0
768,0.4020928768441081,0.5962368045002222,0.48730520717799664,0.08521233312785625,0.0,0.0,0.0
769,0.4030588334426284,0.5956335365772247,0.4882065486162901,0.08514771703630686,0.0,0.0,0.0
770,0.40241967886686325,0.591956490650773,0.4875373635441065,0.08511768421158195,0.0,0.0,0.0
771,0.4022040758281946,0.5860333926975727,0.4873978802934289,0.08519379422068596,0.0,0.0,0.0
772,0.4023220054805279,0.6014524754136801,0.4875573515892029,0.0852353498339653,0.0,0.0,0.0
773,0.4023730019107461,0.6044896841049194,0.4875587336719036,0.08518573315814137,0.0,0.0,0.0
774,0.4029413554817438,0.5993267428129911,0.48811912909150124,0.08517777500674129,0.0,0.0,0.0
775,0.4022336173802614,0.59052924066782,0.4873995091766119,0.08516588993370533,0.0,0.0,0.0
776,0.40227145329117775,0.5932944975793362,0.4874416124075651,0.08517016237601638,0.0,0.0,0.0
777,0.4023842513561249,0.600080506876111,0.4875628836452961,0.08517863741144538,0.0,0.0,0.0
778,0.40181598253548145,0.590832456946373,0.48697337601333857,0.08515739487484097,0.0,0.0,0.0
779,0.4033104432746768,0.5824670232832432,0.4885480534285307,0.08523761434480548,0.0,0.0,0.0
780,0.402796633541584,0.5763107743114233,0.488003003410995,0.08520636847242713,0.0,0.0,0.0
781,0.4023523638024926,0.5753472428768873,0.48753323405981064,0.08518086606636643,0.0,0.0,0.0
782,0.40286665968596935,0.5761049250140786,0.4880455955862999,0.08517893310636282,0.0,0.0,0.0
783,0.4025833234190941,0.596688287332654,0.4877465981990099,0.08516327431425452,0.0,0.0,0.0
784,0.40286007709801197,0.602332592010498,0.48798296228051186,0.08512288378551602,0.0,0.0,0.0
785,0.4029452381655574,0.5774304708465934,0.4880703054368496,0.0851250677369535,0.0,0.0,0.0
786,0.4026473741978407,0.5814188197255135,0.4878375194966793,0.08519014436751604,0.0,0.0,0.0
787,0.4022635594010353,0.5770620731636882,0.48740911297500134,0.0851455545052886,0.0,0.0,0.0
788,0.4025865765288472,0.5863411072641611,0.4877613168209791,0.08517474308609962,0.0,0.0,0.0
789,0.40316691156476736,0.5869576297700405,0.4883601628243923,0.08519325032830238,0.0,0.0,0.0
790,0.40194396302103996,0.6020084731280804,0.48711779341101646,0.08517382759600878,0.0,0.0,0.0
791,0.40216144267469645,0.5885148700326681,0.48733506444841623,0.08517362410202622,0.0,0.0,0.0
792,0.4024487165734172,0.5841424008831382,0.48763224855065346,0.08518353244289756,0.0,0.0,0.0
793,0.4020515331067145,0.5822430038824677,0.48729147389531136,0.08523993380367756,0.0,0.0,0.0
794,0.40338377468287945,0.5902452189475298,0.48862314224243164,0.08523937407881021,0.0,0.0,0.0
795,0.4024654934182763,0.5881169345229864,0.4877087827771902,0.08524328889325261,0.0,0.0,0.0
796,0.40238625509664416,0.5902553871273994,0.48760576732456684,0.08521951222792268,0.0,0.0,0.0
797,0.4030642118304968,0.5904297046363354,0.48828863352537155,0.08522442355751991,0.0,0.0,0.0
798,0.4024515375494957,0.601444324478507,0.48767657205462456,0.08522503590211272,0.0,0.0,0.0
799,0.40278834849596024,0.5850339792668819,0.488075383938849,0.08528703544288874,0.0,0.0,0.0
800,0.4019097061827779,0.59235068410635,0.48717270605266094,0.08526300359517336,0.0,0.0,0.0
801,0.40167640801519156,0.5825137477368116,0.48689010366797447,0.08521369053050876,0.0,0.0,0.0
802,0.40194423869252205,0.5851248018443584,0.4871570561081171,0.08521281043067575,0.0,0.0,0.0
803,0.4023024458438158,0.5867684418335557,0.4875372052192688,0.08523476077243686,0.0,0.0,0.0
804,0.40224618185311556,0.5957737769931555,0.4874726887792349,0.0852265004068613,0.0,0.0,0.0
805,0.40163212083280087,0.6018108762800694,0.4868592210114002,0.08522710390388966,0.0,0.0,0.0
806,0.40294534526765347,0.5816819909960032,0.4880969375371933,0.08515159925445914,0.0,0.0,0.0
807,0.4025768879801035,0.5905069103464484,0.487677663564682,0.0851007797755301,0.0,0.0,0.0
808,0.402262669056654,0.5949032064527273,0.48736694641411304,0.08510427363216877,0.0,0.0,0.0
809,0.40258362516760826,0.5768320318311453,0.48772790003567934,0.08514427719637752,0.0,0.0,0.0
810,0.40233838092535734,0.5715887239202857,0.4875372610986233,0.08519888669252396,0.0,0.0,0.0
811,0.40313873812556267,0.6001650225371122,0.4883421044796705,0.08520336681976914,0.0,0.0,0.0
812,0.40184944588690996,0.5908772982656956,0.4870250038802624,0.0851755584590137,0.0,0.0,0.0
813,0.40314400754868984,0.5857872935011983,0.4883371405303478,0.08519313158467412,0.0,0.0,0.0
814,0.4022097159177065,0.5863252775743604,0.4873855970799923,0.08517588302493095,0.0,0.0,0.0
815,0.40235510002821684,0.5860806228592992,0.48749917559325695,0.08514407323673368,0.0,0.0,0.0
816,0.4016234688460827,0.5812966469675303,0.48681614361703396,0.08519266918301582,0.0,0.0,0.0
817,0.40302793215960264,0.5879005594179034,0.48827989865094423,0.08525197254493833,0.0,0.0,0.0
818,0.40213397704064846,0.5798193532973528,0.4873490985482931,0.08521511685103178,0.0,0.0,0.0
819,0.4023674326017499,0.5993993021547794,0.4875349458307028,0.08516751229763031,0.0,0.0,0.0
820,0.4024018356576562,0.5640617180615664,0.4876512475311756,0.08524941513314843,0.0,0.0,0.0
821,0.40244093257933855,0.5972920414060354,0.487690057605505,0.08524912735447288,0.0,0.0,0.0
822,0.4021293194964528,0.5870605716481805,0.4873227644711733,0.08519344264641404,0.0,0.0,0.0
823,0.4019276471808553,0.5911901388317347,0.487128721550107,0.08520107809454203,0.0,0.0,0.0
824,0.4025166751816869,0.5803913408890367,0.48777611926198006,0.08525944594293833,0.0,0.0,0.0
825,0.40253610350191593,0.5941379778087139,0.4877250697463751,0.08518896298483014,0.0,0.0,0.0
826,0.4020058251917362,0.5955962594598532,0.487158615142107,0.08515278296545148,0.0,0.0,0.0
827,0.4027373595163226,0.5837406003847718,0.4879373833537102,0.08520002104341984,0.0,0.0,0.0
828,0.401525710709393,0.5780522897839546,0.48673805594444275,0.0852123461663723,0.0,0.0,0.0
829,0.402532777749002,0.5831087082624435,0.4877484831959009,0.08521570917218924,0.0,0.0,0.0
830,0.4021304249763489,0.5965270437300205,0.4872876890003681,0.08515726635232568,0.0,0.0,0.0
831,0.4022960737347603,0.5894619040191174,0.48747670743614435,0.08518063183873892,0.0,0.0,0.0
832,0.40181976184248924,0.5850478913635015,0.4869807995855808,0.08516103494912386,0.0,0.0,0.0
833,0.4021403295919299,0.5837154928594828,0.48728980123996735,0.08514947583898902,0.0,0.0,0.0
834,0.402124154381454,0.5870420737192035,0.48728893231600523,0.08516478072851896,0.0,0.0,0.0
835,0.4019108144566417,0.5733401319012046,0.4870442505925894,0.08513343427330256,0.0,0.0,0.0
836,0.4022993315011263,0.6047817282378674,0.4875054322183132,0.0852060979232192,0.0,0.0,0.0
837,0.402146284468472,0.5838063508272171,0.48735163547098637,0.08520535286515951,0.0,0.0,0.0
838,0.40204689651727676,0.5917712617665529,0.48723713494837284,0.08519023889675736,0.0,0.0,0.0
839,0.4022586653009057,0.5918938014656305,0.4874937869608402,0.08523512119427323,0.0,0.0,0.0
840,0.40308853331953287,0.5832213498651981,0.4882615748792887,0.08517303643748164,0.0,0.0,0.0
841,0.4017249005846679,0.5916789593175054,0.4869178608059883,0.08519296208396554,0.0,0.0,0.0
842,0.4025490405037999,0.5912318751215935,0.4877170938998461,0.08516805106773973,0.0,0.0,0.0
843,0.402433886192739,0.5860251793637872,0.4876254200935364,0.08519153483211994,0.0,0.0,0.0
844,0.4029104486107826,0.5874406518414617,0.4880723226815462,0.085161869879812,0.0,0.0,0.0
845,0.40192003455013037,0.6002918928861618,0.48709325306117535,0.08517322270199656,0.0,0.0,0.0
846,0.40334535017609596,0.5997453052550554,0.4886228870600462,0.08527753641828895,0.0,0.0,0.0
847,0.40231484919786453,0.5827134642750025,0.48759662825614214,0.08528178045526147,0.0,0.0,0.0
848,0.4025524826720357,0.5922896098345518,0.48780327290296555,0.085250792093575,0.0,0.0,0.0
849,0.40227077156305313,0.5798893636092544,0.4875285718590021,0.08525780029594898,0.0,0.0,0.0
850,0.4016344668343663,0.565380834043026,0.48684994503855705,0.08521548192948103,0.0,0.0,0.0
851,0.4038698086515069,0.5900850705802441,0.4890995603054762,0.08522975258529186,0.0,0.0,0.0
852,0.40219569811597466,0.574067160487175,0.48745823837816715,0.08526253513991833,0.0,0.0,0.0
853,0.4020186550915241,0.6006865743547678,0.4872808810323477,0.08526223013177514,0.0,0.0,0.0
854,0.4021353740245104,0.5970303490757942,0.4873509295284748,0.08521555038169026,0.0,0.0,0.0
855,0.40222786366939545,0.58939647115767,0.487450186163187,0.085222321562469,0.0,0.0,0.0
856,0.40169028006494045,0.5798168936744332,0.4869257379323244,0.08523545507341623,0.0,0.0,0.0
857,0.4022064283490181,0.592782424762845,0.48743109218776226,0.08522465592250228,0.0,0.0,0.0
858,0.40282305516302586,0.587992949411273,0.48813099041581154,0.08530793618410826,0.0,0.0,0.0
859,0.4022508142516017,0.6005875580012798,0.4875124264508486,0.08526161126792431,0.0,0.0,0.0
860,0.40258029848337173,0.5847335197031498,0.487807453610003,0.08522715279832482,0.0,0.0,0.0
861,0.40198132721707225,0.5793740823864937,0.4872461184859276,0.08526479313150048,0.0,0.0,0.0
862,0.40211452823132277,0.583580544218421,0.48741049505770206,0.0852959668263793,0.0,0.0,0.0
863,0.4017734108492732,0.5935196615755558,0.4870687946677208,0.08529538521543145,0.0,0.0,0.0
864,0.40211453195661306,0.5971997771412134,0.4874129295349121,0.08529839664697647,0.0,0.0,0.0
865,0.4025536244735122,0.601933091878891,0.48777191154658794,0.08521828753873706,0.0,0.0,0.0
866,0.4018913162872195,0.5977720115333796,0.48712669871747494,0.0852353791706264,0.0,0.0,0.0
867,0.40267620142549276,0.588595257140696,0.48787761479616165,0.08520141802728176,0.0,0.0,0.0
868,0.40274033043533564,0.5888424254953861,0.4880216605961323,0.0852813282981515,0.0,0.0,0.0
869,0.40237960778176785,0.5821240562945604,0.48766281735152006,0.08528320724144578,0.0,0.0,0.0
870,0.4021293753758073,0.5992546435445547,0.4874135795980692,0.08528420608490705,0.0,0.0,0.0
871,0.40284065529704094,0.5829134043306112,0.48818200547248125,0.0853413506411016,0.0,0.0,0.0
872,0.4021981209516525,0.5879166312515736,0.4875012943521142,0.08530317200347781,0.0,0.0,0.0
873,0.40304669365286827,0.5777740497142076,0.4883572142571211,0.08531052526086569,0.0,0.0,0.0
874,0.40202993899583817,0.6020931005477905,0.48735249042510986,0.08532255562022328,0.0,0.0,0.0
875,0.4024399295449257,0.5949702560901642,0.4877157136797905,0.08527578646317124,0.0,0.0,0.0
876,0.4019350102171302,0.5897360052913427,0.48717654310166836,0.08524153055623174,0.0,0.0,0.0
877,0.4024703521281481,0.6018146239221096,0.4877277761697769,0.08525742311030626,0.0,0.0,0.0
878,0.40201004408299923,0.5847671632654965,0.48726804833859205,0.08525800565257668,0.0,0.0,0.0
879,0.4028803715482354,0.596655460074544,0.48822550661861897,0.08534513553604484,0.0,0.0,0.0
880,0.4025973603129387,0.5866857226938009,0.48792064003646374,0.08532327972352505,0.0,0.0,0.0
881,0.4023269908502698,0.5891922358423471,0.4876581970602274,0.0853312099352479,0.0,0.0,0.0
882,0.40221855510026217,0.5869579846039414,0.48749738931655884,0.08527883980423212,0.0,0.0,0.0
883,0.4017966026440263,0.5922784423455596,0.48701764084398746,0.0852210377342999,0.0,0.0,0.0
884,0.40204675402492285,0.5958230495452881,0.4872815068811178,0.08523474866524339,0.0,0.0,0.0
885,0.4026529397815466,0.6060780975967646,0.48789987713098526,0.08524693734943867,0.0,0.0,0.0
886,0.4026406742632389,0.5970354918390512,0.4878757242113352,0.08523504575714469,0.0,0.0,0.0
887,0.40197109058499336,0.6094556208699942,0.48723984509706497,0.08526875078678131,0.0,0.0,0.0
888,0.40186359360814095,0.5758689567446709,0.4871777165681124,0.0853141276165843,0.0,0.0,0.0
889,0.4016255596652627,0.584585003554821,0.48690371215343475,0.08527815202251077,0.0,0.0,0.0
890,0.4029325693845749,0.5969611220061779,0.4882463775575161,0.08531380910426378,0.0,0.0,0.0
891,0.4020929243415594,0.5930406637489796,0.4873902518302202,0.08529733074828982,0.0,0.0,0.0
892,0.4019485358148813,0.5803996752947569,0.48724893666803837,0.08530040085315704,0.0,0.0,0.0
893,0.4021806251257658,0.5989605598151684,0.4874782580882311,0.08529762597754598,0.0,0.0,0.0
894,0.4022060576826334,0.5845458814874291,0.4875058801844716,0.08529982762411237,0.0,0.0,0.0
895,0.40331475622951984,0.5888413013890386,0.4885556921362877,0.08524093218147755,0.0,0.0,0.0
896,0.4032751899212599,0.5981703214347363,0.48867028020322323,0.08539509726688266,0.0,0.0,0.0
897,0.402066295966506,0.5894703287631273,0.4874032214283943,0.08533692685887218,0.0,0.0,0.0
898,0.4028314836323261,0.5919314194470644,0.4880549740046263,0.08522349549457431,0.0,0.0,0.0
899,0.4021867346018553,0.6046450100839138,0.4874638207256794,0.08527708519250154,0.0,0.0,0.0
900,0.40260825399309397,0.5672826003283262,0.48785576969385147,0.08524751849472523,0.0,0.0,0.0
901,0.4019907880574465,0.572823628783226,0.48718937672674656,0.08519858634099364,0.0,0.0,0.0
902,0.40208641439676285,0.5743654072284698,0.4872795334085822,0.08519311808049679,0.0,0.0,0.0
903,0.40239099226891994,0.5918194437399507,0.4876475129276514,0.08525652345269918,0.0,0.0,0.0
904,0.4023239864036441,0.5831697685644031,0.4875502707436681,0.08522628247737885,0.0,0.0,0.0
905,0.4021933823823929,0.5910419635474682,0.48737812228500843,0.0851847417652607,0.0,0.0,0.0
906,0.4026928190141916,0.5892077377066016,0.4879744630306959,0.08528164308518171,0.0,0.0,0.0
907,0.4028668887913227,0.5794809060171247,0.48820054717361927,0.0853336644358933,0.0,0.0,0.0
908,0.40236557368189096,0.5923566231504083,0.48763137869536877,0.08526580547913909,0.0,0.0,0.0
