Halide1,Halide2,Halide3,Cl,Br,I,Cation,Formula,SOLVENT,Target,A_IONRAD,A_MASS,A_DPM,B_IONRAD,B_MASS,B_EA,B_IE,B_En,B_AN,X_IONRAD,X_MASS,X_EA,X_IE,X_En,X_AN,l0,l1,l2,l3,l4,l5,l6,l7,l8,l9,CATION_HATOMS,SOLV_DENSITY,SOLV_DIELECTRIC,SOLV_GDN,SOLV_DPM,SOLV_MV,SOLV_UMBO,DMSO,THTO,DMF,NMP,ACETONE,METHA,GBL,NITRO
Br,Cl,Cl,0.666666667,0.333333333,0,FA,BrClClFA,THTO,41.31,2.53,44.056,0.25,1.19,207,0.36,7.417,2.33,82,1.86,50.26666667,3.533,12.58333333,3.093333333,23,7.52E-02,1.01E-01,-5.82E-01,7.87E-01,4.31E-01,1.57E-01,9.11E-01,-9.33E-01,5.37E-01,9.90E-01,2,1.2,42.84,32,4.17,89.2,0.399,0,1,0,0,0,0,0,0
Br,Br,Cl,0.333333333,0.666666667,0,Cs,BrBrClCs,DMSO,41.2,1.7,132.91,0,1.19,207,0.36,7.417,2.33,82,1.91,65.08333333,3.449,12.19866667,3.026666667,29,2.45E-01,-5.52E-01,-7.60E-01,5.28E-01,8.97E-01,5.62E-01,-9.79E-01,-9.99E-01,9.68E-01,7.15E-01,0,1.02,46.7,29.8,3.96,70.9,0.39,1,0,0,0,0,0,0,0
Cl,Cl,Cl,1,0,0,MA,ClClClMA,THTO,41.03,2.17,32.07,2.3,1.19,207,0.36,7.417,2.33,82,1.81,35.45,3.617,12.968,3.16,17,2.97E-02,6.93E-01,-7.70E-01,7.62E-01,9.90E-01,3.03E-01,-6.17E-01,-9.97E-01,-8.11E-01,5.76E-01,3,1.2,42.84,32,4.17,89.2,0.399,0,1,0,0,0,0,0,0
Cl,Cl,Cl,1,0,0,Cs,ClClClCs,THTO,40.97,1.7,132.91,0,1.19,207,0.36,7.417,2.33,82,1.81,35.45,3.617,12.968,3.16,17,1.42E-01,6.06E-01,-8.61E-01,6.41E-01,8.88E-01,5.08E-01,-9.94E-01,-9.99E-01,9.69E-01,8.47E-01,0,1.2,42.84,32,4.17,89.2,0.399,0,1,0,0,0,0,0,0
I,Cl,Cl,0.666666667,0,0.333333333,Cs,IClClCs,THTO,40.66,1.7,132.91,0,1.19,207,0.36,7.417,2.33,82,1.866666667,65.93333333,3.431333333,12.129,2.993333333,29,2.47E-01,4.52E-01,-8.23E-01,-8.76E-02,8.76E-01,5.23E-01,-9.88E-01,-9.99E-01,9.69E-01,7.74E-01,0,1.2,42.84,32,4.17,89.2,0.399,0,1,0,0,0,0,0,0
Cl,Cl,Cl,1,0,0,MA,ClClClMA,DMSO,40.59,2.17,32.07,2.3,1.19,207,0.36,7.417,2.33,82,1.81,35.45,3.617,12.968,3.16,17,2.97E-02,6.93E-01,-7.70E-01,7.62E-01,9.90E-01,3.03E-01,-6.17E-01,-9.97E-01,-8.11E-01,5.76E-01,3,1.02,46.7,29.8,3.96,70.9,0.39,1,0,0,0,0,0,0,0
Cl,Cl,Cl,1,0,0,FA,ClClClFA,THTO,40.36,2.53,44.056,0.25,1.19,207,0.36,7.417,2.33,82,1.81,35.45,3.617,12.968,3.16,17,2.17E-02,6.43E-01,-6.73E-01,8.18E-01,4.13E-01,1.19E-01,8.33E-01,-9.16E-01,5.42E-01,9.93E-01,2,1.2,42.84,32,4.17,89.2,0.399,0,1,0,0,0,0,0,0
Cl,Cl,Cl,1,0,0,Cs,ClClClCs,DMSO,40.27,1.7,132.91,0,1.19,207,0.36,7.417,2.33,82,1.81,35.45,3.617,12.968,3.16,17,1.42E-01,6.06E-01,-8.61E-01,6.41E-01,8.88E-01,5.08E-01,-9.94E-01,-9.99E-01,9.69E-01,8.47E-01,0,1.02,46.7,29.8,3.96,70.9,0.39,1,0,0,0,0,0,0,0
Br,Cl,Cl,0.666666667,0.333333333,0,Cs,BrClClCs,DMSO,39.86,1.7,132.91,0,1.19,207,0.36,7.417,2.33,82,1.86,50.26666667,3.533,12.58333333,3.093333333,23,1.94E-01,4.08E-02,-8.17E-01,5.88E-01,8.93E-01,5.36E-01,-9.89E-01,-9.99E-01,9.68E-01,7.90E-01,0,1.02,46.7,29.8,3.96,70.9,0.39,1,0,0,0,0,0,0,0
Br,Cl,Cl,0.666666667,0.333333333,0,MA,BrClClMA,DMSO,39.52,2.17,32.07,2.3,1.19,207,0.36,7.417,2.33,82,1.86,50.26666667,3.533,12.58333333,3.093333333,23,8.31E-02,1.89E-01,-7.01E-01,7.23E-01,9.91E-01,3.37E-01,-3.70E-01,-9.98E-01,-8.13E-01,4.49E-01,3,1.02,46.7,29.8,3.96,70.9,0.39,1,0,0,0,0,0,0,0
I,I,Cl,0.333333333,0,0.666666667,Cs,IIClCs,THTO,39.25,1.7,132.91,0,1.19,207,0.36,7.417,2.33,82,1.923333333,96.41666667,3.245666667,11.29,2.826666667,41,3.46E-01,2.67E-01,-7.77E-01,-7.33E-01,8.62E-01,5.39E-01,-9.73E-01,-9.99E-01,9.70E-01,6.74E-01,0,1.2,42.84,32,4.17,89.2,0.399,0,1,0,0,0,0,0,0
I,Cl,Cl,0.666666667,0,0.333333333,Cs,IClClCs,DMSO,39.24,1.7,132.91,0,1.19,207,0.36,7.417,2.33,82,1.866666667,65.93333333,3.431333333,12.129,2.993333333,29,2.47E-01,4.52E-01,-8.23E-01,-8.76E-02,8.76E-01,5.23E-01,-9.88E-01,-9.99E-01,9.69E-01,7.74E-01,0,1.02,46.7,29.8,3.96,70.9,0.39,1,0,0,0,0,0,0,0
I,Cl,Cl,0.666666667,0,0.333333333,FA,IClClFA,THTO,38.38,2.53,44.056,0.25,1.19,207,0.36,7.417,2.33,82,1.866666667,65.93333333,3.431333333,12.129,2.993333333,29,1.30E-01,5.00E-01,-5.95E-01,2.94E-01,3.66E-01,1.40E-01,9.20E-01,-9.34E-01,5.50E-01,9.89E-01,2,1.2,42.84,32,4.17,89.2,0.399,0,1,0,0,0,0,0,0
I,I,Cl,0.333333333,0,0.666666667,Cs,IIClCs,DMSO,38.32,1.7,132.91,0,1.19,207,0.36,7.417,2.33,82,1.923333333,96.41666667,3.245666667,11.29,2.826666667,41,3.46E-01,2.67E-01,-7.77E-01,-7.33E-01,8.62E-01,5.39E-01,-9.73E-01,-9.99E-01,9.70E-01,6.74E-01,0,1.02,46.7,29.8,3.96,70.9,0.39,1,0,0,0,0,0,0,0
I,I,Br,0,0.333333333,0.666666667,Cs,IIBrCs,THTO,38.29,1.7,132.91,0,1.19,207,0.36,7.417,2.33,82,1.973333333,111.2333333,3.161666667,10.90533333,2.76,47,3.92E-01,-3.70E-01,-7.10E-01,-7.70E-01,8.68E-01,5.65E-01,-9.49E-01,-9.99E-01,9.70E-01,5.68E-01,0,1.2,42.84,32,4.17,89.2,0.399,0,1,0,0,0,0,0,0
I,Br,Cl,0.333333333,0.333333333,0.333333333,Cs,IBrClCs,DMSO,38.2,1.7,132.91,0,1.19,207,0.36,7.417,2.33,82,1.916666667,80.75,3.347333333,11.74433333,2.926666667,35,2.96E-01,-1.72E-01,-7.69E-01,-1.72E-01,8.81E-01,5.51E-01,-9.76E-01,-9.99E-01,9.69E-01,6.95E-01,0,1.02,46.7,29.8,3.96,70.9,0.39,1,0,0,0,0,0,0,0
Cl,Cl,Cl,1,0,0,FA,ClClClFA,DMSO,38.1,2.53,44.056,0.25,1.19,207,0.36,7.417,2.33,82,1.81,35.45,3.617,12.968,3.16,17,2.17E-02,6.43E-01,-6.73E-01,8.18E-01,4.13E-01,1.19E-01,8.33E-01,-9.16E-01,5.42E-01,9.93E-01,2,1.02,46.7,29.8,3.96,70.9,0.39,1,0,0,0,0,0,0,0
Br,Cl,Cl,0.666666667,0.333333333,0,Cs,BrClClCs,THTO,37.88,1.7,132.91,0,1.19,207,0.36,7.417,2.33,82,1.86,50.26666667,3.533,12.58333333,3.093333333,23,1.94E-01,4.08E-02,-8.17E-01,5.88E-01,8.93E-01,5.36E-01,-9.89E-01,-9.99E-01,9.68E-01,7.90E-01,0,1.2,42.84,32,4.17,89.2,0.399,0,1,0,0,0,0,0,0
I,Br,Cl,0.333333333,0.333333333,0.333333333,MA,IBrClMA,THTO,37.85,2.17,32.07,2.3,1.19,207,0.36,7.417,2.33,82,1.916666667,80.75,3.347333333,11.74433333,2.926666667,35,1.90E-01,-2.34E-02,-6.28E-01,6.64E-02,9.90E-01,3.56E-01,8.43E-05,-9.98E-01,-8.09E-01,2.64E-01,3,1.2,42.84,32,4.17,89.2,0.399,0,1,0,0,0,0,0,0
I,Cl,Cl,0.666666667,0,0.333333333,FA,IClClFA,DMSO,37.83,2.53,44.056,0.25,1.19,207,0.36,7.417,2.33,82,1.866666667,65.93333333,3.431333333,12.129,2.993333333,29,1.30E-01,5.00E-01,-5.95E-01,2.94E-01,3.66E-01,1.40E-01,9.20E-01,-9.34E-01,5.50E-01,9.89E-01,2,1.02,46.7,29.8,3.96,70.9,0.39,1,0,0,0,0,0,0,0
I,Cl,Cl,0.666666667,0,0.333333333,MA,IClClMA,THTO,37.79,2.17,32.07,2.3,1.19,207,0.36,7.417,2.33,82,1.866666667,65.93333333,3.431333333,12.129,2.993333333,29,1.37E-01,5.64E-01,-7.11E-01,1.51E-01,9.89E-01,3.22E-01,-3.20E-01,-9.98E-01,-8.07E-01,4.17E-01,3,1.2,42.84,32,4.17,89.2,0.399,0,1,0,0,0,0,0,0
Br,Br,Br,0,1,0,Cs,BrBrBrCs,DMSO,37.77,1.7,132.91,0,1.19,207,0.36,7.417,2.33,82,1.96,79.9,3.365,11.814,2.96,35,2.95E-01,-8.57E-01,-6.89E-01,4.64E-01,9.02E-01,5.88E-01,-9.59E-01,-9.99E-01,9.67E-01,6.20E-01,0,1.02,46.7,29.8,3.96,70.9,0.39,1,0,0,0,0,0,0,0
I,I,Br,0,0.333333333,0.666666667,Cs,IIBrCs,DMSO,37.68,1.7,132.91,0,1.19,207,0.36,7.417,2.33,82,1.973333333,111.2333333,3.161666667,10.90533333,2.76,47,3.92E-01,-3.70E-01,-7.10E-01,-7.70E-01,8.68E-01,5.65E-01,-9.49E-01,-9.99E-01,9.70E-01,5.68E-01,0,1.02,46.7,29.8,3.96,70.9,0.39,1,0,0,0,0,0,0,0
I,I,I,0,0,1,Cs,IIICs,THTO,37.61,1.7,132.91,0,1.19,207,0.36,7.417,2.33,82,1.98,126.9,3.06,10.451,2.66,53,4.37E-01,5.85E-02,-7.20E-01,-9.45E-01,8.47E-01,5.54E-01,-9.43E-01,-9.99E-01,9.71E-01,5.41E-01,0,1.2,42.84,32,4.17,89.2,0.399,0,1,0,0,0,0,0,0
Br,Br,Cl,0.333333333,0.666666667,0,Cs,BrBrClCs,THTO,37.58,1.7,132.91,0,1.19,207,0.36,7.417,2.33,82,1.91,65.08333333,3.449,12.19866667,3.026666667,29,2.45E-01,-5.52E-01,-7.60E-01,5.28E-01,8.97E-01,5.62E-01,-9.79E-01,-9.99E-01,9.68E-01,7.15E-01,0,1.2,42.84,32,4.17,89.2,0.399,0,1,0,0,0,0,0,0
I,Br,Cl,0.333333333,0.333333333,0.333333333,MA,IBrClMA,DMSO,37.49,2.17,32.07,2.3,1.19,207,0.36,7.417,2.33,82,1.916666667,80.75,3.347333333,11.74433333,2.926666667,35,1.90E-01,-2.34E-02,-6.28E-01,6.64E-02,9.90E-01,3.56E-01,8.43E-05,-9.98E-01,-8.09E-01,2.64E-01,3,1.02,46.7,29.8,3.96,70.9,0.39,1,0,0,0,0,0,0,0
I,I,I,0,0,1,FA,IIIFA,DMSO,37.49,2.53,44.056,0.25,1.19,207,0.36,7.417,2.33,82,1.98,126.9,3.06,10.451,2.66,53,3.34E-01,1.19E-01,-4.02E-01,-8.84E-01,2.66E-01,1.82E-01,9.83E-01,-9.60E-01,5.68E-01,9.74E-01,2,1.02,46.7,29.8,3.96,70.9,0.39,1,0,0,0,0,0,0,0
I,I,Br,0,0.333333333,0.666666667,FA,IIBrFA,THTO,37.34,2.53,44.056,0.25,1.19,207,0.36,7.417,2.33,82,1.973333333,111.2333333,3.161666667,10.90533333,2.76,47,2.85E-01,-3.16E-01,-3.84E-01,-5.59E-01,3.37E-01,1.98E-01,9.80E-01,-9.59E-01,5.54E-01,9.76E-01,2,1.2,42.84,32,4.17,89.2,0.399,0,1,0,0,0,0,0,0
I,I,Br,0,0.333333333,0.666666667,MA,IIBrMA,DMSO,37.2,2.17,32.07,2.3,1.19,207,0.36,7.417,2.33,82,1.973333333,111.2333333,3.161666667,10.90533333,2.76,47,2.92E-01,-2.34E-01,-5.43E-01,-6.53E-01,9.88E-01,3.74E-01,3.70E-01,-9.99E-01,-8.05E-01,5.76E-02,3,1.02,46.7,29.8,3.96,70.9,0.39,1,0,0,0,0,0,0,0
Br,Cl,Cl,0.666666667,0.333333333,0,MA,BrClClMA,THTO,37.15,2.17,32.07,2.3,1.19,207,0.36,7.417,2.33,82,1.86,50.26666667,3.533,12.58333333,3.093333333,23,8.31E-02,1.89E-01,-7.01E-01,7.23E-01,9.91E-01,3.37E-01,-3.70E-01,-9.98E-01,-8.13E-01,4.49E-01,3,1.2,42.84,32,4.17,89.2,0.399,0,1,0,0,0,0,0,0
I,Cl,Cl,0.666666667,0,0.333333333,MA,IClClMA,DMSO,37.14,2.17,32.07,2.3,1.19,207,0.36,7.417,2.33,82,1.866666667,65.93333333,3.431333333,12.129,2.993333333,29,1.37E-01,5.64E-01,-7.11E-01,1.51E-01,9.89E-01,3.22E-01,-3.20E-01,-9.98E-01,-8.07E-01,4.17E-01,3,1.02,46.7,29.8,3.96,70.9,0.39,1,0,0,0,0,0,0,0
I,I,I,0,0,1,Cs,IIICs,DMSO,37.08,1.7,132.91,0,1.19,207,0.36,7.417,2.33,82,1.98,126.9,3.06,10.451,2.66,53,4.37E-01,5.85E-02,-7.20E-01,-9.45E-01,8.47E-01,5.54E-01,-9.43E-01,-9.99E-01,9.71E-01,5.41E-01,0,1.02,46.7,29.8,3.96,70.9,0.39,1,0,0,0,0,0,0,0
I,Br,Cl,0.333333333,0.333333333,0.333333333,Cs,IBrClCs,THTO,37,1.7,132.91,0,1.19,207,0.36,7.417,2.33,82,1.916666667,80.75,3.347333333,11.74433333,2.926666667,35,2.96E-01,-1.72E-01,-7.69E-01,-1.72E-01,8.81E-01,5.51E-01,-9.76E-01,-9.99E-01,9.69E-01,6.95E-01,0,1.2,42.84,32,4.17,89.2,0.399,0,1,0,0,0,0,0,0
I,I,Cl,0.333333333,0,0.666666667,FA,IIClFA,DMSO,36.95,2.53,44.056,0.25,1.19,207,0.36,7.417,2.33,82,1.923333333,96.41666667,3.245666667,11.29,2.826666667,41,2.35E-01,3.22E-01,-5.05E-01,-4.97E-01,3.17E-01,1.61E-01,9.62E-01,-9.49E-01,5.59E-01,9.83E-01,2,1.02,46.7,29.8,3.96,70.9,0.39,1,0,0,0,0,0,0,0
Br,Br,Br,0,1,0,Cs,BrBrBrCs,THTO,36.87,1.7,132.91,0,1.19,207,0.36,7.417,2.33,82,1.96,79.9,3.365,11.814,2.96,35,2.95E-01,-8.57E-01,-6.89E-01,4.64E-01,9.02E-01,5.88E-01,-9.59E-01,-9.99E-01,9.67E-01,6.20E-01,0,1.2,42.84,32,4.17,89.2,0.399,0,1,0,0,0,0,0,0
I,Br,Br,0,0.666666667,0.333333333,Cs,IBrBrCs,DMSO,36.83,1.7,132.91,0,1.19,207,0.36,7.417,2.33,82,1.966666667,95.56666667,3.263333333,11.35966667,2.86,41,3.44E-01,-6.83E-01,-7.00E-01,-2.54E-01,8.86E-01,5.77E-01,-9.54E-01,-9.99E-01,9.68E-01,5.95E-01,0,1.02,46.7,29.8,3.96,70.9,0.39,1,0,0,0,0,0,0,0
Br,Br,Cl,0.333333333,0.666666667,0,FA,BrBrClFA,DMSO,36.74,2.53,44.056,0.25,1.19,207,0.36,7.417,2.33,82,1.91,65.08333333,3.449,12.19866667,3.026666667,29,1.28E-01,-5.08E-01,-4.74E-01,7.52E-01,4.49E-01,1.94E-01,9.53E-01,-9.46E-01,5.32E-01,9.85E-01,2,1.02,46.7,29.8,3.96,70.9,0.39,1,0,0,0,0,0,0,0
Br,Cl,Cl,0.666666667,0.333333333,0,FA,BrClClFA,DMSO,36.73,2.53,44.056,0.25,1.19,207,0.36,7.417,2.33,82,1.86,50.26666667,3.533,12.58333333,3.093333333,23,7.52E-02,1.01E-01,-5.82E-01,7.87E-01,4.31E-01,1.57E-01,9.11E-01,-9.33E-01,5.37E-01,9.90E-01,2,1.02,46.7,29.8,3.96,70.9,0.39,1,0,0,0,0,0,0,0
I,I,Br,0,0.333333333,0.666666667,MA,IIBrMA,THTO,36.45,2.17,32.07,2.3,1.19,207,0.36,7.417,2.33,82,1.973333333,111.2333333,3.161666667,10.90533333,2.76,47,2.92E-01,-2.34E-01,-5.43E-01,-6.53E-01,9.88E-01,3.74E-01,3.70E-01,-9.99E-01,-8.05E-01,5.76E-02,3,1.2,42.84,32,4.17,89.2,0.399,0,1,0,0,0,0,0,0
Br,Br,Cl,0.333333333,0.666666667,0,MA,BrBrClMA,DMSO,36.41,2.17,32.07,2.3,1.19,207,0.36,7.417,2.33,82,1.91,65.08333333,3.449,12.19866667,3.026666667,29,1.36E-01,-4.38E-01,-6.16E-01,6.79E-01,9.91E-01,3.70E-01,-5.72E-02,-9.98E-01,-8.16E-01,3.01E-01,3,1.02,46.7,29.8,3.96,70.9,0.39,1,0,0,0,0,0,0,0
I,Br,Br,0,0.666666667,0.333333333,Cs,IBrBrCs,THTO,36.41,1.7,132.91,0,1.19,207,0.36,7.417,2.33,82,1.966666667,95.56666667,3.263333333,11.35966667,2.86,41,3.44E-01,-6.83E-01,-7.00E-01,-2.54E-01,8.86E-01,5.77E-01,-9.54E-01,-9.99E-01,9.68E-01,5.95E-01,0,1.2,42.84,32,4.17,89.2,0.399,0,1,0,0,0,0,0,0
I,I,Cl,0.333333333,0,0.666666667,MA,IIClMA,DMSO,36.37,2.17,32.07,2.3,1.19,207,0.36,7.417,2.33,82,1.923333333,96.41666667,3.245666667,11.29,2.826666667,41,2.42E-01,4.00E-01,-6.40E-01,-6.01E-01,9.88E-01,3.41E-01,5.73E-02,-9.98E-01,-8.02E-01,2.27E-01,3,1.02,46.7,29.8,3.96,70.9,0.39,1,0,0,0,0,0,0,0
Br,Br,Cl,0.333333333,0.666666667,0,MA,BrBrClMA,THTO,36.32,2.17,32.07,2.3,1.19,207,0.36,7.417,2.33,82,1.91,65.08333333,3.449,12.19866667,3.026666667,29,1.36E-01,-4.38E-01,-6.16E-01,6.79E-01,9.91E-01,3.70E-01,-5.72E-02,-9.98E-01,-8.16E-01,3.01E-01,3,1.2,42.84,32,4.17,89.2,0.399,0,1,0,0,0,0,0,0
I,Br,Cl,0.333333333,0.333333333,0.333333333,FA,IBrClFA,THTO,36.1,2.53,44.056,0.25,1.19,207,0.36,7.417,2.33,82,1.916666667,80.75,3.347333333,11.74433333,2.926666667,35,1.82E-01,-1.12E-01,-4.89E-01,2.13E-01,3.85E-01,1.78E-01,9.58E-01,-9.47E-01,5.46E-01,9.84E-01,2,1.2,42.84,32,4.17,89.2,0.399,0,1,0,0,0,0,0,0
Br,Br,Br,0,1,0,MA,BrBrBrMA,DMSO,36.03,2.17,32.07,2.3,1.19,207,0.36,7.417,2.33,82,1.96,79.9,3.365,11.814,2.96,35,1.88E-01,-8.12E-01,-5.14E-01,6.31E-01,9.91E-01,4.03E-01,2.68E-01,-9.99E-01,-8.18E-01,1.36E-01,3,1.02,46.7,29.8,3.96,70.9,0.39,1,0,0,0,0,0,0,0
I,I,Cl,0.333333333,0,0.666666667,MA,IIClMA,THTO,36,2.17,32.07,2.3,1.19,207,0.36,7.417,2.33,82,1.923333333,96.41666667,3.245666667,11.29,2.826666667,41,2.42E-01,4.00E-01,-6.40E-01,-6.01E-01,9.88E-01,3.41E-01,5.73E-02,-9.98E-01,-8.02E-01,2.27E-01,3,1.2,42.84,32,4.17,89.2,0.399,0,1,0,0,0,0,0,0
I,I,I,0,0,1,MA,IIIMA,THTO,35.99,2.17,32.07,2.3,1.19,207,0.36,7.417,2.33,82,1.98,126.9,3.06,10.451,2.66,53,3.41E-01,2.06E-01,-5.57E-01,-9.13E-01,9.86E-01,3.60E-01,4.19E-01,-9.99E-01,-7.98E-01,1.79E-02,3,1.2,42.84,32,4.17,89.2,0.399,0,1,0,0,0,0,0,0
Br,Br,Br,0,1,0,MA,BrBrBrMA,THTO,35.97,2.17,32.07,2.3,1.19,207,0.36,7.417,2.33,82,1.96,79.9,3.365,11.814,2.96,35,1.88E-01,-8.12E-01,-5.14E-01,6.31E-01,9.91E-01,4.03E-01,2.68E-01,-9.99E-01,-8.18E-01,1.36E-01,3,1.2,42.84,32,4.17,89.2,0.399,0,1,0,0,0,0,0,0
I,Br,Br,0,0.666666667,0.333333333,MA,IBrBrMA,DMSO,35.64,2.17,32.07,2.3,1.19,207,0.36,7.417,2.33,82,1.966666667,95.56666667,3.263333333,11.35966667,2.86,41,2.41E-01,-5.95E-01,-5.29E-01,-1.93E-02,9.90E-01,3.89E-01,3.20E-01,-9.99E-01,-8.11E-01,9.70E-02,3,1.02,46.7,29.8,3.96,70.9,0.39,1,0,0,0,0,0,0,0
Br,Br,Cl,0.333333333,0.666666667,0,FA,BrBrClFA,THTO,35.6,2.53,44.056,0.25,1.19,207,0.36,7.417,2.33,82,1.91,65.08333333,3.449,12.19866667,3.026666667,29,1.28E-01,-5.08E-01,-4.74E-01,7.52E-01,4.49E-01,1.94E-01,9.53E-01,-9.46E-01,5.32E-01,9.85E-01,2,1.2,42.84,32,4.17,89.2,0.399,0,1,0,0,0,0,0,0
I,Br,Br,0,0.666666667,0.333333333,MA,IBrBrMA,THTO,35.3,2.17,32.07,2.3,1.19,207,0.36,7.417,2.33,82,1.966666667,95.56666667,3.263333333,11.35966667,2.86,41,2.41E-01,-5.95E-01,-5.29E-01,-1.93E-02,9.90E-01,3.89E-01,3.20E-01,-9.99E-01,-8.11E-01,9.70E-02,3,1.2,42.84,32,4.17,89.2,0.399,0,1,0,0,0,0,0,0
I,I,I,0,0,1,MA,IIIMA,DMSO,34.31,2.17,32.07,2.3,1.19,207,0.36,7.417,2.33,82,1.98,126.9,3.06,10.451,2.66,53,3.41E-01,2.06E-01,-5.57E-01,-9.13E-01,9.86E-01,3.60E-01,4.19E-01,-9.99E-01,-7.98E-01,1.79E-02,3,1.02,46.7,29.8,3.96,70.9,0.39,1,0,0,0,0,0,0,0
I,I,Cl,0.333333333,0,0.666666667,FA,IIClFA,THTO,34.29,2.53,44.056,0.25,1.19,207,0.36,7.417,2.33,82,1.923333333,96.41666667,3.245666667,11.29,2.826666667,41,2.35E-01,3.22E-01,-5.05E-01,-4.97E-01,3.17E-01,1.61E-01,9.62E-01,-9.49E-01,5.59E-01,9.83E-01,2,1.2,42.84,32,4.17,89.2,0.399,0,1,0,0,0,0,0,0
Br,Br,Br,0,1,0,FA,BrBrBrFA,THTO,33.83,2.53,44.056,0.25,1.19,207,0.36,7.417,2.33,82,1.96,79.9,3.365,11.814,2.96,35,1.81E-01,-8.40E-01,-3.49E-01,7.13E-01,4.67E-01,2.30E-01,9.75E-01,-9.57E-01,5.27E-01,9.79E-01,2,1.2,42.84,32,4.17,89.2,0.399,0,1,0,0,0,0,0,0
I,Br,Cl,0.333333333,0.333333333,0.333333333,FA,IBrClFA,DMSO,33.76,2.53,44.056,0.25,1.19,207,0.36,7.417,2.33,82,1.916666667,80.75,3.347333333,11.74433333,2.926666667,35,1.82E-01,-1.12E-01,-4.89E-01,2.13E-01,3.85E-01,1.78E-01,9.58E-01,-9.47E-01,5.46E-01,9.84E-01,2,1.02,46.7,29.8,3.96,70.9,0.39,1,0,0,0,0,0,0,0
I,Br,Br,0,0.666666667,0.333333333,FA,IBrBrFA,DMSO,33.72,2.53,44.056,0.25,1.19,207,0.36,7.417,2.33,82,1.966666667,95.56666667,3.263333333,11.35966667,2.86,41,2.33E-01,-6.50E-01,-3.67E-01,1.30E-01,4.04E-01,2.14E-01,9.78E-01,-9.58E-01,5.41E-01,9.78E-01,2,1.02,46.7,29.8,3.96,70.9,0.39,1,0,0,0,0,0,0,0
I,I,Br,0,0.333333333,0.666666667,FA,IIBrFA,DMSO,32.75,2.53,44.056,0.25,1.19,207,0.36,7.417,2.33,82,1.973333333,111.2333333,3.161666667,10.90533333,2.76,47,2.85E-01,-3.16E-01,-3.84E-01,-5.59E-01,3.37E-01,1.98E-01,9.80E-01,-9.59E-01,5.54E-01,9.76E-01,2,1.02,46.7,29.8,3.96,70.9,0.39,1,0,0,0,0,0,0,0
I,I,I,0,0,1,FA,IIIFA,THTO,32.19,2.53,44.056,0.25,1.19,207,0.36,7.417,2.33,82,1.98,126.9,3.06,10.451,2.66,53,3.34E-01,1.19E-01,-4.02E-01,-8.84E-01,2.66E-01,1.82E-01,9.83E-01,-9.60E-01,5.68E-01,9.74E-01,2,1.2,42.84,32,4.17,89.2,0.399,0,1,0,0,0,0,0,0
Br,Br,Br,0,1,0,FA,BrBrBrFA,DMSO,31.76,2.53,44.056,0.25,1.19,207,0.36,7.417,2.33,82,1.96,79.9,3.365,11.814,2.96,35,1.81E-01,-8.40E-01,-3.49E-01,7.13E-01,4.67E-01,2.30E-01,9.75E-01,-9.57E-01,5.27E-01,9.79E-01,2,1.02,46.7,29.8,3.96,70.9,0.39,1,0,0,0,0,0,0,0
I,Br,Br,0,0.666666667,0.333333333,FA,IBrBrFA,THTO,29.99,2.53,44.056,0.25,1.19,207,0.36,7.417,2.33,82,1.966666667,95.56666667,3.263333333,11.35966667,2.86,41,2.33E-01,-6.50E-01,-3.67E-01,1.30E-01,4.04E-01,2.14E-01,9.78E-01,-9.58E-01,5.41E-01,9.78E-01,2,1.2,42.84,32,4.17,89.2,0.399,0,1,0,0,0,0,0,0
Cl,Cl,Cl,1,0,0,FA,ClClClFA,DMF,22.95,2.53,44.056,0.25,1.19,207,0.36,7.417,2.33,82,1.81,35.45,3.617,12.968,3.16,17,2.17E-02,6.43E-01,-6.73E-01,8.18E-01,4.13E-01,1.19E-01,8.33E-01,-9.16E-01,5.42E-01,9.93E-01,2,0.95,36.7,26.7,3.86,77.4,0.06,0,0,1,0,0,0,0,0
Br,Cl,Cl,0.666666667,0.333333333,0,FA,BrClClFA,DMF,22.26,2.53,44.056,0.25,1.19,207,0.36,7.417,2.33,82,1.86,50.26666667,3.533,12.58333333,3.093333333,23,7.52E-02,1.01E-01,-5.82E-01,7.87E-01,4.31E-01,1.57E-01,9.11E-01,-9.33E-01,5.37E-01,9.90E-01,2,0.95,36.7,26.7,3.86,77.4,0.06,0,0,1,0,0,0,0,0
Cl,Cl,Cl,1,0,0,Cs,ClClClCs,NMP,22.17,1.7,132.91,0,1.19,207,0.36,7.417,2.33,82,1.81,35.45,3.617,12.968,3.16,17,1.42E-01,6.06E-01,-8.61E-01,6.41E-01,8.88E-01,5.08E-01,-9.94E-01,-9.99E-01,9.69E-01,8.47E-01,0,1.1,32.3,27.3,4.09,96.2,-0.01,0,0,0,1,0,0,0,0
I,Cl,Cl,0.666666667,0,0.333333333,FA,IClClFA,NMP,22.12,2.53,44.056,0.25,1.19,207,0.36,7.417,2.33,82,1.866666667,65.93333333,3.431333333,12.129,2.993333333,29,1.30E-01,5.00E-01,-5.95E-01,2.94E-01,3.66E-01,1.40E-01,9.20E-01,-9.34E-01,5.50E-01,9.89E-01,2,1.1,32.3,27.3,4.09,96.2,-0.01,0,0,0,1,0,0,0,0
Br,Cl,Cl,0.666666667,0.333333333,0,FA,BrClClFA,NMP,21.92,2.53,44.056,0.25,1.19,207,0.36,7.417,2.33,82,1.86,50.26666667,3.533,12.58333333,3.093333333,23,7.52E-02,1.01E-01,-5.82E-01,7.87E-01,4.31E-01,1.57E-01,9.11E-01,-9.33E-01,5.37E-01,9.90E-01,2,1.1,32.3,27.3,4.09,96.2,-0.01,0,0,0,1,0,0,0,0
Br,Cl,Cl,0.666666667,0.333333333,0,MA,BrClClMA,NMP,21.92,2.17,32.07,2.3,1.19,207,0.36,7.417,2.33,82,1.86,50.26666667,3.533,12.58333333,3.093333333,23,8.31E-02,1.89E-01,-7.01E-01,7.23E-01,9.91E-01,3.37E-01,-3.70E-01,-9.98E-01,-8.13E-01,4.49E-01,3,1.1,32.3,27.3,4.09,96.2,-0.01,0,0,0,1,0,0,0,0
Cl,Cl,Cl,1,0,0,MA,ClClClMA,NMP,21.91,2.17,32.07,2.3,1.19,207,0.36,7.417,2.33,82,1.81,35.45,3.617,12.968,3.16,17,2.97E-02,6.93E-01,-7.70E-01,7.62E-01,9.90E-01,3.03E-01,-6.17E-01,-9.97E-01,-8.11E-01,5.76E-01,3,1.1,32.3,27.3,4.09,96.2,-0.01,0,0,0,1,0,0,0,0
Cl,Cl,Cl,1,0,0,Cs,ClClClCs,DMF,21.57,1.7,132.91,0,1.19,207,0.36,7.417,2.33,82,1.81,35.45,3.617,12.968,3.16,17,1.42E-01,6.06E-01,-8.61E-01,6.41E-01,8.88E-01,5.08E-01,-9.94E-01,-9.99E-01,9.69E-01,8.47E-01,0,0.95,36.7,26.7,3.86,77.4,0.06,0,0,1,0,0,0,0,0
I,Br,Cl,0.333333333,0.333333333,0.333333333,Cs,IBrClCs,NMP,21.5,1.7,132.91,0,1.19,207,0.36,7.417,2.33,82,1.916666667,80.75,3.347333333,11.74433333,2.926666667,35,2.96E-01,-1.72E-01,-7.69E-01,-1.72E-01,8.81E-01,5.51E-01,-9.76E-01,-9.99E-01,9.69E-01,6.95E-01,0,1.1,32.3,27.3,4.09,96.2,-0.01,0,0,0,1,0,0,0,0
I,Cl,Cl,0.666666667,0,0.333333333,Cs,IClClCs,NMP,21.46,1.7,132.91,0,1.19,207,0.36,7.417,2.33,82,1.866666667,65.93333333,3.431333333,12.129,2.993333333,29,2.47E-01,4.52E-01,-8.23E-01,-8.76E-02,8.76E-01,5.23E-01,-9.88E-01,-9.99E-01,9.69E-01,7.74E-01,0,1.1,32.3,27.3,4.09,96.2,-0.01,0,0,0,1,0,0,0,0
Br,Cl,Cl,0.666666667,0.333333333,0,Cs,BrClClCs,DMF,21.43,1.7,132.91,0,1.19,207,0.36,7.417,2.33,82,1.86,50.26666667,3.533,12.58333333,3.093333333,23,1.94E-01,4.08E-02,-8.17E-01,5.88E-01,8.93E-01,5.36E-01,-9.89E-01,-9.99E-01,9.68E-01,7.90E-01,0,0.95,36.7,26.7,3.86,77.4,0.06,0,0,1,0,0,0,0,0
Br,Cl,Cl,0.666666667,0.333333333,0,MA,BrClClMA,DMF,21.23,2.17,32.07,2.3,1.19,207,0.36,7.417,2.33,82,1.86,50.26666667,3.533,12.58333333,3.093333333,23,8.31E-02,1.89E-01,-7.01E-01,7.23E-01,9.91E-01,3.37E-01,-3.70E-01,-9.98E-01,-8.13E-01,4.49E-01,3,0.95,36.7,26.7,3.86,77.4,0.06,0,0,1,0,0,0,0,0
Br,Cl,Cl,0.666666667,0.333333333,0,Cs,BrClClCs,NMP,21.2,1.7,132.91,0,1.19,207,0.36,7.417,2.33,82,1.86,50.26666667,3.533,12.58333333,3.093333333,23,1.94E-01,4.08E-02,-8.17E-01,5.88E-01,8.93E-01,5.36E-01,-9.89E-01,-9.99E-01,9.68E-01,7.90E-01,0,1.1,32.3,27.3,4.09,96.2,-0.01,0,0,0,1,0,0,0,0
I,Cl,Cl,0.666666667,0,0.333333333,MA,IClClMA,NMP,20.98,2.17,32.07,2.3,1.19,207,0.36,7.417,2.33,82,1.866666667,65.93333333,3.431333333,12.129,2.993333333,29,1.37E-01,5.64E-01,-7.11E-01,1.51E-01,9.89E-01,3.22E-01,-3.20E-01,-9.98E-01,-8.07E-01,4.17E-01,3,1.1,32.3,27.3,4.09,96.2,-0.01,0,0,0,1,0,0,0,0
Br,Br,Cl,0.333333333,0.666666667,0,Cs,BrBrClCs,NMP,20.85,1.7,132.91,0,1.19,207,0.36,7.417,2.33,82,1.91,65.08333333,3.449,12.19866667,3.026666667,29,2.45E-01,-5.52E-01,-7.60E-01,5.28E-01,8.97E-01,5.62E-01,-9.79E-01,-9.99E-01,9.68E-01,7.15E-01,0,1.1,32.3,27.3,4.09,96.2,-0.01,0,0,0,1,0,0,0,0
I,Br,Cl,0.333333333,0.333333333,0.333333333,MA,IBrClMA,NMP,20.85,2.17,32.07,2.3,1.19,207,0.36,7.417,2.33,82,1.916666667,80.75,3.347333333,11.74433333,2.926666667,35,1.90E-01,-2.34E-02,-6.28E-01,6.64E-02,9.90E-01,3.56E-01,8.43E-05,-9.98E-01,-8.09E-01,2.64E-01,3,1.1,32.3,27.3,4.09,96.2,-0.01,0,0,0,1,0,0,0,0
I,Br,Cl,0.333333333,0.333333333,0.333333333,Cs,IBrClCs,DMF,20.81,1.7,132.91,0,1.19,207,0.36,7.417,2.33,82,1.916666667,80.75,3.347333333,11.74433333,2.926666667,35,2.96E-01,-1.72E-01,-7.69E-01,-1.72E-01,8.81E-01,5.51E-01,-9.76E-01,-9.99E-01,9.69E-01,6.95E-01,0,0.95,36.7,26.7,3.86,77.4,0.06,0,0,1,0,0,0,0,0
Cl,Cl,Cl,1,0,0,FA,ClClClFA,NMP,20.71,2.53,44.056,0.25,1.19,207,0.36,7.417,2.33,82,1.81,35.45,3.617,12.968,3.16,17,2.17E-02,6.43E-01,-6.73E-01,8.18E-01,4.13E-01,1.19E-01,8.33E-01,-9.16E-01,5.42E-01,9.93E-01,2,1.1,32.3,27.3,4.09,96.2,-0.01,0,0,0,1,0,0,0,0
I,Cl,Cl,0.666666667,0,0.333333333,MA,IClClMA,DMF,20.69,2.17,32.07,2.3,1.19,207,0.36,7.417,2.33,82,1.866666667,65.93333333,3.431333333,12.129,2.993333333,29,1.37E-01,5.64E-01,-7.11E-01,1.51E-01,9.89E-01,3.22E-01,-3.20E-01,-9.98E-01,-8.07E-01,4.17E-01,3,0.95,36.7,26.7,3.86,77.4,0.06,0,0,1,0,0,0,0,0
Br,Br,Br,0,1,0,Cs,BrBrBrCs,DMF,20.6,1.7,132.91,0,1.19,207,0.36,7.417,2.33,82,1.96,79.9,3.365,11.814,2.96,35,2.95E-01,-8.57E-01,-6.89E-01,4.64E-01,9.02E-01,5.88E-01,-9.59E-01,-9.99E-01,9.67E-01,6.20E-01,0,0.95,36.7,26.7,3.86,77.4,0.06,0,0,1,0,0,0,0,0
Br,Br,Br,0,1,0,Cs,BrBrBrCs,NMP,20.54,1.7,132.91,0,1.19,207,0.36,7.417,2.33,82,1.96,79.9,3.365,11.814,2.96,35,2.95E-01,-8.57E-01,-6.89E-01,4.64E-01,9.02E-01,5.88E-01,-9.59E-01,-9.99E-01,9.67E-01,6.20E-01,0,1.1,32.3,27.3,4.09,96.2,-0.01,0,0,0,1,0,0,0,0
Br,Br,Cl,0.333333333,0.666666667,0,MA,BrBrClMA,NMP,20.49,2.17,32.07,2.3,1.19,207,0.36,7.417,2.33,82,1.91,65.08333333,3.449,12.19866667,3.026666667,29,1.36E-01,-4.38E-01,-6.16E-01,6.79E-01,9.91E-01,3.70E-01,-5.72E-02,-9.98E-01,-8.16E-01,3.01E-01,3,1.1,32.3,27.3,4.09,96.2,-0.01,0,0,0,1,0,0,0,0
I,I,Br,0,0.333333333,0.666666667,Cs,IIBrCs,NMP,20.48,1.7,132.91,0,1.19,207,0.36,7.417,2.33,82,1.973333333,111.2333333,3.161666667,10.90533333,2.76,47,3.92E-01,-3.70E-01,-7.10E-01,-7.70E-01,8.68E-01,5.65E-01,-9.49E-01,-9.99E-01,9.70E-01,5.68E-01,0,1.1,32.3,27.3,4.09,96.2,-0.01,0,0,0,1,0,0,0,0
I,Br,Cl,0.333333333,0.333333333,0.333333333,MA,IBrClMA,DMF,20.47,2.17,32.07,2.3,1.19,207,0.36,7.417,2.33,82,1.916666667,80.75,3.347333333,11.74433333,2.926666667,35,1.90E-01,-2.34E-02,-6.28E-01,6.64E-02,9.90E-01,3.56E-01,8.43E-05,-9.98E-01,-8.09E-01,2.64E-01,3,0.95,36.7,26.7,3.86,77.4,0.06,0,0,1,0,0,0,0,0
Br,Br,Cl,0.333333333,0.666666667,0,MA,BrBrClMA,DMF,20.46,2.17,32.07,2.3,1.19,207,0.36,7.417,2.33,82,1.91,65.08333333,3.449,12.19866667,3.026666667,29,1.36E-01,-4.38E-01,-6.16E-01,6.79E-01,9.91E-01,3.70E-01,-5.72E-02,-9.98E-01,-8.16E-01,3.01E-01,3,0.95,36.7,26.7,3.86,77.4,0.06,0,0,1,0,0,0,0,0
I,Cl,Cl,0.666666667,0,0.333333333,Cs,IClClCs,DMF,20.44,1.7,132.91,0,1.19,207,0.36,7.417,2.33,82,1.866666667,65.93333333,3.431333333,12.129,2.993333333,29,2.47E-01,4.52E-01,-8.23E-01,-8.76E-02,8.76E-01,5.23E-01,-9.88E-01,-9.99E-01,9.69E-01,7.74E-01,0,0.95,36.7,26.7,3.86,77.4,0.06,0,0,1,0,0,0,0,0
I,I,Cl,0.333333333,0,0.666666667,Cs,IIClCs,DMF,20.34,1.7,132.91,0,1.19,207,0.36,7.417,2.33,82,1.923333333,96.41666667,3.245666667,11.29,2.826666667,41,3.46E-01,2.67E-01,-7.77E-01,-7.33E-01,8.62E-01,5.39E-01,-9.73E-01,-9.99E-01,9.70E-01,6.74E-01,0,0.95,36.7,26.7,3.86,77.4,0.06,0,0,1,0,0,0,0,0
I,I,Cl,0.333333333,0,0.666666667,MA,IIClMA,NMP,20.26,2.17,32.07,2.3,1.19,207,0.36,7.417,2.33,82,1.923333333,96.41666667,3.245666667,11.29,2.826666667,41,2.42E-01,4.00E-01,-6.40E-01,-6.01E-01,9.88E-01,3.41E-01,5.73E-02,-9.98E-01,-8.02E-01,2.27E-01,3,1.1,32.3,27.3,4.09,96.2,-0.01,0,0,0,1,0,0,0,0
Br,Br,Cl,0.333333333,0.666666667,0,FA,BrBrClFA,DMF,20.08,2.53,44.056,0.25,1.19,207,0.36,7.417,2.33,82,1.91,65.08333333,3.449,12.19866667,3.026666667,29,1.28E-01,-5.08E-01,-4.74E-01,7.52E-01,4.49E-01,1.94E-01,9.53E-01,-9.46E-01,5.32E-01,9.85E-01,2,0.95,36.7,26.7,3.86,77.4,0.06,0,0,1,0,0,0,0,0
I,I,Br,0,0.333333333,0.666666667,Cs,IIBrCs,DMF,20.03,1.7,132.91,0,1.19,207,0.36,7.417,2.33,82,1.973333333,111.2333333,3.161666667,10.90533333,2.76,47,3.92E-01,-3.70E-01,-7.10E-01,-7.70E-01,8.68E-01,5.65E-01,-9.49E-01,-9.99E-01,9.70E-01,5.68E-01,0,0.95,36.7,26.7,3.86,77.4,0.06,0,0,1,0,0,0,0,0
I,Br,Br,0,0.666666667,0.333333333,MA,IBrBrMA,NMP,19.99,2.17,32.07,2.3,1.19,207,0.36,7.417,2.33,82,1.966666667,95.56666667,3.263333333,11.35966667,2.86,41,2.41E-01,-5.95E-01,-5.29E-01,-1.93E-02,9.90E-01,3.89E-01,3.20E-01,-9.99E-01,-8.11E-01,9.70E-02,3,1.1,32.3,27.3,4.09,96.2,-0.01,0,0,0,1,0,0,0,0
I,I,Cl,0.333333333,0,0.666666667,Cs,IIClCs,NMP,19.96,1.7,132.91,0,1.19,207,0.36,7.417,2.33,82,1.923333333,96.41666667,3.245666667,11.29,2.826666667,41,3.46E-01,2.67E-01,-7.77E-01,-7.33E-01,8.62E-01,5.39E-01,-9.73E-01,-9.99E-01,9.70E-01,6.74E-01,0,1.1,32.3,27.3,4.09,96.2,-0.01,0,0,0,1,0,0,0,0
Cl,Cl,Cl,1,0,0,MA,ClClClMA,DMF,19.96,2.17,32.07,2.3,1.19,207,0.36,7.417,2.33,82,1.81,35.45,3.617,12.968,3.16,17,2.97E-02,6.93E-01,-7.70E-01,7.62E-01,9.90E-01,3.03E-01,-6.17E-01,-9.97E-01,-8.11E-01,5.76E-01,3,0.95,36.7,26.7,3.86,77.4,0.06,0,0,1,0,0,0,0,0
Br,Br,Cl,0.333333333,0.666666667,0,Cs,BrBrClCs,DMF,19.93,1.7,132.91,0,1.19,207,0.36,7.417,2.33,82,1.91,65.08333333,3.449,12.19866667,3.026666667,29,2.45E-01,-5.52E-01,-7.60E-01,5.28E-01,8.97E-01,5.62E-01,-9.79E-01,-9.99E-01,9.68E-01,7.15E-01,0,0.95,36.7,26.7,3.86,77.4,0.06,0,0,1,0,0,0,0,0
Br,Br,Cl,0.333333333,0.666666667,0,FA,BrBrClFA,NMP,19.91,2.53,44.056,0.25,1.19,207,0.36,7.417,2.33,82,1.91,65.08333333,3.449,12.19866667,3.026666667,29,1.28E-01,-5.08E-01,-4.74E-01,7.52E-01,4.49E-01,1.94E-01,9.53E-01,-9.46E-01,5.32E-01,9.85E-01,2,1.1,32.3,27.3,4.09,96.2,-0.01,0,0,0,1,0,0,0,0
I,I,Cl,0.333333333,0,0.666666667,MA,IIClMA,DMF,19.73,2.17,32.07,2.3,1.19,207,0.36,7.417,2.33,82,1.923333333,96.41666667,3.245666667,11.29,2.826666667,41,2.42E-01,4.00E-01,-6.40E-01,-6.01E-01,9.88E-01,3.41E-01,5.73E-02,-9.98E-01,-8.02E-01,2.27E-01,3,0.95,36.7,26.7,3.86,77.4,0.06,0,0,1,0,0,0,0,0
I,Br,Br,0,0.666666667,0.333333333,Cs,IBrBrCs,NMP,19.67,1.7,132.91,0,1.19,207,0.36,7.417,2.33,82,1.966666667,95.56666667,3.263333333,11.35966667,2.86,41,3.44E-01,-6.83E-01,-7.00E-01,-2.54E-01,8.86E-01,5.77E-01,-9.54E-01,-9.99E-01,9.68E-01,5.95E-01,0,1.1,32.3,27.3,4.09,96.2,-0.01,0,0,0,1,0,0,0,0
I,I,I,0,0,1,Cs,IIICs,NMP,19.61,1.7,132.91,0,1.19,207,0.36,7.417,2.33,82,1.98,126.9,3.06,10.451,2.66,53,4.37E-01,5.85E-02,-7.20E-01,-9.45E-01,8.47E-01,5.54E-01,-9.43E-01,-9.99E-01,9.71E-01,5.41E-01,0,1.1,32.3,27.3,4.09,96.2,-0.01,0,0,0,1,0,0,0,0
I,I,Br,0,0.333333333,0.666666667,MA,IIBrMA,NMP,19.56,2.17,32.07,2.3,1.19,207,0.36,7.417,2.33,82,1.973333333,111.2333333,3.161666667,10.90533333,2.76,47,2.92E-01,-2.34E-01,-5.43E-01,-6.53E-01,9.88E-01,3.74E-01,3.70E-01,-9.99E-01,-8.05E-01,5.76E-02,3,1.1,32.3,27.3,4.09,96.2,-0.01,0,0,0,1,0,0,0,0
I,I,Cl,0.333333333,0,0.666666667,FA,IIClFA,DMF,19.54,2.53,44.056,0.25,1.19,207,0.36,7.417,2.33,82,1.923333333,96.41666667,3.245666667,11.29,2.826666667,41,2.35E-01,3.22E-01,-5.05E-01,-4.97E-01,3.17E-01,1.61E-01,9.62E-01,-9.49E-01,5.59E-01,9.83E-01,2,0.95,36.7,26.7,3.86,77.4,0.06,0,0,1,0,0,0,0,0
I,Cl,Cl,0.666666667,0,0.333333333,FA,IClClFA,DMF,19.46,2.53,44.056,0.25,1.19,207,0.36,7.417,2.33,82,1.866666667,65.93333333,3.431333333,12.129,2.993333333,29,1.30E-01,5.00E-01,-5.95E-01,2.94E-01,3.66E-01,1.40E-01,9.20E-01,-9.34E-01,5.50E-01,9.89E-01,2,0.95,36.7,26.7,3.86,77.4,0.06,0,0,1,0,0,0,0,0
Br,Br,Br,0,1,0,MA,BrBrBrMA,DMF,19.14,2.17,32.07,2.3,1.19,207,0.36,7.417,2.33,82,1.96,79.9,3.365,11.814,2.96,35,1.88E-01,-8.12E-01,-5.14E-01,6.31E-01,9.91E-01,4.03E-01,2.68E-01,-9.99E-01,-8.18E-01,1.36E-01,3,0.95,36.7,26.7,3.86,77.4,0.06,0,0,1,0,0,0,0,0
I,Br,Br,0,0.666666667,0.333333333,Cs,IBrBrCs,DMF,19.07,1.7,132.91,0,1.19,207,0.36,7.417,2.33,82,1.966666667,95.56666667,3.263333333,11.35966667,2.86,41,3.44E-01,-6.83E-01,-7.00E-01,-2.54E-01,8.86E-01,5.77E-01,-9.54E-01,-9.99E-01,9.68E-01,5.95E-01,0,0.95,36.7,26.7,3.86,77.4,0.06,0,0,1,0,0,0,0,0
I,I,I,0,0,1,FA,IIIFA,DMF,19.06,2.53,44.056,0.25,1.19,207,0.36,7.417,2.33,82,1.98,126.9,3.06,10.451,2.66,53,3.34E-01,1.19E-01,-4.02E-01,-8.84E-01,2.66E-01,1.82E-01,9.83E-01,-9.60E-01,5.68E-01,9.74E-01,2,0.95,36.7,26.7,3.86,77.4,0.06,0,0,1,0,0,0,0,0
Br,Br,Br,0,1,0,MA,BrBrBrMA,NMP,18.8,2.17,32.07,2.3,1.19,207,0.36,7.417,2.33,82,1.96,79.9,3.365,11.814,2.96,35,1.88E-01,-8.12E-01,-5.14E-01,6.31E-01,9.91E-01,4.03E-01,2.68E-01,-9.99E-01,-8.18E-01,1.36E-01,3,1.1,32.3,27.3,4.09,96.2,-0.01,0,0,0,1,0,0,0,0
I,Br,Cl,0.333333333,0.333333333,0.333333333,FA,IBrClFA,NMP,18.74,2.53,44.056,0.25,1.19,207,0.36,7.417,2.33,82,1.916666667,80.75,3.347333333,11.74433333,2.926666667,35,1.82E-01,-1.12E-01,-4.89E-01,2.13E-01,3.85E-01,1.78E-01,9.58E-01,-9.47E-01,5.46E-01,9.84E-01,2,1.1,32.3,27.3,4.09,96.2,-0.01,0,0,0,1,0,0,0,0
I,I,I,0,0,1,MA,IIIMA,NMP,18.57,2.17,32.07,2.3,1.19,207,0.36,7.417,2.33,82,1.98,126.9,3.06,10.451,2.66,53,3.41E-01,2.06E-01,-5.57E-01,-9.13E-01,9.86E-01,3.60E-01,4.19E-01,-9.99E-01,-7.98E-01,1.79E-02,3,1.1,32.3,27.3,4.09,96.2,-0.01,0,0,0,1,0,0,0,0
I,Br,Br,0,0.666666667,0.333333333,MA,IBrBrMA,DMF,18.42,2.17,32.07,2.3,1.19,207,0.36,7.417,2.33,82,1.966666667,95.56666667,3.263333333,11.35966667,2.86,41,2.41E-01,-5.95E-01,-5.29E-01,-1.93E-02,9.90E-01,3.89E-01,3.20E-01,-9.99E-01,-8.11E-01,9.70E-02,3,0.95,36.7,26.7,3.86,77.4,0.06,0,0,1,0,0,0,0,0
Br,Br,Br,0,1,0,FA,BrBrBrFA,DMF,18.39,2.53,44.056,0.25,1.19,207,0.36,7.417,2.33,82,1.96,79.9,3.365,11.814,2.96,35,1.81E-01,-8.40E-01,-3.49E-01,7.13E-01,4.67E-01,2.30E-01,9.75E-01,-9.57E-01,5.27E-01,9.79E-01,2,0.95,36.7,26.7,3.86,77.4,0.06,0,0,1,0,0,0,0,0
I,I,I,0,0,1,Cs,IIICs,DMF,18.34,1.7,132.91,0,1.19,207,0.36,7.417,2.33,82,1.98,126.9,3.06,10.451,2.66,53,4.37E-01,5.85E-02,-7.20E-01,-9.45E-01,8.47E-01,5.54E-01,-9.43E-01,-9.99E-01,9.71E-01,5.41E-01,0,0.95,36.7,26.7,3.86,77.4,0.06,0,0,1,0,0,0,0,0
I,Br,Cl,0.333333333,0.333333333,0.333333333,FA,IBrClFA,DMF,18.29,2.53,44.056,0.25,1.19,207,0.36,7.417,2.33,82,1.916666667,80.75,3.347333333,11.74433333,2.926666667,35,1.82E-01,-1.12E-01,-4.89E-01,2.13E-01,3.85E-01,1.78E-01,9.58E-01,-9.47E-01,5.46E-01,9.84E-01,2,0.95,36.7,26.7,3.86,77.4,0.06,0,0,1,0,0,0,0,0
I,Br,Br,0,0.666666667,0.333333333,FA,IBrBrFA,DMF,18.17,2.53,44.056,0.25,1.19,207,0.36,7.417,2.33,82,1.966666667,95.56666667,3.263333333,11.35966667,2.86,41,2.33E-01,-6.50E-01,-3.67E-01,1.30E-01,4.04E-01,2.14E-01,9.78E-01,-9.58E-01,5.41E-01,9.78E-01,2,0.95,36.7,26.7,3.86,77.4,0.06,0,0,1,0,0,0,0,0
I,I,I,0,0,1,MA,IIIMA,DMF,17.68,2.17,32.07,2.3,1.19,207,0.36,7.417,2.33,82,1.98,126.9,3.06,10.451,2.66,53,3.41E-01,2.06E-01,-5.57E-01,-9.13E-01,9.86E-01,3.60E-01,4.19E-01,-9.99E-01,-7.98E-01,1.79E-02,3,0.95,36.7,26.7,3.86,77.4,0.06,0,0,1,0,0,0,0,0
I,Br,Br,0,0.666666667,0.333333333,FA,IBrBrFA,NMP,17.59,2.53,44.056,0.25,1.19,207,0.36,7.417,2.33,82,1.966666667,95.56666667,3.263333333,11.35966667,2.86,41,2.33E-01,-6.50E-01,-3.67E-01,1.30E-01,4.04E-01,2.14E-01,9.78E-01,-9.58E-01,5.41E-01,9.78E-01,2,1.1,32.3,27.3,4.09,96.2,-0.01,0,0,0,1,0,0,0,0
Br,Br,Br,0,1,0,FA,BrBrBrFA,NMP,17.13,2.53,44.056,0.25,1.19,207,0.36,7.417,2.33,82,1.96,79.9,3.365,11.814,2.96,35,1.81E-01,-8.40E-01,-3.49E-01,7.13E-01,4.67E-01,2.30E-01,9.75E-01,-9.57E-01,5.27E-01,9.79E-01,2,1.1,32.3,27.3,4.09,96.2,-0.01,0,0,0,1,0,0,0,0
I,I,Br,0,0.333333333,0.666666667,MA,IIBrMA,DMF,16.99,2.17,32.07,2.3,1.19,207,0.36,7.417,2.33,82,1.973333333,111.2333333,3.161666667,10.90533333,2.76,47,2.92E-01,-2.34E-01,-5.43E-01,-6.53E-01,9.88E-01,3.74E-01,3.70E-01,-9.99E-01,-8.05E-01,5.76E-02,3,0.95,36.7,26.7,3.86,77.4,0.06,0,0,1,0,0,0,0,0
I,I,Br,0,0.333333333,0.666666667,FA,IIBrFA,DMF,16.84,2.53,44.056,0.25,1.19,207,0.36,7.417,2.33,82,1.973333333,111.2333333,3.161666667,10.90533333,2.76,47,2.85E-01,-3.16E-01,-3.84E-01,-5.59E-01,3.37E-01,1.98E-01,9.80E-01,-9.59E-01,5.54E-01,9.76E-01,2,0.95,36.7,26.7,3.86,77.4,0.06,0,0,1,0,0,0,0,0
Br,Cl,Cl,0.666666667,0.333333333,0,FA,BrClClFA,ACETONE,16.57,2.53,44.056,0.25,1.19,207,0.36,7.417,2.33,82,1.86,50.26666667,3.533,12.58333333,3.093333333,23,7.52E-02,1.01E-01,-5.82E-01,7.87E-01,4.31E-01,1.57E-01,9.11E-01,-9.33E-01,5.37E-01,9.90E-01,2,0.78,20.7,17.5,2.69,73.7,-0.11,0,0,0,0,1,0,0,0
I,I,Br,0,0.333333333,0.666666667,FA,IIBrFA,NMP,16.28,2.53,44.056,0.25,1.19,207,0.36,7.417,2.33,82,1.973333333,111.2333333,3.161666667,10.90533333,2.76,47,2.85E-01,-3.16E-01,-3.84E-01,-5.59E-01,3.37E-01,1.98E-01,9.80E-01,-9.59E-01,5.54E-01,9.76E-01,2,1.1,32.3,27.3,4.09,96.2,-0.01,0,0,0,1,0,0,0,0
I,I,Cl,0.333333333,0,0.666666667,FA,IIClFA,NMP,15.96,2.53,44.056,0.25,1.19,207,0.36,7.417,2.33,82,1.923333333,96.41666667,3.245666667,11.29,2.826666667,41,2.35E-01,3.22E-01,-5.05E-01,-4.97E-01,3.17E-01,1.61E-01,9.62E-01,-9.49E-01,5.59E-01,9.83E-01,2,1.1,32.3,27.3,4.09,96.2,-0.01,0,0,0,1,0,0,0,0
Cl,Cl,Cl,1,0,0,MA,ClClClMA,ACETONE,15.87,2.17,32.07,2.3,1.19,207,0.36,7.417,2.33,82,1.81,35.45,3.617,12.968,3.16,17,2.97E-02,6.93E-01,-7.70E-01,7.62E-01,9.90E-01,3.03E-01,-6.17E-01,-9.97E-01,-8.11E-01,5.76E-01,3,0.78,20.7,17.5,2.69,73.7,-0.11,0,0,0,0,1,0,0,0
Cl,Cl,Cl,1,0,0,Cs,ClClClCs,ACETONE,15.83,1.7,132.91,0,1.19,207,0.36,7.417,2.33,82,1.81,35.45,3.617,12.968,3.16,17,1.42E-01,6.06E-01,-8.61E-01,6.41E-01,8.88E-01,5.08E-01,-9.94E-01,-9.99E-01,9.69E-01,8.47E-01,0,0.78,20.7,17.5,2.69,73.7,-0.11,0,0,0,0,1,0,0,0
Br,Br,Br,0,1,0,Cs,BrBrBrCs,ACETONE,15.63,1.7,132.91,0,1.19,207,0.36,7.417,2.33,82,1.96,79.9,3.365,11.814,2.96,35,2.95E-01,-8.57E-01,-6.89E-01,4.64E-01,9.02E-01,5.88E-01,-9.59E-01,-9.99E-01,9.67E-01,6.20E-01,0,0.78,20.7,17.5,2.69,73.7,-0.11,0,0,0,0,1,0,0,0
I,Br,Cl,0.333333333,0.333333333,0.333333333,Cs,IBrClCs,ACETONE,15.56,1.7,132.91,0,1.19,207,0.36,7.417,2.33,82,1.916666667,80.75,3.347333333,11.74433333,2.926666667,35,2.96E-01,-1.72E-01,-7.69E-01,-1.72E-01,8.81E-01,5.51E-01,-9.76E-01,-9.99E-01,9.69E-01,6.95E-01,0,0.78,20.7,17.5,2.69,73.7,-0.11,0,0,0,0,1,0,0,0
I,Cl,Cl,0.666666667,0,0.333333333,MA,IClClMA,ACETONE,15.52,2.17,32.07,2.3,1.19,207,0.36,7.417,2.33,82,1.866666667,65.93333333,3.431333333,12.129,2.993333333,29,1.37E-01,5.64E-01,-7.11E-01,1.51E-01,9.89E-01,3.22E-01,-3.20E-01,-9.98E-01,-8.07E-01,4.17E-01,3,0.78,20.7,17.5,2.69,73.7,-0.11,0,0,0,0,1,0,0,0
Br,Br,Cl,0.333333333,0.666666667,0,FA,BrBrClFA,ACETONE,15.3,2.53,44.056,0.25,1.19,207,0.36,7.417,2.33,82,1.91,65.08333333,3.449,12.19866667,3.026666667,29,1.28E-01,-5.08E-01,-4.74E-01,7.52E-01,4.49E-01,1.94E-01,9.53E-01,-9.46E-01,5.32E-01,9.85E-01,2,0.78,20.7,17.5,2.69,73.7,-0.11,0,0,0,0,1,0,0,0
Br,Br,Cl,0.333333333,0.666666667,0,Cs,BrBrClCs,ACETONE,15.25,1.7,132.91,0,1.19,207,0.36,7.417,2.33,82,1.91,65.08333333,3.449,12.19866667,3.026666667,29,2.45E-01,-5.52E-01,-7.60E-01,5.28E-01,8.97E-01,5.62E-01,-9.79E-01,-9.99E-01,9.68E-01,7.15E-01,0,0.78,20.7,17.5,2.69,73.7,-0.11,0,0,0,0,1,0,0,0
Br,Br,Br,0,1,0,MA,BrBrBrMA,ACETONE,15.14,2.17,32.07,2.3,1.19,207,0.36,7.417,2.33,82,1.96,79.9,3.365,11.814,2.96,35,1.88E-01,-8.12E-01,-5.14E-01,6.31E-01,9.91E-01,4.03E-01,2.68E-01,-9.99E-01,-8.18E-01,1.36E-01,3,0.78,20.7,17.5,2.69,73.7,-0.11,0,0,0,0,1,0,0,0
Br,Cl,Cl,0.666666667,0.333333333,0,Cs,BrClClCs,ACETONE,15.12,1.7,132.91,0,1.19,207,0.36,7.417,2.33,82,1.86,50.26666667,3.533,12.58333333,3.093333333,23,1.94E-01,4.08E-02,-8.17E-01,5.88E-01,8.93E-01,5.36E-01,-9.89E-01,-9.99E-01,9.68E-01,7.90E-01,0,0.78,20.7,17.5,2.69,73.7,-0.11,0,0,0,0,1,0,0,0
I,Cl,Cl,0.666666667,0,0.333333333,Cs,IClClCs,ACETONE,15.08,1.7,132.91,0,1.19,207,0.36,7.417,2.33,82,1.866666667,65.93333333,3.431333333,12.129,2.993333333,29,2.47E-01,4.52E-01,-8.23E-01,-8.76E-02,8.76E-01,5.23E-01,-9.88E-01,-9.99E-01,9.69E-01,7.74E-01,0,0.78,20.7,17.5,2.69,73.7,-0.11,0,0,0,0,1,0,0,0
Cl,Cl,Cl,1,0,0,FA,ClClClFA,METHA,14.99,2.53,44.056,0.25,1.19,207,0.36,7.417,2.33,82,1.81,35.45,3.617,12.968,3.16,17,2.17E-02,6.43E-01,-6.73E-01,8.18E-01,4.13E-01,1.19E-01,8.33E-01,-9.16E-01,5.42E-01,9.93E-01,2,0.85,10.9,1,2.8,82.5,-0.08,0,0,0,0,0,1,0,0
Br,Cl,Cl,0.666666667,0.333333333,0,MA,BrClClMA,ACETONE,14.97,2.17,32.07,2.3,1.19,207,0.36,7.417,2.33,82,1.86,50.26666667,3.533,12.58333333,3.093333333,23,8.31E-02,1.89E-01,-7.01E-01,7.23E-01,9.91E-01,3.37E-01,-3.70E-01,-9.98E-01,-8.13E-01,4.49E-01,3,0.78,20.7,17.5,2.69,73.7,-0.11,0,0,0,0,1,0,0,0
I,I,Cl,0.333333333,0,0.666666667,Cs,IIClCs,ACETONE,14.89,1.7,132.91,0,1.19,207,0.36,7.417,2.33,82,1.923333333,96.41666667,3.245666667,11.29,2.826666667,41,3.46E-01,2.67E-01,-7.77E-01,-7.33E-01,8.62E-01,5.39E-01,-9.73E-01,-9.99E-01,9.70E-01,6.74E-01,0,0.78,20.7,17.5,2.69,73.7,-0.11,0,0,0,0,1,0,0,0
I,I,I,0,0,1,FA,IIIFA,NMP,14.87,2.53,44.056,0.25,1.19,207,0.36,7.417,2.33,82,1.98,126.9,3.06,10.451,2.66,53,3.34E-01,1.19E-01,-4.02E-01,-8.84E-01,2.66E-01,1.82E-01,9.83E-01,-9.60E-01,5.68E-01,9.74E-01,2,1.1,32.3,27.3,4.09,96.2,-0.01,0,0,0,1,0,0,0,0
Cl,Cl,Cl,1,0,0,FA,ClClClFA,ACETONE,14.85,2.53,44.056,0.25,1.19,207,0.36,7.417,2.33,82,1.81,35.45,3.617,12.968,3.16,17,2.17E-02,6.43E-01,-6.73E-01,8.18E-01,4.13E-01,1.19E-01,8.33E-01,-9.16E-01,5.42E-01,9.93E-01,2,0.78,20.7,17.5,2.69,73.7,-0.11,0,0,0,0,1,0,0,0
Br,Br,Cl,0.333333333,0.666666667,0,MA,BrBrClMA,ACETONE,14.79,2.17,32.07,2.3,1.19,207,0.36,7.417,2.33,82,1.91,65.08333333,3.449,12.19866667,3.026666667,29,1.36E-01,-4.38E-01,-6.16E-01,6.79E-01,9.91E-01,3.70E-01,-5.72E-02,-9.98E-01,-8.16E-01,3.01E-01,3,0.78,20.7,17.5,2.69,73.7,-0.11,0,0,0,0,1,0,0,0
I,I,Br,0,0.333333333,0.666666667,Cs,IIBrCs,ACETONE,14.77,1.7,132.91,0,1.19,207,0.36,7.417,2.33,82,1.973333333,111.2333333,3.161666667,10.90533333,2.76,47,3.92E-01,-3.70E-01,-7.10E-01,-7.70E-01,8.68E-01,5.65E-01,-9.49E-01,-9.99E-01,9.70E-01,5.68E-01,0,0.78,20.7,17.5,2.69,73.7,-0.11,0,0,0,0,1,0,0,0
I,Br,Cl,0.333333333,0.333333333,0.333333333,MA,IBrClMA,ACETONE,14.65,2.17,32.07,2.3,1.19,207,0.36,7.417,2.33,82,1.916666667,80.75,3.347333333,11.74433333,2.926666667,35,1.90E-01,-2.34E-02,-6.28E-01,6.64E-02,9.90E-01,3.56E-01,8.43E-05,-9.98E-01,-8.09E-01,2.64E-01,3,0.78,20.7,17.5,2.69,73.7,-0.11,0,0,0,0,1,0,0,0
Br,Br,Cl,0.333333333,0.666666667,0,FA,BrBrClFA,GBL,14.56,2.53,44.056,0.25,1.19,207,0.36,7.417,2.33,82,1.91,65.08333333,3.449,12.19866667,3.026666667,29,1.28E-01,-5.08E-01,-4.74E-01,7.52E-01,4.49E-01,1.94E-01,9.53E-01,-9.46E-01,5.32E-01,9.85E-01,2,1.05,40.24,18.3,4.24,76.5,-0.1,0,0,0,0,0,0,1,0
I,I,Cl,0.333333333,0,0.666666667,MA,IIClMA,ACETONE,14.45,2.17,32.07,2.3,1.19,207,0.36,7.417,2.33,82,1.923333333,96.41666667,3.245666667,11.29,2.826666667,41,2.42E-01,4.00E-01,-6.40E-01,-6.01E-01,9.88E-01,3.41E-01,5.73E-02,-9.98E-01,-8.02E-01,2.27E-01,3,0.78,20.7,17.5,2.69,73.7,-0.11,0,0,0,0,1,0,0,0
I,I,Cl,0.333333333,0,0.666666667,FA,IIClFA,ACETONE,14.45,2.53,44.056,0.25,1.19,207,0.36,7.417,2.33,82,1.923333333,96.41666667,3.245666667,11.29,2.826666667,41,2.35E-01,3.22E-01,-5.05E-01,-4.97E-01,3.17E-01,1.61E-01,9.62E-01,-9.49E-01,5.59E-01,9.83E-01,2,0.78,20.7,17.5,2.69,73.7,-0.11,0,0,0,0,1,0,0,0
I,Br,Br,0,0.666666667,0.333333333,Cs,IBrBrCs,ACETONE,14.37,1.7,132.91,0,1.19,207,0.36,7.417,2.33,82,1.966666667,95.56666667,3.263333333,11.35966667,2.86,41,3.44E-01,-6.83E-01,-7.00E-01,-2.54E-01,8.86E-01,5.77E-01,-9.54E-01,-9.99E-01,9.68E-01,5.95E-01,0,0.78,20.7,17.5,2.69,73.7,-0.11,0,0,0,0,1,0,0,0
Br,Cl,Cl,0.666666667,0.333333333,0,FA,BrClClFA,METHA,14.2,2.53,44.056,0.25,1.19,207,0.36,7.417,2.33,82,1.86,50.26666667,3.533,12.58333333,3.093333333,23,7.52E-02,1.01E-01,-5.82E-01,7.87E-01,4.31E-01,1.57E-01,9.11E-01,-9.33E-01,5.37E-01,9.90E-01,2,0.85,10.9,1,2.8,82.5,-0.08,0,0,0,0,0,1,0,0
I,Br,Br,0,0.666666667,0.333333333,MA,IBrBrMA,ACETONE,14.17,2.17,32.07,2.3,1.19,207,0.36,7.417,2.33,82,1.966666667,95.56666667,3.263333333,11.35966667,2.86,41,2.41E-01,-5.95E-01,-5.29E-01,-1.93E-02,9.90E-01,3.89E-01,3.20E-01,-9.99E-01,-8.11E-01,9.70E-02,3,0.78,20.7,17.5,2.69,73.7,-0.11,0,0,0,0,1,0,0,0
Cl,Cl,Cl,1,0,0,Cs,ClClClCs,METHA,14.16,1.7,132.91,0,1.19,207,0.36,7.417,2.33,82,1.81,35.45,3.617,12.968,3.16,17,1.42E-01,6.06E-01,-8.61E-01,6.41E-01,8.88E-01,5.08E-01,-9.94E-01,-9.99E-01,9.69E-01,8.47E-01,0,0.85,10.9,1,2.8,82.5,-0.08,0,0,0,0,0,1,0,0
Br,Br,Br,0,1,0,MA,BrBrBrMA,METHA,14.01,2.17,32.07,2.3,1.19,207,0.36,7.417,2.33,82,1.96,79.9,3.365,11.814,2.96,35,1.88E-01,-8.12E-01,-5.14E-01,6.31E-01,9.91E-01,4.03E-01,2.68E-01,-9.99E-01,-8.18E-01,1.36E-01,3,0.85,10.9,1,2.8,82.5,-0.08,0,0,0,0,0,1,0,0
I,Cl,Cl,0.666666667,0,0.333333333,FA,IClClFA,ACETONE,13.97,2.53,44.056,0.25,1.19,207,0.36,7.417,2.33,82,1.866666667,65.93333333,3.431333333,12.129,2.993333333,29,1.30E-01,5.00E-01,-5.95E-01,2.94E-01,3.66E-01,1.40E-01,9.20E-01,-9.34E-01,5.50E-01,9.89E-01,2,0.78,20.7,17.5,2.69,73.7,-0.11,0,0,0,0,1,0,0,0
I,I,I,0,0,1,Cs,IIICs,ACETONE,13.96,1.7,132.91,0,1.19,207,0.36,7.417,2.33,82,1.98,126.9,3.06,10.451,2.66,53,4.37E-01,5.85E-02,-7.20E-01,-9.45E-01,8.47E-01,5.54E-01,-9.43E-01,-9.99E-01,9.71E-01,5.41E-01,0,0.78,20.7,17.5,2.69,73.7,-0.11,0,0,0,0,1,0,0,0
Br,Cl,Cl,0.666666667,0.333333333,0,Cs,BrClClCs,METHA,13.91,1.7,132.91,0,1.19,207,0.36,7.417,2.33,82,1.86,50.26666667,3.533,12.58333333,3.093333333,23,1.94E-01,4.08E-02,-8.17E-01,5.88E-01,8.93E-01,5.36E-01,-9.89E-01,-9.99E-01,9.68E-01,7.90E-01,0,0.85,10.9,1,2.8,82.5,-0.08,0,0,0,0,0,1,0,0
Cl,Cl,Cl,1,0,0,MA,ClClClMA,METHA,13.9,2.17,32.07,2.3,1.19,207,0.36,7.417,2.33,82,1.81,35.45,3.617,12.968,3.16,17,2.97E-02,6.93E-01,-7.70E-01,7.62E-01,9.90E-01,3.03E-01,-6.17E-01,-9.97E-01,-8.11E-01,5.76E-01,3,0.85,10.9,1,2.8,82.5,-0.08,0,0,0,0,0,1,0,0
Br,Br,Br,0,1,0,Cs,BrBrBrCs,METHA,13.78,1.7,132.91,0,1.19,207,0.36,7.417,2.33,82,1.96,79.9,3.365,11.814,2.96,35,2.95E-01,-8.57E-01,-6.89E-01,4.64E-01,9.02E-01,5.88E-01,-9.59E-01,-9.99E-01,9.67E-01,6.20E-01,0,0.85,10.9,1,2.8,82.5,-0.08,0,0,0,0,0,1,0,0
Br,Cl,Cl,0.666666667,0.333333333,0,MA,BrClClMA,METHA,13.66,2.17,32.07,2.3,1.19,207,0.36,7.417,2.33,82,1.86,50.26666667,3.533,12.58333333,3.093333333,23,8.31E-02,1.89E-01,-7.01E-01,7.23E-01,9.91E-01,3.37E-01,-3.70E-01,-9.98E-01,-8.13E-01,4.49E-01,3,0.85,10.9,1,2.8,82.5,-0.08,0,0,0,0,0,1,0,0
I,Br,Cl,0.333333333,0.333333333,0.333333333,MA,IBrClMA,METHA,13.61,2.17,32.07,2.3,1.19,207,0.36,7.417,2.33,82,1.916666667,80.75,3.347333333,11.74433333,2.926666667,35,1.90E-01,-2.34E-02,-6.28E-01,6.64E-02,9.90E-01,3.56E-01,8.43E-05,-9.98E-01,-8.09E-01,2.64E-01,3,0.85,10.9,1,2.8,82.5,-0.08,0,0,0,0,0,1,0,0
I,I,Cl,0.333333333,0,0.666666667,MA,IIClMA,GBL,13.58,2.17,32.07,2.3,1.19,207,0.36,7.417,2.33,82,1.923333333,96.41666667,3.245666667,11.29,2.826666667,41,2.42E-01,4.00E-01,-6.40E-01,-6.01E-01,9.88E-01,3.41E-01,5.73E-02,-9.98E-01,-8.02E-01,2.27E-01,3,1.05,40.24,18.3,4.24,76.5,-0.1,0,0,0,0,0,0,1,0
Br,Cl,Cl,0.666666667,0.333333333,0,Cs,BrClClCs,GBL,13.49,1.7,132.91,0,1.19,207,0.36,7.417,2.33,82,1.86,50.26666667,3.533,12.58333333,3.093333333,23,1.94E-01,4.08E-02,-8.17E-01,5.88E-01,8.93E-01,5.36E-01,-9.89E-01,-9.99E-01,9.68E-01,7.90E-01,0,1.05,40.24,18.3,4.24,76.5,-0.1,0,0,0,0,0,0,1,0
I,I,I,0,0,1,MA,IIIMA,ACETONE,13.49,2.17,32.07,2.3,1.19,207,0.36,7.417,2.33,82,1.98,126.9,3.06,10.451,2.66,53,3.41E-01,2.06E-01,-5.57E-01,-9.13E-01,9.86E-01,3.60E-01,4.19E-01,-9.99E-01,-7.98E-01,1.79E-02,3,0.78,20.7,17.5,2.69,73.7,-0.11,0,0,0,0,1,0,0,0
Br,Br,Br,0,1,0,FA,BrBrBrFA,METHA,13.45,2.53,44.056,0.25,1.19,207,0.36,7.417,2.33,82,1.96,79.9,3.365,11.814,2.96,35,1.81E-01,-8.40E-01,-3.49E-01,7.13E-01,4.67E-01,2.30E-01,9.75E-01,-9.57E-01,5.27E-01,9.79E-01,2,0.85,10.9,1,2.8,82.5,-0.08,0,0,0,0,0,1,0,0
I,Cl,Cl,0.666666667,0,0.333333333,FA,IClClFA,GBL,13.43,2.53,44.056,0.25,1.19,207,0.36,7.417,2.33,82,1.866666667,65.93333333,3.431333333,12.129,2.993333333,29,1.30E-01,5.00E-01,-5.95E-01,2.94E-01,3.66E-01,1.40E-01,9.20E-01,-9.34E-01,5.50E-01,9.89E-01,2,1.05,40.24,18.3,4.24,76.5,-0.1,0,0,0,0,0,0,1,0
Cl,Cl,Cl,1,0,0,Cs,ClClClCs,GBL,13.42,1.7,132.91,0,1.19,207,0.36,7.417,2.33,82,1.81,35.45,3.617,12.968,3.16,17,1.42E-01,6.06E-01,-8.61E-01,6.41E-01,8.88E-01,5.08E-01,-9.94E-01,-9.99E-01,9.69E-01,8.47E-01,0,1.05,40.24,18.3,4.24,76.5,-0.1,0,0,0,0,0,0,1,0
I,Br,Cl,0.333333333,0.333333333,0.333333333,FA,IBrClFA,ACETONE,13.4,2.53,44.056,0.25,1.19,207,0.36,7.417,2.33,82,1.916666667,80.75,3.347333333,11.74433333,2.926666667,35,1.82E-01,-1.12E-01,-4.89E-01,2.13E-01,3.85E-01,1.78E-01,9.58E-01,-9.47E-01,5.46E-01,9.84E-01,2,0.78,20.7,17.5,2.69,73.7,-0.11,0,0,0,0,1,0,0,0
I,Cl,Cl,0.666666667,0,0.333333333,MA,IClClMA,METHA,13.36,2.17,32.07,2.3,1.19,207,0.36,7.417,2.33,82,1.866666667,65.93333333,3.431333333,12.129,2.993333333,29,1.37E-01,5.64E-01,-7.11E-01,1.51E-01,9.89E-01,3.22E-01,-3.20E-01,-9.98E-01,-8.07E-01,4.17E-01,3,0.85,10.9,1,2.8,82.5,-0.08,0,0,0,0,0,1,0,0
Br,Br,Br,0,1,0,MA,BrBrBrMA,GBL,13.26,2.17,32.07,2.3,1.19,207,0.36,7.417,2.33,82,1.96,79.9,3.365,11.814,2.96,35,1.88E-01,-8.12E-01,-5.14E-01,6.31E-01,9.91E-01,4.03E-01,2.68E-01,-9.99E-01,-8.18E-01,1.36E-01,3,1.05,40.24,18.3,4.24,76.5,-0.1,0,0,0,0,0,0,1,0
I,Cl,Cl,0.666666667,0,0.333333333,Cs,IClClCs,METHA,13.24,1.7,132.91,0,1.19,207,0.36,7.417,2.33,82,1.866666667,65.93333333,3.431333333,12.129,2.993333333,29,2.47E-01,4.52E-01,-8.23E-01,-8.76E-02,8.76E-01,5.23E-01,-9.88E-01,-9.99E-01,9.69E-01,7.74E-01,0,0.85,10.9,1,2.8,82.5,-0.08,0,0,0,0,0,1,0,0
I,Cl,Cl,0.666666667,0,0.333333333,FA,IClClFA,METHA,13.19,2.53,44.056,0.25,1.19,207,0.36,7.417,2.33,82,1.866666667,65.93333333,3.431333333,12.129,2.993333333,29,1.30E-01,5.00E-01,-5.95E-01,2.94E-01,3.66E-01,1.40E-01,9.20E-01,-9.34E-01,5.50E-01,9.89E-01,2,0.85,10.9,1,2.8,82.5,-0.08,0,0,0,0,0,1,0,0
I,Br,Cl,0.333333333,0.333333333,0.333333333,FA,IBrClFA,METHA,13.14,2.53,44.056,0.25,1.19,207,0.36,7.417,2.33,82,1.916666667,80.75,3.347333333,11.74433333,2.926666667,35,1.82E-01,-1.12E-01,-4.89E-01,2.13E-01,3.85E-01,1.78E-01,9.58E-01,-9.47E-01,5.46E-01,9.84E-01,2,0.85,10.9,1,2.8,82.5,-0.08,0,0,0,0,0,1,0,0
Cl,Cl,Cl,1,0,0,MA,ClClClMA,GBL,13.11,2.17,32.07,2.3,1.19,207,0.36,7.417,2.33,82,1.81,35.45,3.617,12.968,3.16,17,2.97E-02,6.93E-01,-7.70E-01,7.62E-01,9.90E-01,3.03E-01,-6.17E-01,-9.97E-01,-8.11E-01,5.76E-01,3,1.05,40.24,18.3,4.24,76.5,-0.1,0,0,0,0,0,0,1,0
Br,Br,Cl,0.333333333,0.666666667,0,FA,BrBrClFA,METHA,13.08,2.53,44.056,0.25,1.19,207,0.36,7.417,2.33,82,1.91,65.08333333,3.449,12.19866667,3.026666667,29,1.28E-01,-5.08E-01,-4.74E-01,7.52E-01,4.49E-01,1.94E-01,9.53E-01,-9.46E-01,5.32E-01,9.85E-01,2,0.85,10.9,1,2.8,82.5,-0.08,0,0,0,0,0,1,0,0
I,Br,Br,0,0.666666667,0.333333333,Cs,IBrBrCs,GBL,13.06,1.7,132.91,0,1.19,207,0.36,7.417,2.33,82,1.966666667,95.56666667,3.263333333,11.35966667,2.86,41,3.44E-01,-6.83E-01,-7.00E-01,-2.54E-01,8.86E-01,5.77E-01,-9.54E-01,-9.99E-01,9.68E-01,5.95E-01,0,1.05,40.24,18.3,4.24,76.5,-0.1,0,0,0,0,0,0,1,0
I,I,Cl,0.333333333,0,0.666666667,FA,IIClFA,METHA,13.05,2.53,44.056,0.25,1.19,207,0.36,7.417,2.33,82,1.923333333,96.41666667,3.245666667,11.29,2.826666667,41,2.35E-01,3.22E-01,-5.05E-01,-4.97E-01,3.17E-01,1.61E-01,9.62E-01,-9.49E-01,5.59E-01,9.83E-01,2,0.85,10.9,1,2.8,82.5,-0.08,0,0,0,0,0,1,0,0
Br,Br,Br,0,1,0,Cs,BrBrBrCs,GBL,13.01,1.7,132.91,0,1.19,207,0.36,7.417,2.33,82,1.96,79.9,3.365,11.814,2.96,35,2.95E-01,-8.57E-01,-6.89E-01,4.64E-01,9.02E-01,5.88E-01,-9.59E-01,-9.99E-01,9.67E-01,6.20E-01,0,1.05,40.24,18.3,4.24,76.5,-0.1,0,0,0,0,0,0,1,0
I,I,Br,0,0.333333333,0.666666667,MA,IIBrMA,METHA,13,2.17,32.07,2.3,1.19,207,0.36,7.417,2.33,82,1.973333333,111.2333333,3.161666667,10.90533333,2.76,47,2.92E-01,-2.34E-01,-5.43E-01,-6.53E-01,9.88E-01,3.74E-01,3.70E-01,-9.99E-01,-8.05E-01,5.76E-02,3,0.85,10.9,1,2.8,82.5,-0.08,0,0,0,0,0,1,0,0
Br,Cl,Cl,0.666666667,0.333333333,0,MA,BrClClMA,GBL,13,2.17,32.07,2.3,1.19,207,0.36,7.417,2.33,82,1.86,50.26666667,3.533,12.58333333,3.093333333,23,8.31E-02,1.89E-01,-7.01E-01,7.23E-01,9.91E-01,3.37E-01,-3.70E-01,-9.98E-01,-8.13E-01,4.49E-01,3,1.05,40.24,18.3,4.24,76.5,-0.1,0,0,0,0,0,0,1,0
I,Br,Cl,0.333333333,0.333333333,0.333333333,Cs,IBrClCs,METHA,12.86,1.7,132.91,0,1.19,207,0.36,7.417,2.33,82,1.916666667,80.75,3.347333333,11.74433333,2.926666667,35,2.96E-01,-1.72E-01,-7.69E-01,-1.72E-01,8.81E-01,5.51E-01,-9.76E-01,-9.99E-01,9.69E-01,6.95E-01,0,0.85,10.9,1,2.8,82.5,-0.08,0,0,0,0,0,1,0,0
I,I,I,0,0,1,FA,IIIFA,ACETONE,12.73,2.53,44.056,0.25,1.19,207,0.36,7.417,2.33,82,1.98,126.9,3.06,10.451,2.66,53,3.34E-01,1.19E-01,-4.02E-01,-8.84E-01,2.66E-01,1.82E-01,9.83E-01,-9.60E-01,5.68E-01,9.74E-01,2,0.78,20.7,17.5,2.69,73.7,-0.11,0,0,0,0,1,0,0,0
I,I,Br,0,0.333333333,0.666666667,MA,IIBrMA,ACETONE,12.71,2.17,32.07,2.3,1.19,207,0.36,7.417,2.33,82,1.973333333,111.2333333,3.161666667,10.90533333,2.76,47,2.92E-01,-2.34E-01,-5.43E-01,-6.53E-01,9.88E-01,3.74E-01,3.70E-01,-9.99E-01,-8.05E-01,5.76E-02,3,0.78,20.7,17.5,2.69,73.7,-0.11,0,0,0,0,1,0,0,0
Cl,Cl,Cl,1,0,0,FA,ClClClFA,GBL,12.68,2.53,44.056,0.25,1.19,207,0.36,7.417,2.33,82,1.81,35.45,3.617,12.968,3.16,17,2.17E-02,6.43E-01,-6.73E-01,8.18E-01,4.13E-01,1.19E-01,8.33E-01,-9.16E-01,5.42E-01,9.93E-01,2,1.05,40.24,18.3,4.24,76.5,-0.1,0,0,0,0,0,0,1,0
I,Br,Br,0,0.666666667,0.333333333,MA,IBrBrMA,METHA,12.63,2.17,32.07,2.3,1.19,207,0.36,7.417,2.33,82,1.966666667,95.56666667,3.263333333,11.35966667,2.86,41,2.41E-01,-5.95E-01,-5.29E-01,-1.93E-02,9.90E-01,3.89E-01,3.20E-01,-9.99E-01,-8.11E-01,9.70E-02,3,0.85,10.9,1,2.8,82.5,-0.08,0,0,0,0,0,1,0,0
I,I,Cl,0.333333333,0,0.666666667,FA,IIClFA,GBL,12.52,2.53,44.056,0.25,1.19,207,0.36,7.417,2.33,82,1.923333333,96.41666667,3.245666667,11.29,2.826666667,41,2.35E-01,3.22E-01,-5.05E-01,-4.97E-01,3.17E-01,1.61E-01,9.62E-01,-9.49E-01,5.59E-01,9.83E-01,2,1.05,40.24,18.3,4.24,76.5,-0.1,0,0,0,0,0,0,1,0
I,Br,Br,0,0.666666667,0.333333333,Cs,IBrBrCs,METHA,12.43,1.7,132.91,0,1.19,207,0.36,7.417,2.33,82,1.966666667,95.56666667,3.263333333,11.35966667,2.86,41,3.44E-01,-6.83E-01,-7.00E-01,-2.54E-01,8.86E-01,5.77E-01,-9.54E-01,-9.99E-01,9.68E-01,5.95E-01,0,0.85,10.9,1,2.8,82.5,-0.08,0,0,0,0,0,1,0,0
Br,Cl,Cl,0.666666667,0.333333333,0,FA,BrClClFA,GBL,12.3,2.53,44.056,0.25,1.19,207,0.36,7.417,2.33,82,1.86,50.26666667,3.533,12.58333333,3.093333333,23,7.52E-02,1.01E-01,-5.82E-01,7.87E-01,4.31E-01,1.57E-01,9.11E-01,-9.33E-01,5.37E-01,9.90E-01,2,1.05,40.24,18.3,4.24,76.5,-0.1,0,0,0,0,0,0,1,0
Br,Br,Br,0,1,0,FA,BrBrBrFA,ACETONE,12.26,2.53,44.056,0.25,1.19,207,0.36,7.417,2.33,82,1.96,79.9,3.365,11.814,2.96,35,1.81E-01,-8.40E-01,-3.49E-01,7.13E-01,4.67E-01,2.30E-01,9.75E-01,-9.57E-01,5.27E-01,9.79E-01,2,0.78,20.7,17.5,2.69,73.7,-0.11,0,0,0,0,1,0,0,0
I,Br,Cl,0.333333333,0.333333333,0.333333333,MA,IBrClMA,GBL,12.26,2.17,32.07,2.3,1.19,207,0.36,7.417,2.33,82,1.916666667,80.75,3.347333333,11.74433333,2.926666667,35,1.90E-01,-2.34E-02,-6.28E-01,6.64E-02,9.90E-01,3.56E-01,8.43E-05,-9.98E-01,-8.09E-01,2.64E-01,3,1.05,40.24,18.3,4.24,76.5,-0.1,0,0,0,0,0,0,1,0
Br,Br,Cl,0.333333333,0.666666667,0,Cs,BrBrClCs,GBL,12.25,1.7,132.91,0,1.19,207,0.36,7.417,2.33,82,1.91,65.08333333,3.449,12.19866667,3.026666667,29,2.45E-01,-5.52E-01,-7.60E-01,5.28E-01,8.97E-01,5.62E-01,-9.79E-01,-9.99E-01,9.68E-01,7.15E-01,0,1.05,40.24,18.3,4.24,76.5,-0.1,0,0,0,0,0,0,1,0
I,I,Br,0,0.333333333,0.666666667,MA,IIBrMA,GBL,12.22,2.17,32.07,2.3,1.19,207,0.36,7.417,2.33,82,1.973333333,111.2333333,3.161666667,10.90533333,2.76,47,2.92E-01,-2.34E-01,-5.43E-01,-6.53E-01,9.88E-01,3.74E-01,3.70E-01,-9.99E-01,-8.05E-01,5.76E-02,3,1.05,40.24,18.3,4.24,76.5,-0.1,0,0,0,0,0,0,1,0
I,Br,Br,0,0.666666667,0.333333333,FA,IBrBrFA,METHA,12.18,2.53,44.056,0.25,1.19,207,0.36,7.417,2.33,82,1.966666667,95.56666667,3.263333333,11.35966667,2.86,41,2.33E-01,-6.50E-01,-3.67E-01,1.30E-01,4.04E-01,2.14E-01,9.78E-01,-9.58E-01,5.41E-01,9.78E-01,2,0.85,10.9,1,2.8,82.5,-0.08,0,0,0,0,0,1,0,0
I,I,I,0,0,1,MA,IIIMA,METHA,12.17,2.17,32.07,2.3,1.19,207,0.36,7.417,2.33,82,1.98,126.9,3.06,10.451,2.66,53,3.41E-01,2.06E-01,-5.57E-01,-9.13E-01,9.86E-01,3.60E-01,4.19E-01,-9.99E-01,-7.98E-01,1.79E-02,3,0.85,10.9,1,2.8,82.5,-0.08,0,0,0,0,0,1,0,0
I,Br,Br,0,0.666666667,0.333333333,FA,IBrBrFA,ACETONE,12.13,2.53,44.056,0.25,1.19,207,0.36,7.417,2.33,82,1.966666667,95.56666667,3.263333333,11.35966667,2.86,41,2.33E-01,-6.50E-01,-3.67E-01,1.30E-01,4.04E-01,2.14E-01,9.78E-01,-9.58E-01,5.41E-01,9.78E-01,2,0.78,20.7,17.5,2.69,73.7,-0.11,0,0,0,0,1,0,0,0
I,Br,Cl,0.333333333,0.333333333,0.333333333,FA,IBrClFA,GBL,12.12,2.53,44.056,0.25,1.19,207,0.36,7.417,2.33,82,1.916666667,80.75,3.347333333,11.74433333,2.926666667,35,1.82E-01,-1.12E-01,-4.89E-01,2.13E-01,3.85E-01,1.78E-01,9.58E-01,-9.47E-01,5.46E-01,9.84E-01,2,1.05,40.24,18.3,4.24,76.5,-0.1,0,0,0,0,0,0,1,0
I,Cl,Cl,0.666666667,0,0.333333333,Cs,IClClCs,GBL,12.11,1.7,132.91,0,1.19,207,0.36,7.417,2.33,82,1.866666667,65.93333333,3.431333333,12.129,2.993333333,29,2.47E-01,4.52E-01,-8.23E-01,-8.76E-02,8.76E-01,5.23E-01,-9.88E-01,-9.99E-01,9.69E-01,7.74E-01,0,1.05,40.24,18.3,4.24,76.5,-0.1,0,0,0,0,0,0,1,0
I,I,Br,0,0.333333333,0.666666667,Cs,IIBrCs,GBL,12.02,1.7,132.91,0,1.19,207,0.36,7.417,2.33,82,1.973333333,111.2333333,3.161666667,10.90533333,2.76,47,3.92E-01,-3.70E-01,-7.10E-01,-7.70E-01,8.68E-01,5.65E-01,-9.49E-01,-9.99E-01,9.70E-01,5.68E-01,0,1.05,40.24,18.3,4.24,76.5,-0.1,0,0,0,0,0,0,1,0
Br,Br,Br,0,1,0,FA,BrBrBrFA,GBL,11.96,2.53,44.056,0.25,1.19,207,0.36,7.417,2.33,82,1.96,79.9,3.365,11.814,2.96,35,1.81E-01,-8.40E-01,-3.49E-01,7.13E-01,4.67E-01,2.30E-01,9.75E-01,-9.57E-01,5.27E-01,9.79E-01,2,1.05,40.24,18.3,4.24,76.5,-0.1,0,0,0,0,0,0,1,0
Br,Br,Cl,0.333333333,0.666666667,0,MA,BrBrClMA,GBL,11.92,2.17,32.07,2.3,1.19,207,0.36,7.417,2.33,82,1.91,65.08333333,3.449,12.19866667,3.026666667,29,1.36E-01,-4.38E-01,-6.16E-01,6.79E-01,9.91E-01,3.70E-01,-5.72E-02,-9.98E-01,-8.16E-01,3.01E-01,3,1.05,40.24,18.3,4.24,76.5,-0.1,0,0,0,0,0,0,1,0
I,Cl,Cl,0.666666667,0,0.333333333,MA,IClClMA,GBL,11.86,2.17,32.07,2.3,1.19,207,0.36,7.417,2.33,82,1.866666667,65.93333333,3.431333333,12.129,2.993333333,29,1.37E-01,5.64E-01,-7.11E-01,1.51E-01,9.89E-01,3.22E-01,-3.20E-01,-9.98E-01,-8.07E-01,4.17E-01,3,1.05,40.24,18.3,4.24,76.5,-0.1,0,0,0,0,0,0,1,0
I,I,Br,0,0.333333333,0.666666667,FA,IIBrFA,GBL,11.86,2.53,44.056,0.25,1.19,207,0.36,7.417,2.33,82,1.973333333,111.2333333,3.161666667,10.90533333,2.76,47,2.85E-01,-3.16E-01,-3.84E-01,-5.59E-01,3.37E-01,1.98E-01,9.80E-01,-9.59E-01,5.54E-01,9.76E-01,2,1.05,40.24,18.3,4.24,76.5,-0.1,0,0,0,0,0,0,1,0
I,Br,Cl,0.333333333,0.333333333,0.333333333,Cs,IBrClCs,GBL,11.81,1.7,132.91,0,1.19,207,0.36,7.417,2.33,82,1.916666667,80.75,3.347333333,11.74433333,2.926666667,35,2.96E-01,-1.72E-01,-7.69E-01,-1.72E-01,8.81E-01,5.51E-01,-9.76E-01,-9.99E-01,9.69E-01,6.95E-01,0,1.05,40.24,18.3,4.24,76.5,-0.1,0,0,0,0,0,0,1,0
I,I,Cl,0.333333333,0,0.666666667,Cs,IIClCs,GBL,11.78,1.7,132.91,0,1.19,207,0.36,7.417,2.33,82,1.923333333,96.41666667,3.245666667,11.29,2.826666667,41,3.46E-01,2.67E-01,-7.77E-01,-7.33E-01,8.62E-01,5.39E-01,-9.73E-01,-9.99E-01,9.70E-01,6.74E-01,0,1.05,40.24,18.3,4.24,76.5,-0.1,0,0,0,0,0,0,1,0
I,Br,Br,0,0.666666667,0.333333333,MA,IBrBrMA,GBL,11.75,2.17,32.07,2.3,1.19,207,0.36,7.417,2.33,82,1.966666667,95.56666667,3.263333333,11.35966667,2.86,41,2.41E-01,-5.95E-01,-5.29E-01,-1.93E-02,9.90E-01,3.89E-01,3.20E-01,-9.99E-01,-8.11E-01,9.70E-02,3,1.05,40.24,18.3,4.24,76.5,-0.1,0,0,0,0,0,0,1,0
I,Br,Br,0,0.666666667,0.333333333,FA,IBrBrFA,GBL,11.21,2.53,44.056,0.25,1.19,207,0.36,7.417,2.33,82,1.966666667,95.56666667,3.263333333,11.35966667,2.86,41,2.33E-01,-6.50E-01,-3.67E-01,1.30E-01,4.04E-01,2.14E-01,9.78E-01,-9.58E-01,5.41E-01,9.78E-01,2,1.05,40.24,18.3,4.24,76.5,-0.1,0,0,0,0,0,0,1,0
I,I,Br,0,0.333333333,0.666666667,FA,IIBrFA,ACETONE,11.2,2.53,44.056,0.25,1.19,207,0.36,7.417,2.33,82,1.973333333,111.2333333,3.161666667,10.90533333,2.76,47,2.85E-01,-3.16E-01,-3.84E-01,-5.59E-01,3.37E-01,1.98E-01,9.80E-01,-9.59E-01,5.54E-01,9.76E-01,2,0.78,20.7,17.5,2.69,73.7,-0.11,0,0,0,0,1,0,0,0
I,I,I,0,0,1,Cs,IIICs,GBL,10.92,1.7,132.91,0,1.19,207,0.36,7.417,2.33,82,1.98,126.9,3.06,10.451,2.66,53,4.37E-01,5.85E-02,-7.20E-01,-9.45E-01,8.47E-01,5.54E-01,-9.43E-01,-9.99E-01,9.71E-01,5.41E-01,0,1.05,40.24,18.3,4.24,76.5,-0.1,0,0,0,0,0,0,1,0
I,I,I,0,0,1,FA,IIIFA,METHA,10.87,2.53,44.056,0.25,1.19,207,0.36,7.417,2.33,82,1.98,126.9,3.06,10.451,2.66,53,3.34E-01,1.19E-01,-4.02E-01,-8.84E-01,2.66E-01,1.82E-01,9.83E-01,-9.60E-01,5.68E-01,9.74E-01,2,0.85,10.9,1,2.8,82.5,-0.08,0,0,0,0,0,1,0,0
I,I,I,0,0,1,FA,IIIFA,GBL,10.59,2.53,44.056,0.25,1.19,207,0.36,7.417,2.33,82,1.98,126.9,3.06,10.451,2.66,53,3.34E-01,1.19E-01,-4.02E-01,-8.84E-01,2.66E-01,1.82E-01,9.83E-01,-9.60E-01,5.68E-01,9.74E-01,2,1.05,40.24,18.3,4.24,76.5,-0.1,0,0,0,0,0,0,1,0
I,I,I,0,0,1,MA,IIIMA,GBL,10.56,2.17,32.07,2.3,1.19,207,0.36,7.417,2.33,82,1.98,126.9,3.06,10.451,2.66,53,3.41E-01,2.06E-01,-5.57E-01,-9.13E-01,9.86E-01,3.60E-01,4.19E-01,-9.99E-01,-7.98E-01,1.79E-02,3,1.05,40.24,18.3,4.24,76.5,-0.1,0,0,0,0,0,0,1,0
Br,Br,Cl,0.333333333,0.666666667,0,FA,BrBrClFA,NITRO,10.53,2.53,44.056,0.25,1.19,207,0.36,7.417,2.33,82,1.91,65.08333333,3.449,12.19866667,3.026666667,29,1.28E-01,-5.08E-01,-4.74E-01,7.52E-01,4.49E-01,1.94E-01,9.53E-01,-9.46E-01,5.32E-01,9.85E-01,2,1.14,35.9,2.7,3.54,53.7,0.1,0,0,0,0,0,0,0,1
Br,Cl,Cl,0.666666667,0.333333333,0,FA,BrClClFA,NITRO,10.01,2.53,44.056,0.25,1.19,207,0.36,7.417,2.33,82,1.86,50.26666667,3.533,12.58333333,3.093333333,23,7.52E-02,1.01E-01,-5.82E-01,7.87E-01,4.31E-01,1.57E-01,9.11E-01,-9.33E-01,5.37E-01,9.90E-01,2,1.14,35.9,2.7,3.54,53.7,0.1,0,0,0,0,0,0,0,1
Br,Cl,Cl,0.666666667,0.333333333,0,MA,BrClClMA,NITRO,9.81,2.17,32.07,2.3,1.19,207,0.36,7.417,2.33,82,1.86,50.26666667,3.533,12.58333333,3.093333333,23,8.31E-02,1.89E-01,-7.01E-01,7.23E-01,9.91E-01,3.37E-01,-3.70E-01,-9.98E-01,-8.13E-01,4.49E-01,3,1.14,35.9,2.7,3.54,53.7,0.1,0,0,0,0,0,0,0,1
Cl,Cl,Cl,1,0,0,Cs,ClClClCs,NITRO,9.58,1.7,132.91,0,1.19,207,0.36,7.417,2.33,82,1.81,35.45,3.617,12.968,3.16,17,1.42E-01,6.06E-01,-8.61E-01,6.41E-01,8.88E-01,5.08E-01,-9.94E-01,-9.99E-01,9.69E-01,8.47E-01,0,1.14,35.9,2.7,3.54,53.7,0.1,0,0,0,0,0,0,0,1
Cl,Cl,Cl,1,0,0,MA,ClClClMA,NITRO,9.4,2.17,32.07,2.3,1.19,207,0.36,7.417,2.33,82,1.81,35.45,3.617,12.968,3.16,17,2.97E-02,6.93E-01,-7.70E-01,7.62E-01,9.90E-01,3.03E-01,-6.17E-01,-9.97E-01,-8.11E-01,5.76E-01,3,1.14,35.9,2.7,3.54,53.7,0.1,0,0,0,0,0,0,0,1
I,Br,Br,0,0.666666667,0.333333333,MA,IBrBrMA,NITRO,9.39,2.17,32.07,2.3,1.19,207,0.36,7.417,2.33,82,1.966666667,95.56666667,3.263333333,11.35966667,2.86,41,2.41E-01,-5.95E-01,-5.29E-01,-1.93E-02,9.90E-01,3.89E-01,3.20E-01,-9.99E-01,-8.11E-01,9.70E-02,3,1.14,35.9,2.7,3.54,53.7,0.1,0,0,0,0,0,0,0,1
Br,Br,Cl,0.333333333,0.666666667,0,Cs,BrBrClCs,NITRO,9.38,1.7,132.91,0,1.19,207,0.36,7.417,2.33,82,1.91,65.08333333,3.449,12.19866667,3.026666667,29,2.45E-01,-5.52E-01,-7.60E-01,5.28E-01,8.97E-01,5.62E-01,-9.79E-01,-9.99E-01,9.68E-01,7.15E-01,0,1.14,35.9,2.7,3.54,53.7,0.1,0,0,0,0,0,0,0,1
I,Br,Cl,0.333333333,0.333333333,0.333333333,MA,IBrClMA,NITRO,9.38,2.17,32.07,2.3,1.19,207,0.36,7.417,2.33,82,1.916666667,80.75,3.347333333,11.74433333,2.926666667,35,1.90E-01,-2.34E-02,-6.28E-01,6.64E-02,9.90E-01,3.56E-01,8.43E-05,-9.98E-01,-8.09E-01,2.64E-01,3,1.14,35.9,2.7,3.54,53.7,0.1,0,0,0,0,0,0,0,1
Br,Cl,Cl,0.666666667,0.333333333,0,Cs,BrClClCs,NITRO,9.33,1.7,132.91,0,1.19,207,0.36,7.417,2.33,82,1.86,50.26666667,3.533,12.58333333,3.093333333,23,1.94E-01,4.08E-02,-8.17E-01,5.88E-01,8.93E-01,5.36E-01,-9.89E-01,-9.99E-01,9.68E-01,7.90E-01,0,1.14,35.9,2.7,3.54,53.7,0.1,0,0,0,0,0,0,0,1
I,Cl,Cl,0.666666667,0,0.333333333,MA,IClClMA,NITRO,9.27,2.17,32.07,2.3,1.19,207,0.36,7.417,2.33,82,1.866666667,65.93333333,3.431333333,12.129,2.993333333,29,1.37E-01,5.64E-01,-7.11E-01,1.51E-01,9.89E-01,3.22E-01,-3.20E-01,-9.98E-01,-8.07E-01,4.17E-01,3,1.14,35.9,2.7,3.54,53.7,0.1,0,0,0,0,0,0,0,1
Br,Br,Cl,0.333333333,0.666666667,0,MA,BrBrClMA,NITRO,9.09,2.17,32.07,2.3,1.19,207,0.36,7.417,2.33,82,1.91,65.08333333,3.449,12.19866667,3.026666667,29,1.36E-01,-4.38E-01,-6.16E-01,6.79E-01,9.91E-01,3.70E-01,-5.72E-02,-9.98E-01,-8.16E-01,3.01E-01,3,1.14,35.9,2.7,3.54,53.7,0.1,0,0,0,0,0,0,0,1
I,Br,Cl,0.333333333,0.333333333,0.333333333,FA,IBrClFA,NITRO,9.07,2.53,44.056,0.25,1.19,207,0.36,7.417,2.33,82,1.916666667,80.75,3.347333333,11.74433333,2.926666667,35,1.82E-01,-1.12E-01,-4.89E-01,2.13E-01,3.85E-01,1.78E-01,9.58E-01,-9.47E-01,5.46E-01,9.84E-01,2,1.14,35.9,2.7,3.54,53.7,0.1,0,0,0,0,0,0,0,1
I,Cl,Cl,0.666666667,0,0.333333333,FA,IClClFA,NITRO,9.04,2.53,44.056,0.25,1.19,207,0.36,7.417,2.33,82,1.866666667,65.93333333,3.431333333,12.129,2.993333333,29,1.30E-01,5.00E-01,-5.95E-01,2.94E-01,3.66E-01,1.40E-01,9.20E-01,-9.34E-01,5.50E-01,9.89E-01,2,1.14,35.9,2.7,3.54,53.7,0.1,0,0,0,0,0,0,0,1
I,I,Br,0,0.333333333,0.666666667,Cs,IIBrCs,NITRO,9.01,1.7,132.91,0,1.19,207,0.36,7.417,2.33,82,1.973333333,111.2333333,3.161666667,10.90533333,2.76,47,3.92E-01,-3.70E-01,-7.10E-01,-7.70E-01,8.68E-01,5.65E-01,-9.49E-01,-9.99E-01,9.70E-01,5.68E-01,0,1.14,35.9,2.7,3.54,53.7,0.1,0,0,0,0,0,0,0,1
I,I,Cl,0.333333333,0,0.666666667,Cs,IIClCs,METHA,8.78,1.7,132.91,0,1.19,207,0.36,7.417,2.33,82,1.923333333,96.41666667,3.245666667,11.29,2.826666667,41,3.46E-01,2.67E-01,-7.77E-01,-7.33E-01,8.62E-01,5.39E-01,-9.73E-01,-9.99E-01,9.70E-01,6.74E-01,0,0.85,10.9,1,2.8,82.5,-0.08,0,0,0,0,0,1,0,0
Br,Br,Br,0,1,0,FA,BrBrBrFA,NITRO,8.72,2.53,44.056,0.25,1.19,207,0.36,7.417,2.33,82,1.96,79.9,3.365,11.814,2.96,35,1.81E-01,-8.40E-01,-3.49E-01,7.13E-01,4.67E-01,2.30E-01,9.75E-01,-9.57E-01,5.27E-01,9.79E-01,2,1.14,35.9,2.7,3.54,53.7,0.1,0,0,0,0,0,0,0,1
Br,Br,Br,0,1,0,Cs,BrBrBrCs,NITRO,8.64,1.7,132.91,0,1.19,207,0.36,7.417,2.33,82,1.96,79.9,3.365,11.814,2.96,35,2.95E-01,-8.57E-01,-6.89E-01,4.64E-01,9.02E-01,5.88E-01,-9.59E-01,-9.99E-01,9.67E-01,6.20E-01,0,1.14,35.9,2.7,3.54,53.7,0.1,0,0,0,0,0,0,0,1
Cl,Cl,Cl,1,0,0,FA,ClClClFA,NITRO,8.63,2.53,44.056,0.25,1.19,207,0.36,7.417,2.33,82,1.81,35.45,3.617,12.968,3.16,17,2.17E-02,6.43E-01,-6.73E-01,8.18E-01,4.13E-01,1.19E-01,8.33E-01,-9.16E-01,5.42E-01,9.93E-01,2,1.14,35.9,2.7,3.54,53.7,0.1,0,0,0,0,0,0,0,1
I,Cl,Cl,0.666666667,0,0.333333333,Cs,IClClCs,NITRO,8.58,1.7,132.91,0,1.19,207,0.36,7.417,2.33,82,1.866666667,65.93333333,3.431333333,12.129,2.993333333,29,2.47E-01,4.52E-01,-8.23E-01,-8.76E-02,8.76E-01,5.23E-01,-9.88E-01,-9.99E-01,9.69E-01,7.74E-01,0,1.14,35.9,2.7,3.54,53.7,0.1,0,0,0,0,0,0,0,1
I,I,Cl,0.333333333,0,0.666666667,MA,IIClMA,METHA,8.42,2.17,32.07,2.3,1.19,207,0.36,7.417,2.33,82,1.923333333,96.41666667,3.245666667,11.29,2.826666667,41,2.42E-01,4.00E-01,-6.40E-01,-6.01E-01,9.88E-01,3.41E-01,5.73E-02,-9.98E-01,-8.02E-01,2.27E-01,3,0.85,10.9,1,2.8,82.5,-0.08,0,0,0,0,0,1,0,0
I,I,Br,0,0.333333333,0.666666667,Cs,IIBrCs,METHA,8.39,1.7,132.91,0,1.19,207,0.36,7.417,2.33,82,1.973333333,111.2333333,3.161666667,10.90533333,2.76,47,3.92E-01,-3.70E-01,-7.10E-01,-7.70E-01,8.68E-01,5.65E-01,-9.49E-01,-9.99E-01,9.70E-01,5.68E-01,0,0.85,10.9,1,2.8,82.5,-0.08,0,0,0,0,0,1,0,0
Br,Br,Cl,0.333333333,0.666666667,0,Cs,BrBrClCs,METHA,8.18,1.7,132.91,0,1.19,207,0.36,7.417,2.33,82,1.91,65.08333333,3.449,12.19866667,3.026666667,29,2.45E-01,-5.52E-01,-7.60E-01,5.28E-01,8.97E-01,5.62E-01,-9.79E-01,-9.99E-01,9.68E-01,7.15E-01,0,0.85,10.9,1,2.8,82.5,-0.08,0,0,0,0,0,1,0,0
Br,Br,Cl,0.333333333,0.666666667,0,MA,BrBrClMA,METHA,8.07,2.17,32.07,2.3,1.19,207,0.36,7.417,2.33,82,1.91,65.08333333,3.449,12.19866667,3.026666667,29,1.36E-01,-4.38E-01,-6.16E-01,6.79E-01,9.91E-01,3.70E-01,-5.72E-02,-9.98E-01,-8.16E-01,3.01E-01,3,0.85,10.9,1,2.8,82.5,-0.08,0,0,0,0,0,1,0,0
I,Br,Br,0,0.666666667,0.333333333,FA,IBrBrFA,NITRO,7.69,2.53,44.056,0.25,1.19,207,0.36,7.417,2.33,82,1.966666667,95.56666667,3.263333333,11.35966667,2.86,41,2.33E-01,-6.50E-01,-3.67E-01,1.30E-01,4.04E-01,2.14E-01,9.78E-01,-9.58E-01,5.41E-01,9.78E-01,2,1.14,35.9,2.7,3.54,53.7,0.1,0,0,0,0,0,0,0,1
I,I,Cl,0.333333333,0,0.666666667,Cs,IIClCs,NITRO,7.63,1.7,132.91,0,1.19,207,0.36,7.417,2.33,82,1.923333333,96.41666667,3.245666667,11.29,2.826666667,41,3.46E-01,2.67E-01,-7.77E-01,-7.33E-01,8.62E-01,5.39E-01,-9.73E-01,-9.99E-01,9.70E-01,6.74E-01,0,1.14,35.9,2.7,3.54,53.7,0.1,0,0,0,0,0,0,0,1
I,Br,Cl,0.333333333,0.333333333,0.333333333,Cs,IBrClCs,NITRO,7.62,1.7,132.91,0,1.19,207,0.36,7.417,2.33,82,1.916666667,80.75,3.347333333,11.74433333,2.926666667,35,2.96E-01,-1.72E-01,-7.69E-01,-1.72E-01,8.81E-01,5.51E-01,-9.76E-01,-9.99E-01,9.69E-01,6.95E-01,0,1.14,35.9,2.7,3.54,53.7,0.1,0,0,0,0,0,0,0,1
I,I,I,0,0,1,FA,IIIFA,NITRO,7.51,2.53,44.056,0.25,1.19,207,0.36,7.417,2.33,82,1.98,126.9,3.06,10.451,2.66,53,3.34E-01,1.19E-01,-4.02E-01,-8.84E-01,2.66E-01,1.82E-01,9.83E-01,-9.60E-01,5.68E-01,9.74E-01,2,1.14,35.9,2.7,3.54,53.7,0.1,0,0,0,0,0,0,0,1
I,I,Cl,0.333333333,0,0.666666667,MA,IIClMA,NITRO,7.49,2.17,32.07,2.3,1.19,207,0.36,7.417,2.33,82,1.923333333,96.41666667,3.245666667,11.29,2.826666667,41,2.42E-01,4.00E-01,-6.40E-01,-6.01E-01,9.88E-01,3.41E-01,5.73E-02,-9.98E-01,-8.02E-01,2.27E-01,3,1.14,35.9,2.7,3.54,53.7,0.1,0,0,0,0,0,0,0,1
I,I,Cl,0.333333333,0,0.666666667,FA,IIClFA,NITRO,7.46,2.53,44.056,0.25,1.19,207,0.36,7.417,2.33,82,1.923333333,96.41666667,3.245666667,11.29,2.826666667,41,2.35E-01,3.22E-01,-5.05E-01,-4.97E-01,3.17E-01,1.61E-01,9.62E-01,-9.49E-01,5.59E-01,9.83E-01,2,1.14,35.9,2.7,3.54,53.7,0.1,0,0,0,0,0,0,0,1
I,I,I,0,0,1,Cs,IIICs,NITRO,7.46,1.7,132.91,0,1.19,207,0.36,7.417,2.33,82,1.98,126.9,3.06,10.451,2.66,53,4.37E-01,5.85E-02,-7.20E-01,-9.45E-01,8.47E-01,5.54E-01,-9.43E-01,-9.99E-01,9.71E-01,5.41E-01,0,1.14,35.9,2.7,3.54,53.7,0.1,0,0,0,0,0,0,0,1
I,I,Br,0,0.333333333,0.666666667,FA,IIBrFA,METHA,7.18,2.53,44.056,0.25,1.19,207,0.36,7.417,2.33,82,1.973333333,111.2333333,3.161666667,10.90533333,2.76,47,2.85E-01,-3.16E-01,-3.84E-01,-5.59E-01,3.37E-01,1.98E-01,9.80E-01,-9.59E-01,5.54E-01,9.76E-01,2,0.85,10.9,1,2.8,82.5,-0.08,0,0,0,0,0,1,0,0
I,I,Br,0,0.333333333,0.666666667,FA,IIBrFA,NITRO,7.01,2.53,44.056,0.25,1.19,207,0.36,7.417,2.33,82,1.973333333,111.2333333,3.161666667,10.90533333,2.76,47,2.85E-01,-3.16E-01,-3.84E-01,-5.59E-01,3.37E-01,1.98E-01,9.80E-01,-9.59E-01,5.54E-01,9.76E-01,2,1.14,35.9,2.7,3.54,53.7,0.1,0,0,0,0,0,0,0,1
I,I,I,0,0,1,MA,IIIMA,NITRO,7,2.17,32.07,2.3,1.19,207,0.36,7.417,2.33,82,1.98,126.9,3.06,10.451,2.66,53,3.41E-01,2.06E-01,-5.57E-01,-9.13E-01,9.86E-01,3.60E-01,4.19E-01,-9.99E-01,-7.98E-01,1.79E-02,3,1.14,35.9,2.7,3.54,53.7,0.1,0,0,0,0,0,0,0,1
I,I,Br,0,0.333333333,0.666666667,MA,IIBrMA,NITRO,6.85,2.17,32.07,2.3,1.19,207,0.36,7.417,2.33,82,1.973333333,111.2333333,3.161666667,10.90533333,2.76,47,2.92E-01,-2.34E-01,-5.43E-01,-6.53E-01,9.88E-01,3.74E-01,3.70E-01,-9.99E-01,-8.05E-01,5.76E-02,3,1.14,35.9,2.7,3.54,53.7,0.1,0,0,0,0,0,0,0,1
Br,Br,Br,0,1,0,MA,BrBrBrMA,NITRO,6.8,2.17,32.07,2.3,1.19,207,0.36,7.417,2.33,82,1.96,79.9,3.365,11.814,2.96,35,1.88E-01,-8.12E-01,-5.14E-01,6.31E-01,9.91E-01,4.03E-01,2.68E-01,-9.99E-01,-8.18E-01,1.36E-01,3,1.14,35.9,2.7,3.54,53.7,0.1,0,0,0,0,0,0,0,1
I,Br,Br,0,0.666666667,0.333333333,Cs,IBrBrCs,NITRO,5.72,1.7,132.91,0,1.19,207,0.36,7.417,2.33,82,1.966666667,95.56666667,3.263333333,11.35966667,2.86,41,3.44E-01,-6.83E-01,-7.00E-01,-2.54E-01,8.86E-01,5.77E-01,-9.54E-01,-9.99E-01,9.68E-01,5.95E-01,0,1.14,35.9,2.7,3.54,53.7,0.1,0,0,0,0,0,0,0,1
I,I,I,0,0,1,Cs,IIICs,METHA,5.41,1.7,132.91,0,1.19,207,0.36,7.417,2.33,82,1.98,126.9,3.06,10.451,2.66,53,4.37E-01,5.85E-02,-7.20E-01,-9.45E-01,8.47E-01,5.54E-01,-9.43E-01,-9.99E-01,9.71E-01,5.41E-01,0,0.85,10.9,1,2.8,82.5,-0.08,0,0,0,0,0,1,0,0