0.000000000000000000e+00,8.989042043685913086e-01,7.003240287303924561e-02,0.000000000000000000e+00,0.000000000000000000e+00,0.000000000000000000e+00,0.000000000000000000e+00,0.000000000000000000e+00,0.000000000000000000e+00,0.000000000000000000e+00
4.344227612018585205e-01,0.000000000000000000e+00,4.158823490142822266e-01,0.000000000000000000e+00,8.218866586685180664e-01,0.000000000000000000e+00,5.913012623786926270e-01,1.774148270487785339e-02,9.166120737791061401e-02,0.000000000000000000e+00
0.000000000000000000e+00,2.027370035648345947e-02,0.000000000000000000e+00,0.000000000000000000e+00,4.955711364746093750e-01,0.000000000000000000e+00,1.300200074911117554e-02,1.048393100500106812e-01,0.000000000000000000e+00,0.000000000000000000e+00
0.000000000000000000e+00,1.013252735137939453e+00,8.123241364955902100e-02,0.000000000000000000e+00,0.000000000000000000e+00,0.000000000000000000e+00,0.000000000000000000e+00,0.000000000000000000e+00,0.000000000000000000e+00,0.000000000000000000e+00
0.000000000000000000e+00,2.775748968124389648e-01,0.000000000000000000e+00,0.000000000000000000e+00,2.190970927476882935e-01,1.082351058721542358e-01,1.503396928310394287e-01,0.000000000000000000e+00,3.790581971406936646e-02,0.000000000000000000e+00
0.000000000000000000e+00,1.459922909736633301e+00,1.957654207944869995e-01,2.272538840770721436e-01,1.269668787717819214e-01,7.973590493202209473e-01,8.304719626903533936e-02,0.000000000000000000e+00,4.364301562309265137e-01,0.000000000000000000e+00
0.000000000000000000e+00,1.432697415351867676e+00,0.000000000000000000e+00,0.000000000000000000e+00,3.470866084098815918e-01,1.750030517578125000e-01,0.000000000000000000e+00,0.000000000000000000e+00,1.389185935258865356e-01,0.000000000000000000e+00
0.000000000000000000e+00,0.000000000000000000e+00,1.165030747652053833e-01,0.000000000000000000e+00,7.503471970558166504e-01,0.000000000000000000e+00,3.053882420063018799e-01,1.453207135200500488e-01,0.000000000000000000e+00,0.000000000000000000e+00
3.708061277866363525e-01,0.000000000000000000e+00,4.415214061737060547e-01,0.000000000000000000e+00,1.127173542976379395e+00,0.000000000000000000e+00,6.371724605560302734e-01,0.000000000000000000e+00,1.090215519070625305e-01,0.000000000000000000e+00
0.000000000000000000e+00,9.174939393997192383e-01,0.000000000000000000e+00,0.000000000000000000e+00,1.835922300815582275e-01,0.000000000000000000e+00,0.000000000000000000e+00,0.000000000000000000e+00,0.000000000000000000e+00,0.000000000000000000e+00
7.470758557319641113e-01,0.000000000000000000e+00,5.695255994796752930e-01,0.000000000000000000e+00,1.262346386909484863e+00,0.000000000000000000e+00,9.967796802520751953e-01,3.964324891567230225e-01,0.000000000000000000e+00,0.000000000000000000e+00
2.689154446125030518e-01,0.000000000000000000e+00,4.807225465774536133e-01,0.000000000000000000e+00,7.726685404777526855e-01,0.000000000000000000e+00,4.483419358730316162e-01,1.757401823997497559e-01,0.000000000000000000e+00,0.000000000000000000e+00
0.000000000000000000e+00,6.522666215896606445e-01,6.894201040267944336e-03,0.000000000000000000e+00,1.602776348590850830e-02,0.000000000000000000e+00,2.320534735918045044e-02,0.000000000000000000e+00,0.000000000000000000e+00,0.000000000000000000e+00
0.000000000000000000e+00,6.960819959640502930e-01,7.857494056224822998e-02,0.000000000000000000e+00,3.639126420021057129e-01,0.000000000000000000e+00,0.000000000000000000e+00,0.000000000000000000e+00,0.000000000000000000e+00,0.000000000000000000e+00
0.000000000000000000e+00,1.210802197456359863e+00,0.000000000000000000e+00,0.000000000000000000e+00,2.151497155427932739e-01,1.496067643165588379e-02,0.000000000000000000e+00,0.000000000000000000e+00,2.583764865994453430e-02,0.000000000000000000e+00
0.000000000000000000e+00,3.939758241176605225e-02,0.000000000000000000e+00,0.000000000000000000e+00,3.542035818099975586e-01,2.656164020299911499e-02,2.553710043430328369e-01,1.255534589290618896e-01,0.000000000000000000e+00,9.108934551477432251e-03
0.000000000000000000e+00,1.470281481742858887e+00,2.395220249891281128e-01,0.000000000000000000e+00,3.946173191070556641e-02,0.000000000000000000e+00,0.000000000000000000e+00,6.396292895078659058e-02,0.000000000000000000e+00,0.000000000000000000e+00
4.741732478141784668e-01,0.000000000000000000e+00,3.776407241821289062e-01,0.000000000000000000e+00,1.358816504478454590e+00,3.129146099090576172e-01,9.071382880210876465e-01,0.000000000000000000e+00,3.951925337314605713e-01,0.000000000000000000e+00
0.000000000000000000e+00,2.143804132938385010e-01,3.562800586223602295e-02,0.000000000000000000e+00,5.766484737396240234e-01,1.032341122627258301e-01,3.080348372459411621e-01,0.000000000000000000e+00,1.302855312824249268e-01,0.000000000000000000e+00
3.572467267513275146e-01,1.563763171434402466e-01,3.776299953460693359e-01,0.000000000000000000e+00,8.678010106086730957e-01,0.000000000000000000e+00,5.326912999153137207e-01,0.000000000000000000e+00,1.479222625494003296e-01,0.000000000000000000e+00
5.342235565185546875e-01,0.000000000000000000e+00,5.553949475288391113e-01,0.000000000000000000e+00,1.039788603782653809e+00,0.000000000000000000e+00,6.744233965873718262e-01,3.322476446628570557e-01,0.000000000000000000e+00,0.000000000000000000e+00
0.000000000000000000e+00,1.338749766349792480e+00,4.863699078559875488e-01,0.000000000000000000e+00,0.000000000000000000e+00,3.783919811248779297e-01,1.333055049180984497e-01,0.000000000000000000e+00,0.000000000000000000e+00,0.000000000000000000e+00
2.326305657625198364e-01,0.000000000000000000e+00,2.782429456710815430e-01,0.000000000000000000e+00,1.455454945564270020e+00,5.909516811370849609e-01,7.953061461448669434e-01,0.000000000000000000e+00,4.733448624610900879e-01,0.000000000000000000e+00
0.000000000000000000e+00,3.314689397811889648e-01,0.000000000000000000e+00,0.000000000000000000e+00,1.630353927612304688e-01,0.000000000000000000e+00,4.141991585493087769e-02,3.836637362837791443e-02,0.000000000000000000e+00,0.000000000000000000e+00
0.000000000000000000e+00,0.000000000000000000e+00,0.000000000000000000e+00,0.000000000000000000e+00,4.029953479766845703e-01,0.000000000000000000e+00,1.334460377693176270e-01,9.788168966770172119e-02,0.000000000000000000e+00,0.000000000000000000e+00
2.412151843309402466e-01,0.000000000000000000e+00,1.947349458932876587e-01,0.000000000000000000e+00,1.112883090972900391e+00,8.899213373661041260e-02,7.269707918167114258e-01,5.890986695885658264e-02,8.750511705875396729e-02,0.000000000000000000e+00
0.000000000000000000e+00,1.120283961296081543e+00,1.644944697618484497e-01,0.000000000000000000e+00,0.000000000000000000e+00,0.000000000000000000e+00,0.000000000000000000e+00,0.000000000000000000e+00,0.000000000000000000e+00,0.000000000000000000e+00
5.177520960569381714e-02,1.369949460029602051e+00,3.527832031250000000e-01,0.000000000000000000e+00,5.971020460128784180e-02,0.000000000000000000e+00,0.000000000000000000e+00,0.000000000000000000e+00,0.000000000000000000e+00,0.000000000000000000e+00
3.882435262203216553e-01,0.000000000000000000e+00,7.195253968238830566e-01,0.000000000000000000e+00,1.055963516235351562e+00,7.096659541130065918e-01,8.430036902427673340e-01,0.000000000000000000e+00,3.949187994003295898e-01,0.000000000000000000e+00
6.034224629402160645e-01,0.000000000000000000e+00,3.733954429626464844e-01,0.000000000000000000e+00,8.037621974945068359e-01,0.000000000000000000e+00,7.763650417327880859e-01,2.121364474296569824e-01,8.024346828460693359e-02,0.000000000000000000e+00
0.000000000000000000e+00,0.000000000000000000e+00,1.552179455757141113e-03,0.000000000000000000e+00,2.937304079532623291e-01,1.198223531246185303e-01,2.030344605445861816e-01,0.000000000000000000e+00,0.000000000000000000e+00,0.000000000000000000e+00
6.086623668670654297e-01,0.000000000000000000e+00,4.556885361671447754e-01,0.000000000000000000e+00,8.775195479393005371e-01,0.000000000000000000e+00,7.404934167861938477e-01,1.457048356533050537e-01,1.028110980987548828e-01,0.000000000000000000e+00
1.091462150216102600e-01,0.000000000000000000e+00,6.262787580490112305e-01,0.000000000000000000e+00,1.053155541419982910e+00,7.262126803398132324e-01,7.220624089241027832e-01,0.000000000000000000e+00,1.525427103042602539e-01,0.000000000000000000e+00
2.872839570045471191e-02,0.000000000000000000e+00,9.835292398929595947e-02,0.000000000000000000e+00,6.153546571731567383e-01,4.368713498115539551e-02,4.319424033164978027e-01,4.133590497076511383e-03,0.000000000000000000e+00,0.000000000000000000e+00
3.802891671657562256e-01,0.000000000000000000e+00,4.954932928085327148e-01,0.000000000000000000e+00,9.582657217979431152e-01,0.000000000000000000e+00,6.707288622856140137e-01,1.638911366462707520e-01,0.000000000000000000e+00,0.000000000000000000e+00
0.000000000000000000e+00,1.169846653938293457e+00,2.417694032192230225e-02,0.000000000000000000e+00,3.606995567679405212e-02,0.000000000000000000e+00,0.000000000000000000e+00,0.000000000000000000e+00,0.000000000000000000e+00,0.000000000000000000e+00
0.000000000000000000e+00,2.921424806118011475e-02,0.000000000000000000e+00,0.000000000000000000e+00,2.616826295852661133e-01,4.486731439828872681e-02,1.524111926555633545e-01,0.000000000000000000e+00,0.000000000000000000e+00,0.000000000000000000e+00
0.000000000000000000e+00,3.447469174861907959e-01,0.000000000000000000e+00,0.000000000000000000e+00,1.765172630548477173e-01,0.000000000000000000e+00,1.202062889933586121e-01,6.575506180524826050e-02,0.000000000000000000e+00,1.631207764148712158e-03
0.000000000000000000e+00,4.929751753807067871e-01,9.866701066493988037e-02,0.000000000000000000e+00,2.756474018096923828e-01,0.000000000000000000e+00,8.277650922536849976e-02,1.045092493295669556e-01,0.000000000000000000e+00,0.000000000000000000e+00
0.000000000000000000e+00,1.289833307266235352e+00,1.317802220582962036e-01,8.348865807056427002e-02,7.015351951122283936e-02,4.336819648742675781e-01,1.074147075414657593e-01,0.000000000000000000e+00,2.173045128583908081e-01,0.000000000000000000e+00
0.000000000000000000e+00,1.187478423118591309e+00,0.000000000000000000e+00,9.044007956981658936e-02,3.707947134971618652e-01,3.938288092613220215e-01,0.000000000000000000e+00,0.000000000000000000e+00,2.606362998485565186e-01,0.000000000000000000e+00
0.000000000000000000e+00,3.498823642730712891e-01,6.760650873184204102e-02,0.000000000000000000e+00,1.018124520778656006e-01,0.000000000000000000e+00,1.159937232732772827e-01,0.000000000000000000e+00,0.000000000000000000e+00,0.000000000000000000e+00
0.000000000000000000e+00,1.059246540069580078e+00,1.701561957597732544e-01,0.000000000000000000e+00,0.000000000000000000e+00,0.000000000000000000e+00,0.000000000000000000e+00,0.000000000000000000e+00,0.000000000000000000e+00,0.000000000000000000e+00
3.145494461059570312e-01,0.000000000000000000e+00,3.408923149108886719e-01,0.000000000000000000e+00,1.123058557510375977e+00,9.121072292327880859e-02,6.613019108772277832e-01,0.000000000000000000e+00,1.924071460962295532e-01,0.000000000000000000e+00
0.000000000000000000e+00,0.000000000000000000e+00,8.809025585651397705e-02,0.000000000000000000e+00,4.305284619331359863e-01,2.776011824607849121e-01,1.982483416795730591e-01,0.000000000000000000e+00,0.000000000000000000e+00,0.000000000000000000e+00
2.429877370595932007e-01,4.383298754692077637e-01,3.528904914855957031e-01,0.000000000000000000e+00,2.783448994159698486e-01,1.895299553871154785e-01,4.074897468090057373e-01,0.000000000000000000e+00,1.281260848045349121e-01,0.000000000000000000e+00
9.683305025100708008e-01,0.000000000000000000e+00,6.632018685340881348e-01,0.000000000000000000e+00,1.446641564369201660e+00,2.708507776260375977e-01,1.201719045639038086e+00,0.000000000000000000e+00,6.280868649482727051e-01,0.000000000000000000e+00
0.000000000000000000e+00,9.190930128097534180e-01,1.296450346708297729e-01,0.000000000000000000e+00,0.000000000000000000e+00,0.000000000000000000e+00,4.988802969455718994e-02,0.000000000000000000e+00,0.000000000000000000e+00,0.000000000000000000e+00
0.000000000000000000e+00,1.462028384208679199e+00,0.000000000000000000e+00,0.000000000000000000e+00,2.901951670646667480e-01,0.000000000000000000e+00,0.000000000000000000e+00,0.000000000000000000e+00,0.000000000000000000e+00,0.000000000000000000e+00
0.000000000000000000e+00,0.000000000000000000e+00,0.000000000000000000e+00,0.000000000000000000e+00,4.831947088241577148e-01,0.000000000000000000e+00,1.609524935483932495e-01,9.582927078008651733e-02,0.000000000000000000e+00,0.000000000000000000e+00
8.635808229446411133e-01,0.000000000000000000e+00,8.581418395042419434e-01,0.000000000000000000e+00,2.407374858856201172e+00,4.642217755317687988e-01,1.619692683219909668e+00,8.611427620053291321e-03,4.187747836112976074e-01,0.000000000000000000e+00
0.000000000000000000e+00,1.126150012016296387e+00,1.041171550750732422e-01,0.000000000000000000e+00,2.902598679065704346e-02,0.000000000000000000e+00,0.000000000000000000e+00,0.000000000000000000e+00,0.000000000000000000e+00,0.000000000000000000e+00
7.171086668968200684e-01,0.000000000000000000e+00,5.255022048950195312e-01,0.000000000000000000e+00,1.497028708457946777e+00,0.000000000000000000e+00,1.141676306724548340e+00,5.020394325256347656e-01,0.000000000000000000e+00,0.000000000000000000e+00
0.000000000000000000e+00,9.231574535369873047e-01,9.570401906967163086e-02,0.000000000000000000e+00,0.000000000000000000e+00,3.245997428894042969e-02,4.164785146713256836e-02,0.000000000000000000e+00,0.000000000000000000e+00,0.000000000000000000e+00
4.968262612819671631e-01,0.000000000000000000e+00,4.709409475326538086e-01,0.000000000000000000e+00,1.402681112289428711e+00,3.808536529541015625e-01,8.657685518264770508e-01,0.000000000000000000e+00,4.921467304229736328e-01,0.000000000000000000e+00
0.000000000000000000e+00,7.700838893651962280e-02,0.000000000000000000e+00,0.000000000000000000e+00,2.635667026042938232e-01,0.000000000000000000e+00,2.251544892787933350e-01,9.125161916017532349e-02,0.000000000000000000e+00,2.786317840218544006e-03
1.040146827697753906e+00,0.000000000000000000e+00,8.001903295516967773e-01,0.000000000000000000e+00,1.667276620864868164e+00,2.034157216548919678e-01,1.389026761054992676e+00,0.000000000000000000e+00,4.890065193176269531e-01,0.000000000000000000e+00
0.000000000000000000e+00,4.043747186660766602e-01,0.000000000000000000e+00,0.000000000000000000e+00,1.975316554307937622e-02,0.000000000000000000e+00,1.190689876675605774e-01,0.000000000000000000e+00,0.000000000000000000e+00,0.000000000000000000e+00
0.000000000000000000e+00,1.225216984748840332e-01,0.000000000000000000e+00,0.000000000000000000e+00,3.317167758941650391e-01,4.009306430816650391e-02,2.511166334152221680e-01,1.021310761570930481e-01,0.000000000000000000e+00,0.000000000000000000e+00
0.000000000000000000e+00,0.000000000000000000e+00,0.000000000000000000e+00,0.000000000000000000e+00,4.929656386375427246e-01,1.039207130670547485e-01,2.430726289749145508e-01,9.263010323047637939e-02,0.000000000000000000e+00,0.000000000000000000e+00
4.499928057193756104e-01,1.684754639863967896e-01,4.432772397994995117e-01,0.000000000000000000e+00,5.429450273513793945e-01,0.000000000000000000e+00,4.270396232604980469e-01,2.430278658866882324e-01,0.000000000000000000e+00,0.000000000000000000e+00
3.397114574909210205e-01,0.000000000000000000e+00,3.317292332649230957e-01,0.000000000000000000e+00,7.347124814987182617e-01,0.000000000000000000e+00,6.071068048477172852e-01,1.643465906381607056e-01,0.000000000000000000e+00,0.000000000000000000e+00
0.000000000000000000e+00,5.594215393066406250e-01,0.000000000000000000e+00,0.000000000000000000e+00,1.669342666864395142e-01,0.000000000000000000e+00,7.630237936973571777e-02,0.000000000000000000e+00,0.000000000000000000e+00,0.000000000000000000e+00
0.000000000000000000e+00,0.000000000000000000e+00,0.000000000000000000e+00,0.000000000000000000e+00,7.604873180389404297e-01,7.537398487329483032e-02,1.652836352586746216e-01,1.421862542629241943e-01,0.000000000000000000e+00,0.000000000000000000e+00
4.167772233486175537e-01,0.000000000000000000e+00,4.088228940963745117e-01,0.000000000000000000e+00,1.590432286262512207e+00,7.032579779624938965e-01,9.270904660224914551e-01,0.000000000000000000e+00,6.602393388748168945e-01,0.000000000000000000e+00
0.000000000000000000e+00,8.208760023117065430e-01,2.215725183486938477e-02,0.000000000000000000e+00,0.000000000000000000e+00,0.000000000000000000e+00,0.000000000000000000e+00,0.000000000000000000e+00,0.000000000000000000e+00,0.000000000000000000e+00
0.000000000000000000e+00,1.381846785545349121e+00,1.868740469217300415e-01,0.000000000000000000e+00,0.000000000000000000e+00,0.000000000000000000e+00,0.000000000000000000e+00,0.000000000000000000e+00,0.000000000000000000e+00,0.000000000000000000e+00
5.166353583335876465e-01,0.000000000000000000e+00,4.343670010566711426e-01,0.000000000000000000e+00,1.434174895286560059e+00,5.802907347679138184e-01,9.248006343841552734e-01,0.000000000000000000e+00,6.421804428100585938e-01,0.000000000000000000e+00
2.084523737430572510e-01,1.269255131483078003e-01,3.137068748474121094e-01,0.000000000000000000e+00,1.254247546195983887e+00,8.553854227066040039e-01,6.960420608520507812e-01,0.000000000000000000e+00,7.185685634613037109e-01,0.000000000000000000e+00
0.000000000000000000e+00,1.146531820297241211e+00,0.000000000000000000e+00,0.000000000000000000e+00,6.297372281551361084e-02,0.000000000000000000e+00,0.000000000000000000e+00,0.000000000000000000e+00,0.000000000000000000e+00,0.000000000000000000e+00
2.344939857721328735e-01,5.613361001014709473e-01,3.875533938407897949e-01,0.000000000000000000e+00,2.285532951354980469e-01,0.000000000000000000e+00,2.678325772285461426e-01,1.721489429473876953e-02,0.000000000000000000e+00,0.000000000000000000e+00
4.809776246547698975e-01,0.000000000000000000e+00,4.345710277557373047e-01,0.000000000000000000e+00,1.590219259262084961e+00,6.704890131950378418e-01,9.726254940032958984e-01,0.000000000000000000e+00,6.743800640106201172e-01,0.000000000000000000e+00
0.000000000000000000e+00,9.105107784271240234e-01,3.373491168022155762e-01,0.000000000000000000e+00,0.000000000000000000e+00,1.812957525253295898e-01,1.344958245754241943e-01,0.000000000000000000e+00,0.000000000000000000e+00,0.000000000000000000e+00
3.607594072818756104e-01,0.000000000000000000e+00,2.444076389074325562e-01,0.000000000000000000e+00,1.229132890701293945e+00,0.000000000000000000e+00,8.329101204872131348e-01,6.149883195757865906e-02,1.527638733386993408e-01,0.000000000000000000e+00
3.117835521697998047e-02,2.457967996597290039e-01,2.634422481060028076e-02,0.000000000000000000e+00,5.639491677284240723e-01,3.022450208663940430e-01,3.520899116992950439e-01,0.000000000000000000e+00,3.017657399177551270e-01,0.000000000000000000e+00
0.000000000000000000e+00,8.735337257385253906e-01,1.475064009428024292e-01,0.000000000000000000e+00,1.882229149341583252e-01,0.000000000000000000e+00,0.000000000000000000e+00,6.407254189252853394e-02,0.000000000000000000e+00,0.000000000000000000e+00
0.000000000000000000e+00,1.203712105751037598e+00,3.042146563529968262e-02,2.288854122161865234e-01,3.154261112213134766e-01,6.102839708328247070e-01,1.400980502367019653e-01,0.000000000000000000e+00,5.157205462455749512e-01,0.000000000000000000e+00
2.248529493808746338e-01,4.564339518547058105e-01,3.726856708526611328e-01,0.000000000000000000e+00,4.964664578437805176e-01,0.000000000000000000e+00,2.327196300029754639e-01,2.108529806137084961e-01,0.000000000000000000e+00,0.000000000000000000e+00
1.163299456238746643e-01,6.289256811141967773e-01,3.251785635948181152e-01,0.000000000000000000e+00,4.296743869781494141e-01,0.000000000000000000e+00,1.300572454929351807e-01,1.821804195642471313e-01,0.000000000000000000e+00,0.000000000000000000e+00
3.794532120227813721e-01,2.448188811540603638e-01,3.666041493415832520e-01,0.000000000000000000e+00,4.429100751876831055e-01,0.000000000000000000e+00,3.607625067234039307e-01,2.022199630737304688e-01,0.000000000000000000e+00,0.000000000000000000e+00
0.000000000000000000e+00,7.999070882797241211e-01,0.000000000000000000e+00,0.000000000000000000e+00,4.554929733276367188e-01,9.391492605209350586e-02,0.000000000000000000e+00,0.000000000000000000e+00,0.000000000000000000e+00,0.000000000000000000e+00
0.000000000000000000e+00,0.000000000000000000e+00,1.615203917026519775e-02,0.000000000000000000e+00,3.265693187713623047e-01,1.421842277050018311e-01,2.177174091339111328e-01,0.000000000000000000e+00,0.000000000000000000e+00,0.000000000000000000e+00
1.019709482789039612e-01,9.424772262573242188e-01,1.719071716070175171e-01,8.786277472972869873e-02,7.034145593643188477e-01,6.219335794448852539e-01,3.383547961711883545e-01,0.000000000000000000e+00,6.316247582435607910e-01,0.000000000000000000e+00
1.733245700597763062e-01,0.000000000000000000e+00,2.093780785799026489e-01,0.000000000000000000e+00,6.811350584030151367e-01,0.000000000000000000e+00,5.454720258712768555e-01,2.056211531162261963e-01,0.000000000000000000e+00,0.000000000000000000e+00
0.000000000000000000e+00,0.000000000000000000e+00,0.000000000000000000e+00,0.000000000000000000e+00,5.103471279144287109e-01,1.456961780786514282e-02,1.319370716810226440e-01,7.136274874210357666e-02,0.000000000000000000e+00,0.000000000000000000e+00
0.000000000000000000e+00,0.000000000000000000e+00,1.937987655401229858e-01,0.000000000000000000e+00,5.545172095298767090e-01,0.000000000000000000e+00,2.206889986991882324e-01,1.344779431819915771e-01,0.000000000000000000e+00,0.000000000000000000e+00
0.000000000000000000e+00,5.447344779968261719e-01,1.592016965150833130e-01,0.000000000000000000e+00,0.000000000000000000e+00,1.184852123260498047e-01,1.667608469724655151e-01,0.000000000000000000e+00,0.000000000000000000e+00,0.000000000000000000e+00
0.000000000000000000e+00,0.000000000000000000e+00,0.000000000000000000e+00,6.900481879711151123e-03,5.555684566497802734e-01,3.038536608219146729e-01,1.578625291585922241e-01,0.000000000000000000e+00,3.320901840925216675e-02,0.000000000000000000e+00
0.000000000000000000e+00,0.000000000000000000e+00,5.141192674636840820e-02,0.000000000000000000e+00,1.918619871139526367e-01,9.844356775283813477e-02,2.184705734252929688e-01,0.000000000000000000e+00,0.000000000000000000e+00,0.000000000000000000e+00
0.000000000000000000e+00,7.911384105682373047e-02,0.000000000000000000e+00,0.000000000000000000e+00,2.532703280448913574e-01,0.000000000000000000e+00,2.201687991619110107e-01,8.680181205272674561e-02,0.000000000000000000e+00,1.399744302034378052e-03
0.000000000000000000e+00,1.070900261402130127e-02,0.000000000000000000e+00,0.000000000000000000e+00,5.276019573211669922e-01,0.000000000000000000e+00,5.471128970384597778e-02,1.256360411643981934e-01,0.000000000000000000e+00,0.000000000000000000e+00
0.000000000000000000e+00,1.325622439384460449e+00,1.056029051542282104e-01,0.000000000000000000e+00,0.000000000000000000e+00,2.369892001152038574e-01,0.000000000000000000e+00,0.000000000000000000e+00,3.348016738891601562e-02,0.000000000000000000e+00
5.885086059570312500e-01,0.000000000000000000e+00,5.662648677825927734e-01,0.000000000000000000e+00,4.848347306251525879e-01,0.000000000000000000e+00,6.969200968742370605e-01,5.134357511997222900e-02,6.171750836074352264e-03,0.000000000000000000e+00
0.000000000000000000e+00,0.000000000000000000e+00,1.640757173299789429e-01,0.000000000000000000e+00,7.429652810096740723e-01,0.000000000000000000e+00,4.327844977378845215e-01,1.800793111324310303e-01,0.000000000000000000e+00,0.000000000000000000e+00
0.000000000000000000e+00,6.962081789970397949e-02,0.000000000000000000e+00,0.000000000000000000e+00,3.211392164230346680e-01,1.640935242176055908e-02,2.459264993667602539e-01,1.137317493557929993e-01,0.000000000000000000e+00,9.039781987667083740e-03
3.734196722507476807e-01,1.642550081014633179e-01,5.387927293777465820e-01,0.000000000000000000e+00,3.657913804054260254e-01,2.283290922641754150e-01,5.683268904685974121e-01,0.000000000000000000e+00,1.041040346026420593e-01,0.000000000000000000e+00
4.132085144519805908e-01,4.340179264545440674e-02,5.237872600555419922e-01,0.000000000000000000e+00,4.146336913108825684e-01,0.000000000000000000e+00,5.378218889236450195e-01,2.742803096771240234e-02,0.000000000000000000e+00,0.000000000000000000e+00
0.000000000000000000e+00,3.952269554138183594e-01,0.000000000000000000e+00,0.000000000000000000e+00,2.161492407321929932e-01,0.000000000000000000e+00,1.395057290792465210e-01,6.210670992732048035e-02,0.000000000000000000e+00,0.000000000000000000e+00
6.062734872102737427e-02,0.000000000000000000e+00,2.319662719964981079e-01,0.000000000000000000e+00,1.007324576377868652e+00,7.552508264780044556e-02,6.342082023620605469e-01,2.213241159915924072e-01,0.000000000000000000e+00,0.000000000000000000e+00
0.000000000000000000e+00,0.000000000000000000e+00,0.000000000000000000e+00,0.000000000000000000e+00,5.378938317298889160e-01,8.926865458488464355e-02,2.473430335521697998e-01,1.225185766816139221e-01,0.000000000000000000e+00,0.000000000000000000e+00
1.197800859808921814e-01,0.000000000000000000e+00,2.190146297216415405e-01,0.000000000000000000e+00,1.030379772186279297e+00,0.000000000000000000e+00,6.183555126190185547e-01,2.993545234203338623e-01,0.000000000000000000e+00,0.000000000000000000e+00
0.000000000000000000e+00,0.000000000000000000e+00,0.000000000000000000e+00,0.000000000000000000e+00,4.983968734741210938e-01,0.000000000000000000e+00,1.366208642721176147e-01,9.494917839765548706e-02,0.000000000000000000e+00,0.000000000000000000e+00
1.846953295171260834e-03,0.000000000000000000e+00,9.625108540058135986e-02,0.000000000000000000e+00,7.042635083198547363e-01,0.000000000000000000e+00,3.612526059150695801e-01,7.621689885854721069e-02,0.000000000000000000e+00,0.000000000000000000e+00
0.000000000000000000e+00,0.000000000000000000e+00,0.000000000000000000e+00,0.000000000000000000e+00,4.693128466606140137e-01,1.130089163780212402e-01,2.765552401542663574e-01,4.821546375751495361e-02,0.000000000000000000e+00,0.000000000000000000e+00
0.000000000000000000e+00,0.000000000000000000e+00,0.000000000000000000e+00,0.000000000000000000e+00,5.377602577209472656e-01,2.276775240898132324e-01,1.704730093479156494e-01,0.000000000000000000e+00,0.000000000000000000e+00,0.000000000000000000e+00
0.000000000000000000e+00,1.149821728467941284e-01,1.079811155796051025e-02,0.000000000000000000e+00,2.879118025302886963e-01,1.723240911960601807e-01,1.542874574661254883e-01,0.000000000000000000e+00,0.000000000000000000e+00,0.000000000000000000e+00
0.000000000000000000e+00,2.565695047378540039e+00,2.362605482339859009e-01,2.513699606060981750e-02,0.000000000000000000e+00,5.576291680335998535e-01,0.000000000000000000e+00,0.000000000000000000e+00,1.285874005407094955e-02,0.000000000000000000e+00
2.820252478122711182e-01,0.000000000000000000e+00,4.514299035072326660e-01,0.000000000000000000e+00,1.400383234024047852e+00,5.012283921241760254e-01,8.866862654685974121e-01,0.000000000000000000e+00,2.848901748657226562e-01,0.000000000000000000e+00
9.901716113090515137e-01,0.000000000000000000e+00,1.178927183151245117e+00,0.000000000000000000e+00,1.855583310127258301e+00,6.032807826995849609e-01,1.551411986351013184e+00,0.000000000000000000e+00,4.723980724811553955e-01,0.000000000000000000e+00
0.000000000000000000e+00,4.800935089588165283e-02,0.000000000000000000e+00,0.000000000000000000e+00,2.761197686195373535e-01,6.200177967548370361e-02,1.521671712398529053e-01,0.000000000000000000e+00,0.000000000000000000e+00,0.000000000000000000e+00
2.823278009891510010e-01,0.000000000000000000e+00,2.632759809494018555e-01,0.000000000000000000e+00,2.715722322463989258e-01,0.000000000000000000e+00,4.425066113471984863e-01,0.000000000000000000e+00,0.000000000000000000e+00,0.000000000000000000e+00
0.000000000000000000e+00,8.216100335121154785e-01,7.007083296775817871e-02,0.000000000000000000e+00,4.143603146076202393e-03,1.927845180034637451e-03,2.144005149602890015e-02,0.000000000000000000e+00,0.000000000000000000e+00,0.000000000000000000e+00
0.000000000000000000e+00,1.745911240577697754e-01,0.000000000000000000e+00,0.000000000000000000e+00,2.532417178153991699e-01,0.000000000000000000e+00,1.593145281076431274e-01,5.646283924579620361e-02,0.000000000000000000e+00,0.000000000000000000e+00
7.513868063688278198e-02,1.891798526048660278e-01,2.795988321304321289e-02,0.000000000000000000e+00,4.802582263946533203e-01,0.000000000000000000e+00,3.522947728633880615e-01,2.076076418161392212e-01,0.000000000000000000e+00,0.000000000000000000e+00
0.000000000000000000e+00,9.214025139808654785e-01,6.720614433288574219e-02,0.000000000000000000e+00,1.572379767894744873e-01,0.000000000000000000e+00,0.000000000000000000e+00,9.002828598022460938e-02,0.000000000000000000e+00,0.000000000000000000e+00
6.753615140914916992e-01,0.000000000000000000e+00,4.616186618804931641e-01,0.000000000000000000e+00,1.512058496475219727e+00,0.000000000000000000e+00,1.130644559860229492e+00,1.657445728778839111e-01,1.863930076360702515e-01,0.000000000000000000e+00
5.579245686531066895e-01,0.000000000000000000e+00,4.264881610870361328e-01,0.000000000000000000e+00,5.084295868873596191e-01,0.000000000000000000e+00,6.916559338569641113e-01,8.151565492153167725e-02,1.548869069665670395e-02,0.000000000000000000e+00
2.963230311870574951e-01,1.775182783603668213e-02,3.513818383216857910e-01,0.000000000000000000e+00,5.651490688323974609e-01,0.000000000000000000e+00,3.807638585567474365e-01,2.210638374090194702e-01,0.000000000000000000e+00,0.000000000000000000e+00
5.865190625190734863e-01,0.000000000000000000e+00,4.537734985351562500e-01,0.000000000000000000e+00,6.726864576339721680e-01,0.000000000000000000e+00,6.306794285774230957e-01,9.544607996940612793e-02,1.249788403511047363e-01,0.000000000000000000e+00
5.906815528869628906e-01,0.000000000000000000e+00,6.135232448577880859e-01,0.000000000000000000e+00,1.241147875785827637e+00,0.000000000000000000e+00,8.286486268043518066e-01,3.095369935035705566e-01,0.000000000000000000e+00,0.000000000000000000e+00
0.000000000000000000e+00,3.561321496963500977e-01,0.000000000000000000e+00,0.000000000000000000e+00,3.242664933204650879e-01,0.000000000000000000e+00,0.000000000000000000e+00,7.517664879560470581e-02,0.000000000000000000e+00,0.000000000000000000e+00
1.050226688385009766e+00,0.000000000000000000e+00,7.106595039367675781e-01,0.000000000000000000e+00,1.376810312271118164e+00,0.000000000000000000e+00,1.238873124122619629e+00,1.949848383665084839e-01,2.729256153106689453e-01,0.000000000000000000e+00
0.000000000000000000e+00,1.135676860809326172e+00,1.619063317775726318e-02,0.000000000000000000e+00,0.000000000000000000e+00,2.279607057571411133e-01,8.783344924449920654e-02,0.000000000000000000e+00,0.000000000000000000e+00,0.000000000000000000e+00
0.000000000000000000e+00,1.063012242317199707e+00,9.146533906459808350e-02,0.000000000000000000e+00,4.962250590324401855e-03,0.000000000000000000e+00,0.000000000000000000e+00,0.000000000000000000e+00,0.000000000000000000e+00,0.000000000000000000e+00
0.000000000000000000e+00,1.274073123931884766e+00,2.928332090377807617e-01,0.000000000000000000e+00,0.000000000000000000e+00,3.741643130779266357e-01,9.402579069137573242e-02,0.000000000000000000e+00,0.000000000000000000e+00,0.000000000000000000e+00
0.000000000000000000e+00,1.372185707092285156e+00,4.807889461517333984e-02,4.483837261795997620e-02,3.730680793523788452e-02,2.778857946395874023e-01,0.000000000000000000e+00,0.000000000000000000e+00,1.599403023719787598e-01,0.000000000000000000e+00
0.000000000000000000e+00,6.389272212982177734e-01,0.000000000000000000e+00,0.000000000000000000e+00,0.000000000000000000e+00,5.972761660814285278e-02,1.189787238836288452e-01,0.000000000000000000e+00,0.000000000000000000e+00,0.000000000000000000e+00
8.047715425491333008e-01,0.000000000000000000e+00,6.736140847206115723e-01,0.000000000000000000e+00,9.435958266258239746e-01,0.000000000000000000e+00,7.876432538032531738e-01,2.562512159347534180e-01,3.959255293011665344e-02,0.000000000000000000e+00
1.114666908979415894e-01,0.000000000000000000e+00,2.836700081825256348e-01,0.000000000000000000e+00,1.044759273529052734e+00,6.023978590965270996e-01,5.942730903625488281e-01,0.000000000000000000e+00,3.686987757682800293e-01,0.000000000000000000e+00
0.000000000000000000e+00,3.902208209037780762e-01,0.000000000000000000e+00,0.000000000000000000e+00,1.942267268896102905e-01,0.000000000000000000e+00,4.201664775609970093e-02,5.543985217809677124e-02,0.000000000000000000e+00,0.000000000000000000e+00
7.289996743202209473e-01,0.000000000000000000e+00,6.897468566894531250e-01,0.000000000000000000e+00,1.212952375411987305e+00,0.000000000000000000e+00,8.180254697799682617e-01,0.000000000000000000e+00,2.181769907474517822e-01,0.000000000000000000e+00
0.000000000000000000e+00,4.054085612297058105e-01,5.010013282299041748e-02,0.000000000000000000e+00,8.473408222198486328e-02,1.063006669282913208e-01,1.378303617238998413e-01,0.000000000000000000e+00,0.000000000000000000e+00,0.000000000000000000e+00
5.983089655637741089e-02,4.071824550628662109e-01,5.158399939537048340e-01,0.000000000000000000e+00,8.299577236175537109e-01,8.808241486549377441e-01,5.460478067398071289e-01,0.000000000000000000e+00,4.021257460117340088e-01,0.000000000000000000e+00
1.690296381711959839e-01,0.000000000000000000e+00,1.698942333459854126e-01,0.000000000000000000e+00,5.657982230186462402e-01,0.000000000000000000e+00,4.058601260185241699e-01,1.873595714569091797e-01,0.000000000000000000e+00,0.000000000000000000e+00
0.000000000000000000e+00,1.194115042686462402e+00,0.000000000000000000e+00,3.039961680769920349e-02,5.429083853960037231e-02,2.780213057994842529e-01,2.158050984144210815e-02,0.000000000000000000e+00,1.140960305929183960e-01,0.000000000000000000e+00
5.159319043159484863e-01,0.000000000000000000e+00,4.218721985816955566e-01,0.000000000000000000e+00,1.051928281784057617e+00,0.000000000000000000e+00,7.734825015068054199e-01,1.860813349485397339e-01,4.310530424118041992e-02,0.000000000000000000e+00
1.062865257263183594e+00,0.000000000000000000e+00,6.471937298774719238e-01,0.000000000000000000e+00,1.302006483078002930e+00,0.000000000000000000e+00,1.278419494628906250e+00,4.783125519752502441e-01,5.978408455848693848e-02,0.000000000000000000e+00
0.000000000000000000e+00,6.366372108459472656e-04,0.000000000000000000e+00,0.000000000000000000e+00,3.235459029674530029e-01,7.604569196701049805e-03,2.342173308134078979e-01,1.045546010136604309e-01,0.000000000000000000e+00,0.000000000000000000e+00
0.000000000000000000e+00,0.000000000000000000e+00,0.000000000000000000e+00,0.000000000000000000e+00,5.969369411468505859e-01,1.764164716005325317e-01,2.235038876533508301e-01,0.000000000000000000e+00,0.000000000000000000e+00,0.000000000000000000e+00
7.980430871248245239e-02,0.000000000000000000e+00,2.026041895151138306e-01,0.000000000000000000e+00,8.273185491561889648e-01,0.000000000000000000e+00,4.026758372783660889e-01,3.140838816761970520e-02,0.000000000000000000e+00,0.000000000000000000e+00
0.000000000000000000e+00,1.143611967563629150e-02,7.118935883045196533e-02,0.000000000000000000e+00,2.994211912155151367e-01,2.033687531948089600e-01,1.984799802303314209e-01,0.000000000000000000e+00,0.000000000000000000e+00,0.000000000000000000e+00
0.000000000000000000e+00,0.000000000000000000e+00,0.000000000000000000e+00,0.000000000000000000e+00,3.309905230998992920e-01,0.000000000000000000e+00,1.344228088855743408e-01,6.303745508193969727e-02,0.000000000000000000e+00,0.000000000000000000e+00
0.000000000000000000e+00,0.000000000000000000e+00,3.652893006801605225e-02,0.000000000000000000e+00,5.011949539184570312e-01,0.000000000000000000e+00,2.219075560569763184e-01,1.330082267522811890e-01,0.000000000000000000e+00,0.000000000000000000e+00
0.000000000000000000e+00,1.526528835296630859e+00,1.233601421117782593e-01,0.000000000000000000e+00,0.000000000000000000e+00,1.001039296388626099e-01,0.000000000000000000e+00,0.000000000000000000e+00,1.488605793565511703e-02,0.000000000000000000e+00
1.324350386857986450e-01,1.023130565881729126e-01,9.424541890621185303e-02,0.000000000000000000e+00,7.671308517456054688e-01,0.000000000000000000e+00,4.998578727245330811e-01,3.152512386441230774e-02,6.252760440111160278e-02,0.000000000000000000e+00
2.549321651458740234e-01,0.000000000000000000e+00,1.827108412981033325e-01,0.000000000000000000e+00,7.431834340095520020e-01,0.000000000000000000e+00,5.577856898307800293e-01,1.008824557065963745e-01,3.526680171489715576e-02,0.000000000000000000e+00
0.000000000000000000e+00,9.253231287002563477e-01,3.028069734573364258e-01,0.000000000000000000e+00,0.000000000000000000e+00,2.348614633083343506e-01,1.454868018627166748e-01,0.000000000000000000e+00,0.000000000000000000e+00,0.000000000000000000e+00
0.000000000000000000e+00,2.849493026733398438e-01,0.000000000000000000e+00,1.825084388256072998e-01,6.697032451629638672e-01,6.023893952369689941e-01,9.594719856977462769e-02,0.000000000000000000e+00,2.322227805852890015e-01,0.000000000000000000e+00
0.000000000000000000e+00,1.390889286994934082e+00,4.380605816841125488e-01,0.000000000000000000e+00,0.000000000000000000e+00,3.454748690128326416e-01,1.074048280715942383e-01,0.000000000000000000e+00,0.000000000000000000e+00,0.000000000000000000e+00
9.102039933204650879e-01,0.000000000000000000e+00,8.320853710174560547e-01,0.000000000000000000e+00,1.174126029014587402e+00,0.000000000000000000e+00,8.835952877998352051e-01,4.698475301265716553e-01,0.000000000000000000e+00,0.000000000000000000e+00
0.000000000000000000e+00,7.705211043357849121e-01,1.578047871589660645e-03,0.000000000000000000e+00,2.202501147985458374e-02,0.000000000000000000e+00,0.000000000000000000e+00,0.000000000000000000e+00,0.000000000000000000e+00,0.000000000000000000e+00
1.896516680717468262e-01,7.717245221138000488e-01,3.189758062362670898e-01,0.000000000000000000e+00,2.747790217399597168e-01,0.000000000000000000e+00,1.215412691235542297e-01,1.455769836902618408e-01,0.000000000000000000e+00,0.000000000000000000e+00
0.000000000000000000e+00,4.306735396385192871e-01,1.222841441631317139e-02,0.000000000000000000e+00,1.408631205558776855e-01,1.278639882802963257e-01,1.076769158244132996e-01,0.000000000000000000e+00,0.000000000000000000e+00,0.000000000000000000e+00
3.889392614364624023e-01,0.000000000000000000e+00,4.357399940490722656e-01,0.000000000000000000e+00,8.869765400886535645e-01,0.000000000000000000e+00,5.414931178092956543e-01,6.898358464241027832e-02,3.676968067884445190e-02,0.000000000000000000e+00
0.000000000000000000e+00,9.641309380531311035e-01,0.000000000000000000e+00,1.955966651439666748e-01,3.471857905387878418e-01,6.559458374977111816e-01,6.690461933612823486e-02,0.000000000000000000e+00,2.893902957439422607e-01,0.000000000000000000e+00
4.083795845508575439e-01,0.000000000000000000e+00,5.227196216583251953e-01,0.000000000000000000e+00,1.609384417533874512e+00,4.259566664695739746e-01,1.059135794639587402e+00,0.000000000000000000e+00,2.777457833290100098e-01,0.000000000000000000e+00
2.637422382831573486e-01,0.000000000000000000e+00,2.527849674224853516e-01,0.000000000000000000e+00,9.960693120956420898e-01,0.000000000000000000e+00,6.870546340942382812e-01,3.080045282840728760e-01,0.000000000000000000e+00,0.000000000000000000e+00
7.370496392250061035e-01,0.000000000000000000e+00,6.456590294837951660e-01,0.000000000000000000e+00,8.526600003242492676e-01,0.000000000000000000e+00,6.988138556480407715e-01,3.647910654544830322e-01,0.000000000000000000e+00,0.000000000000000000e+00
9.133176207542419434e-01,0.000000000000000000e+00,7.990485429763793945e-01,0.000000000000000000e+00,1.878501296043395996e+00,8.364425599575042725e-02,1.259544968605041504e+00,0.000000000000000000e+00,3.933095633983612061e-01,0.000000000000000000e+00
0.000000000000000000e+00,6.717380881309509277e-01,0.000000000000000000e+00,0.000000000000000000e+00,4.087309241294860840e-01,2.417743504047393799e-01,1.644072681665420532e-02,0.000000000000000000e+00,9.443664550781250000e-02,0.000000000000000000e+00
0.000000000000000000e+00,2.851173281669616699e-01,8.686199784278869629e-03,0.000000000000000000e+00,1.242147237062454224e-01,7.885532081127166748e-02,1.444033384323120117e-01,0.000000000000000000e+00,0.000000000000000000e+00,0.000000000000000000e+00
2.878197133541107178e-01,8.678135275840759277e-01,3.472529053688049316e-01,0.000000000000000000e+00,4.168938994407653809e-01,3.970231711864471436e-01,4.345742166042327881e-01,0.000000000000000000e+00,3.427431285381317139e-01,0.000000000000000000e+00
0.000000000000000000e+00,0.000000000000000000e+00,0.000000000000000000e+00,0.000000000000000000e+00,8.403733372688293457e-01,2.853583395481109619e-01,5.270559191703796387e-01,0.000000000000000000e+00,2.001844942569732666e-01,0.000000000000000000e+00
3.259785771369934082e-01,0.000000000000000000e+00,4.780437946319580078e-01,0.000000000000000000e+00,1.683949589729309082e+00,3.957664370536804199e-01,1.055022358894348145e+00,3.592717275023460388e-02,1.845469921827316284e-01,0.000000000000000000e+00
0.000000000000000000e+00,2.823455929756164551e-01,2.243966609239578247e-01,0.000000000000000000e+00,8.410311937332153320e-01,0.000000000000000000e+00,2.780050933361053467e-01,0.000000000000000000e+00,3.064258024096488953e-02,0.000000000000000000e+00
0.000000000000000000e+00,1.333668470382690430e+00,0.000000000000000000e+00,8.287872374057769775e-02,1.105030477046966553e-01,5.245184302330017090e-01,9.646350890398025513e-02,0.000000000000000000e+00,1.655916869640350342e-01,0.000000000000000000e+00
0.000000000000000000e+00,0.000000000000000000e+00,0.000000000000000000e+00,0.000000000000000000e+00,4.326185584068298340e-01,0.000000000000000000e+00,1.334599256515502930e-01,8.518278598785400391e-02,0.000000000000000000e+00,0.000000000000000000e+00
4.015046656131744385e-01,0.000000000000000000e+00,3.749048709869384766e-01,0.000000000000000000e+00,6.118026375770568848e-01,0.000000000000000000e+00,4.641208946704864502e-01,2.459478974342346191e-01,0.000000000000000000e+00,0.000000000000000000e+00
9.053366631269454956e-02,0.000000000000000000e+00,0.000000000000000000e+00,0.000000000000000000e+00,6.966080665588378906e-01,0.000000000000000000e+00,5.519449114799499512e-01,2.546432316303253174e-01,0.000000000000000000e+00,0.000000000000000000e+00
0.000000000000000000e+00,1.775911450386047363e-01,0.000000000000000000e+00,0.000000000000000000e+00,5.960181951522827148e-01,3.490734994411468506e-01,2.206108272075653076e-01,0.000000000000000000e+00,3.955542296171188354e-02,0.000000000000000000e+00
1.404294371604919434e-01,0.000000000000000000e+00,2.057550996541976929e-01,0.000000000000000000e+00,5.008373260498046875e-01,1.683160662651062012e-03,4.656225442886352539e-01,3.486947715282440186e-02,0.000000000000000000e+00,0.000000000000000000e+00
0.000000000000000000e+00,1.006171822547912598e+00,5.704401433467864990e-02,0.000000000000000000e+00,5.460903048515319824e-04,0.000000000000000000e+00,0.000000000000000000e+00,2.079936116933822632e-02,0.000000000000000000e+00,4.378104582428932190e-03
0.000000000000000000e+00,8.097114562988281250e-01,4.149450361728668213e-02,0.000000000000000000e+00,1.217683926224708557e-01,0.000000000000000000e+00,5.848139524459838867e-03,0.000000000000000000e+00,0.000000000000000000e+00,0.000000000000000000e+00
0.000000000000000000e+00,5.600536465644836426e-01,0.000000000000000000e+00,0.000000000000000000e+00,2.548492550849914551e-01,0.000000000000000000e+00,3.782654553651809692e-02,0.000000000000000000e+00,0.000000000000000000e+00,0.000000000000000000e+00
3.849607110023498535e-01,0.000000000000000000e+00,2.347763627767562866e-01,0.000000000000000000e+00,4.725219011306762695e-01,0.000000000000000000e+00,5.434386730194091797e-01,0.000000000000000000e+00,1.304035782814025879e-01,0.000000000000000000e+00
0.000000000000000000e+00,2.577096223831176758e-03,0.000000000000000000e+00,0.000000000000000000e+00,2.874743044376373291e-01,0.000000000000000000e+00,1.947625279426574707e-01,8.261719346046447754e-02,0.000000000000000000e+00,0.000000000000000000e+00
4.122081398963928223e-01,0.000000000000000000e+00,4.370009899139404297e-01,0.000000000000000000e+00,7.693297863006591797e-01,1.611740589141845703e-01,6.806978583335876465e-01,0.000000000000000000e+00,1.849371045827865601e-01,0.000000000000000000e+00
0.000000000000000000e+00,9.769178032875061035e-01,0.000000000000000000e+00,0.000000000000000000e+00,2.021978199481964111e-01,0.000000000000000000e+00,0.000000000000000000e+00,1.059149429202079773e-01,0.000000000000000000e+00,3.203935921192169189e-02
0.000000000000000000e+00,1.330656409263610840e+00,4.608306288719177246e-01,0.000000000000000000e+00,0.000000000000000000e+00,4.065457284450531006e-01,1.356834918260574341e-01,0.000000000000000000e+00,0.000000000000000000e+00,0.000000000000000000e+00
1.123931169509887695e+00,0.000000000000000000e+00,8.155539035797119141e-01,0.000000000000000000e+00,1.544069528579711914e+00,2.113311588764190674e-01,1.266737222671508789e+00,0.000000000000000000e+00,6.778281331062316895e-01,0.000000000000000000e+00
0.000000000000000000e+00,3.466009497642517090e-01,2.755100131034851074e-01,0.000000000000000000e+00,3.622926026582717896e-02,2.314232885837554932e-01,2.374243587255477905e-01,0.000000000000000000e+00,0.000000000000000000e+00,0.000000000000000000e+00
1.719616800546646118e-01,0.000000000000000000e+00,7.685542106628417969e-02,0.000000000000000000e+00,5.093008875846862793e-01,0.000000000000000000e+00,4.566078484058380127e-01,1.598747223615646362e-01,0.000000000000000000e+00,0.000000000000000000e+00
3.054292798042297363e-01,4.879866242408752441e-01,3.929813504219055176e-01,0.000000000000000000e+00,3.912704586982727051e-01,3.916153311729431152e-01,4.731399118900299072e-01,0.000000000000000000e+00,3.434312641620635986e-01,0.000000000000000000e+00
3.572944700717926025e-01,0.000000000000000000e+00,2.939236760139465332e-01,0.000000000000000000e+00,1.150440812110900879e+00,4.816620945930480957e-01,7.480745315551757812e-01,0.000000000000000000e+00,5.260876417160034180e-01,0.000000000000000000e+00
2.994662225246429443e-01,0.000000000000000000e+00,3.154731392860412598e-01,0.000000000000000000e+00,1.079095840454101562e+00,0.000000000000000000e+00,6.705402731895446777e-01,3.387934863567352295e-01,0.000000000000000000e+00,0.000000000000000000e+00
1.426009535789489746e+00,0.000000000000000000e+00,1.139161348342895508e+00,0.000000000000000000e+00,1.844787955284118652e+00,0.000000000000000000e+00,1.699388623237609863e+00,6.858726739883422852e-01,5.478770285844802856e-02,0.000000000000000000e+00
0.000000000000000000e+00,1.343153238296508789e+00,0.000000000000000000e+00,1.555596441030502319e-01,1.825205832719802856e-01,3.858013153076171875e-01,0.000000000000000000e+00,0.000000000000000000e+00,3.635898232460021973e-01,0.000000000000000000e+00
2.079665213823318481e-01,0.000000000000000000e+00,2.804316282272338867e-01,0.000000000000000000e+00,8.731808066368103027e-01,0.000000000000000000e+00,5.055399537086486816e-01,2.840657234191894531e-01,0.000000000000000000e+00,0.000000000000000000e+00
0.000000000000000000e+00,1.355830073356628418e+00,1.023372411727905273e-01,1.497136056423187256e-01,1.016429811716079712e-02,5.107451081275939941e-01,4.747442156076431274e-02,0.000000000000000000e+00,2.602299153804779053e-01,0.000000000000000000e+00
0.000000000000000000e+00,6.404478549957275391e-01,4.188799858093261719e-02,0.000000000000000000e+00,2.116450518369674683e-01,1.857028901576995850e-01,5.873351544141769409e-02,0.000000000000000000e+00,0.000000000000000000e+00,0.000000000000000000e+00
0.000000000000000000e+00,0.000000000000000000e+00,0.000000000000000000e+00,0.000000000000000000e+00,3.593578338623046875e-01,0.000000000000000000e+00,1.552896201610565186e-01,7.192188501358032227e-02,0.000000000000000000e+00,0.000000000000000000e+00
8.890297263860702515e-02,0.000000000000000000e+00,2.452948242425918579e-01,0.000000000000000000e+00,9.238005280494689941e-01,0.000000000000000000e+00,5.033493638038635254e-01,1.865768879652023315e-01,0.000000000000000000e+00,0.000000000000000000e+00
0.000000000000000000e+00,0.000000000000000000e+00,5.080170035362243652e-01,0.000000000000000000e+00,8.244608640670776367e-01,4.016898572444915771e-01,6.419779062271118164e-01,4.425247013568878174e-02,0.000000000000000000e+00,0.000000000000000000e+00
0.000000000000000000e+00,1.056734085083007812e+00,6.518416106700897217e-02,0.000000000000000000e+00,0.000000000000000000e+00,0.000000000000000000e+00,0.000000000000000000e+00,2.091150730848312378e-02,0.000000000000000000e+00,5.912976339459419250e-03
8.414669632911682129e-01,0.000000000000000000e+00,5.508481860160827637e-01,0.000000000000000000e+00,1.240300655364990234e+00,1.141839772462844849e-01,1.071436643600463867e+00,0.000000000000000000e+00,4.498889148235321045e-01,0.000000000000000000e+00
7.841251790523529053e-02,6.799393296241760254e-01,1.793226152658462524e-01,0.000000000000000000e+00,1.823772937059402466e-01,0.000000000000000000e+00,8.082655817270278931e-02,9.442944824695587158e-02,0.000000000000000000e+00,0.000000000000000000e+00
5.445737391710281372e-02,0.000000000000000000e+00,2.696258425712585449e-01,0.000000000000000000e+00,7.839692234992980957e-01,0.000000000000000000e+00,3.054400682449340820e-01,2.573431730270385742e-01,0.000000000000000000e+00,0.000000000000000000e+00
7.149320840835571289e-01,0.000000000000000000e+00,6.312612891197204590e-01,0.000000000000000000e+00,1.928364515304565430e+00,8.797880411148071289e-01,1.192019581794738770e+00,0.000000000000000000e+00,9.266611933708190918e-01,0.000000000000000000e+00
1.087651610374450684e+00,0.000000000000000000e+00,7.288989424705505371e-01,0.000000000000000000e+00,1.577002644538879395e+00,1.124626994132995605e-01,1.341489911079406738e+00,0.000000000000000000e+00,5.194250941276550293e-01,0.000000000000000000e+00
3.894335329532623291e-01,0.000000000000000000e+00,2.269306927919387817e-01,0.000000000000000000e+00,6.491820812225341797e-01,0.000000000000000000e+00,6.006155610084533691e-01,2.708320319652557373e-01,0.000000000000000000e+00,0.000000000000000000e+00
