val_x1tox8_mae,val_x1tox8_rmse,total_val_loss,epoch,step,train_x1tox8_mae,train_x1tox8_rmse,total_train_loss,l1_weight_loss,l2_weight_loss,l1_bias_loss,l2_bias_loss
1.0671809911727905,1.331531286239624,1.0671809911727905,0,15,,,,,,,
,,,0,15,1.0876388549804688,1.3305267095565796,1.2567358016967773,0.16909709572792053,0.0,0.0,0.0
1.024706244468689,1.2792190313339233,1.024706244468689,1,31,,,,,,,
,,,1,31,1.042056679725647,1.2757402658462524,1.2079687118530273,0.16591188311576843,0.0,0.0,0.0
0.9838606715202332,1.229190468788147,0.9838606715202332,2,47,,,,,,,
,,,2,47,1.000620722770691,1.2260305881500244,1.1634414196014404,0.16282057762145996,0.0,0.0,0.0
0.9450068473815918,1.1815694570541382,0.9450068473815918,3,63,,,,,,,
,,,3,63,0.9612170457839966,1.179744005203247,1.1210116147994995,0.15979459881782532,0.0,0.0,0.0
0.90998774766922,1.1389744281768799,0.90998774766922,4,79,,,,,,,
,,,4,79,0.9241336584091187,1.1326597929000854,1.0811779499053955,0.15704432129859924,0.0,0.0,0.0
0.8758829236030579,1.0970087051391602,0.8758829236030579,5,95,,,,,,,
,,,5,95,0.8896814584732056,1.0904099941253662,1.0440700054168701,0.15438856184482574,0.0,0.0,0.0
0.8438076972961426,1.0582504272460938,0.8438076972961426,6,111,,,,,,,
,,,6,111,0.8565939664840698,1.054261326789856,1.0085418224334717,0.15194794535636902,0.0,0.0,0.0
0.8133211135864258,1.0221357345581055,0.8133211135864258,7,127,,,,,,,
,,,7,127,0.8256740570068359,1.017100214958191,0.975394606590271,0.14972051978111267,0.0,0.0,0.0
0.7851999998092651,0.988665759563446,0.7851999998092651,8,143,,,,,,,
,,,8,143,0.7959166765213013,0.98487788438797,0.9435954093933105,0.1476787030696869,0.0,0.0,0.0
0.7589951753616333,0.9572311639785767,0.7589951753616333,9,159,,,,,,,
,,,9,159,0.7679017782211304,0.9535152316093445,0.9137079119682312,0.14580628275871277,0.0,0.0,0.0
0.7345797419548035,0.9287740588188171,0.7345797419548035,10,175,,,,,,,
,,,10,175,0.7420099973678589,0.9232131242752075,0.8860868215560913,0.14407682418823242,0.0,0.0,0.0
0.710076630115509,0.900473415851593,0.710076630115509,11,191,,,,,,,
,,,11,191,0.7170022130012512,0.8970039486885071,0.8594468832015991,0.14244462549686432,0.0,0.0,0.0
0.6872833967208862,0.8744510412216187,0.6872833967208862,12,207,,,,,,,
,,,12,207,0.6933609247207642,0.869406521320343,0.8345350027084351,0.14117415249347687,0.0,0.0,0.0
0.666148841381073,0.8510993719100952,0.666148841381073,13,223,,,,,,,
,,,13,223,0.670645534992218,0.8465632200241089,0.8106894493103027,0.1400439292192459,0.0,0.0,0.0
0.6459882855415344,0.8288918733596802,0.6459882855415344,14,239,,,,,,,
,,,14,239,0.6492541432380676,0.8238752484321594,0.7882726788520813,0.13901853561401367,0.0,0.0,0.0
0.6265944242477417,0.8076540231704712,0.6265944242477417,15,255,,,,,,,
,,,15,255,0.6297391653060913,0.8022751808166504,0.7678661942481995,0.13812695443630219,0.0,0.0,0.0
0.6102524995803833,0.789147675037384,0.6102524995803833,16,271,,,,,,,
,,,16,271,0.6098012924194336,0.7834197878837585,0.7471011281013489,0.1372997760772705,0.0,0.0,0.0
0.5939869284629822,0.7708690762519836,0.5939869284629822,17,287,,,,,,,
,,,17,287,0.5923436880111694,0.7653000950813293,0.7288965582847595,0.13655292987823486,0.0,0.0,0.0
0.5792938470840454,0.7548774480819702,0.5792938470840454,18,303,,,,,,,
,,,18,303,0.5761337280273438,0.749450147151947,0.712225079536438,0.13609133660793304,0.0,0.0,0.0
0.5652658343315125,0.7404842376708984,0.5652658343315125,19,319,,,,,,,
,,,19,319,0.5602988004684448,0.7356361150741577,0.6959012746810913,0.13560238480567932,0.0,0.0,0.0
0.551965594291687,0.726809561252594,0.551965594291687,20,335,,,,,,,
,,,20,335,0.5463084578514099,0.7186262607574463,0.6814002990722656,0.1350918412208557,0.0,0.0,0.0
0.5388968586921692,0.7140111923217773,0.5388968586921692,21,351,,,,,,,
,,,21,351,0.5328006744384766,0.7082739472389221,0.6675902605056763,0.13478955626487732,0.0,0.0,0.0
0.5270153284072876,0.7027471661567688,0.5270153284072876,22,367,,,,,,,
,,,22,367,0.5198962688446045,0.6970487833023071,0.6543782949447632,0.1344819962978363,0.0,0.0,0.0
0.5149370431900024,0.6916254758834839,0.5149370431900024,23,383,,,,,,,
,,,23,383,0.5079464912414551,0.6875521540641785,0.6422401666641235,0.13429370522499084,0.0,0.0,0.0
0.5033686757087708,0.6816841959953308,0.5033686757087708,24,399,,,,,,,
,,,24,399,0.49613747000694275,0.6761239767074585,0.6302386522293091,0.13410113751888275,0.0,0.0,0.0
0.4937067925930023,0.6718414425849915,0.4937067925930023,25,415,,,,,,,
,,,25,415,0.48523879051208496,0.6669908761978149,0.6191277503967285,0.13388900458812714,0.0,0.0,0.0
0.4861879348754883,0.6626964807510376,0.4861879348754883,26,431,,,,,,,
,,,26,431,0.47548532485961914,0.6578927636146545,0.6089673042297363,0.13348199427127838,0.0,0.0,0.0
0.4785066545009613,0.6540768146514893,0.4785066545009613,27,447,,,,,,,
,,,27,447,0.46645569801330566,0.6487662196159363,0.5995291471481323,0.1330733448266983,0.0,0.0,0.0
0.47085827589035034,0.6456362009048462,0.47085827589035034,28,463,,,,,,,
,,,28,463,0.4571669101715088,0.6406381726264954,0.5898791551589966,0.1327122151851654,0.0,0.0,0.0
0.46289268136024475,0.63835608959198,0.46289268136024475,29,479,,,,,,,
,,,29,479,0.4483603537082672,0.6336736083030701,0.5807312726974487,0.13237091898918152,0.0,0.0,0.0
0.45565691590309143,0.63118976354599,0.45565691590309143,30,495,,,,,,,
,,,30,495,0.4399077296257019,0.626310408115387,0.5721392631530762,0.13223153352737427,0.0,0.0,0.0
0.4485664367675781,0.6252776384353638,0.4485664367675781,31,511,,,,,,,
,,,31,511,0.43195828795433044,0.618882954120636,0.5639509558677673,0.13199275732040405,0.0,0.0,0.0
0.44179481267929077,0.6198588609695435,0.44179481267929077,32,527,,,,,,,
,,,32,527,0.42402592301368713,0.6130815148353577,0.5557976961135864,0.1317717730998993,0.0,0.0,0.0
0.4346891939640045,0.615103006362915,0.4346891939640045,33,543,,,,,,,
,,,33,543,0.4162238538265228,0.6059311628341675,0.5476492047309875,0.1314253956079483,0.0,0.0,0.0
0.4277387261390686,0.6109454035758972,0.4277387261390686,34,559,,,,,,,
,,,34,559,0.4087865948677063,0.6016497015953064,0.5399051904678345,0.13111862540245056,0.0,0.0,0.0
0.41985052824020386,0.6067870259284973,0.41985052824020386,35,575,,,,,,,
,,,35,575,0.4014320969581604,0.5964938402175903,0.5323001146316528,0.130868062376976,0.0,0.0,0.0
0.41242560744285583,0.6042155027389526,0.41242560744285583,36,591,,,,,,,
,,,36,591,0.39397063851356506,0.5939053297042847,0.5244304537773132,0.1304597705602646,0.0,0.0,0.0
0.4050876200199127,0.6020544767379761,0.4050876200199127,37,607,,,,,,,
,,,37,607,0.3867413401603699,0.590999960899353,0.5167149305343628,0.1299736052751541,0.0,0.0,0.0
0.3978242576122284,0.6003170013427734,0.3978242576122284,38,623,,,,,,,
,,,38,623,0.378981351852417,0.5864219665527344,0.5085515379905701,0.12957021594047546,0.0,0.0,0.0
0.3901175856590271,0.5989267826080322,0.3901175856590271,39,639,,,,,,,
,,,39,639,0.37151336669921875,0.5840097069740295,0.5006458759307861,0.12913252413272858,0.0,0.0,0.0
0.38134533166885376,0.597674548625946,0.38134533166885376,40,655,,,,,,,
,,,40,655,0.3637445569038391,0.5819308161735535,0.4924663007259369,0.12872174382209778,0.0,0.0,0.0
0.3730340003967285,0.5966984033584595,0.3730340003967285,41,671,,,,,,,
,,,41,671,0.3550209105014801,0.5805732011795044,0.48361819982528687,0.12859731912612915,0.0,0.0,0.0
0.3661036491394043,0.5945431590080261,0.3661036491394043,42,687,,,,,,,
,,,42,687,0.3473678231239319,0.5761688351631165,0.4758238196372986,0.1284560114145279,0.0,0.0,0.0
0.3590165674686432,0.5918213129043579,0.3590165674686432,43,703,,,,,,,
,,,43,703,0.34087055921554565,0.5727969408035278,0.46896761655807495,0.1280970275402069,0.0,0.0,0.0
0.35070306062698364,0.5888879895210266,0.35070306062698364,44,719,,,,,,,
,,,44,719,0.33387839794158936,0.5718370676040649,0.461657851934433,0.12777945399284363,0.0,0.0,0.0
0.3417159914970398,0.5868560075759888,0.3417159914970398,45,735,,,,,,,
,,,45,735,0.32656440138816833,0.5679189562797546,0.45401114225387573,0.1274467408657074,0.0,0.0,0.0
0.3330056667327881,0.5851184129714966,0.3330056667327881,46,751,,,,,,,
,,,46,751,0.31860822439193726,0.5660786032676697,0.44590550661087036,0.1272972971200943,0.0,0.0,0.0
0.32543984055519104,0.5824805498123169,0.32543984055519104,47,767,,,,,,,
,,,47,767,0.31153735518455505,0.5655137896537781,0.4387020170688629,0.12716470658779144,0.0,0.0,0.0
0.3187274634838104,0.5779677629470825,0.3187274634838104,48,783,,,,,,,
,,,48,783,0.30575746297836304,0.5595205426216125,0.43281975388526917,0.12706226110458374,0.0,0.0,0.0
0.31324252486228943,0.5728271007537842,0.31324252486228943,49,799,,,,,,,
,,,49,799,0.3006260395050049,0.557390034198761,0.4276542663574219,0.12702824175357819,0.0,0.0,0.0
0.30846136808395386,0.5679054260253906,0.30846136808395386,50,815,,,,,,,
,,,50,815,0.2963123917579651,0.550023078918457,0.42312484979629517,0.12681244313716888,0.0,0.0,0.0
0.30327075719833374,0.5626282691955566,0.30327075719833374,51,831,,,,,,,
,,,51,831,0.29184743762016296,0.5448415279388428,0.4185062348842621,0.12665876746177673,0.0,0.0,0.0
0.29817572236061096,0.5566170811653137,0.29817572236061096,52,847,,,,,,,
,,,52,847,0.2876584231853485,0.5412270426750183,0.4141431450843811,0.126484677195549,0.0,0.0,0.0
0.2936561107635498,0.5516890287399292,0.2936561107635498,53,863,,,,,,,
,,,53,863,0.28352266550064087,0.5332351922988892,0.4098270535469055,0.12630441784858704,0.0,0.0,0.0
0.2880856990814209,0.546741783618927,0.2880856990814209,54,879,,,,,,,
,,,54,879,0.27909788489341736,0.5281124114990234,0.4051651060581207,0.12606719136238098,0.0,0.0,0.0
0.28286001086235046,0.5411807298660278,0.28286001086235046,55,895,,,,,,,
,,,55,895,0.27466893196105957,0.5228786468505859,0.4006405770778656,0.12597166001796722,0.0,0.0,0.0
0.2766292691230774,0.5360634922981262,0.2766292691230774,56,911,,,,,,,
,,,56,911,0.2701697051525116,0.52009516954422,0.3960000276565552,0.12583032250404358,0.0,0.0,0.0
0.27133387327194214,0.5309394598007202,0.27133387327194214,57,927,,,,,,,
,,,57,927,0.26503199338912964,0.5150419473648071,0.39078113436698914,0.1257491111755371,0.0,0.0,0.0
0.26741519570350647,0.5244904160499573,0.26741519570350647,58,943,,,,,,,
,,,58,943,0.2609855532646179,0.5086259841918945,0.3866986036300659,0.12571308016777039,0.0,0.0,0.0
0.26395130157470703,0.5190985202789307,0.26395130157470703,59,959,,,,,,,
,,,59,959,0.2578143775463104,0.5044870376586914,0.3834072947502136,0.12559287250041962,0.0,0.0,0.0
0.26078760623931885,0.5132810473442078,0.26078760623931885,60,975,,,,,,,
,,,60,975,0.25522011518478394,0.4982462525367737,0.3805954158306122,0.12537536025047302,0.0,0.0,0.0
0.25683337450027466,0.5078343749046326,0.25683337450027466,61,991,,,,,,,
,,,61,991,0.2518652081489563,0.4910726547241211,0.37715569138526917,0.12529049813747406,0.0,0.0,0.0
0.2535824775695801,0.5024441480636597,0.2535824775695801,62,1007,,,,,,,
,,,62,1007,0.24870462715625763,0.48675259947776794,0.3739343285560608,0.12522970139980316,0.0,0.0,0.0
0.24984240531921387,0.4973090589046478,0.24984240531921387,63,1023,,,,,,,
,,,63,1023,0.2452145516872406,0.4820089340209961,0.3703400492668152,0.12512549757957458,0.0,0.0,0.0
0.2472265511751175,0.49250364303588867,0.2472265511751175,64,1039,,,,,,,
,,,64,1039,0.24207203090190887,0.47499480843544006,0.3671092092990875,0.12503714859485626,0.0,0.0,0.0
0.24387669563293457,0.4880543351173401,0.24387669563293457,65,1055,,,,,,,
,,,65,1055,0.23902955651283264,0.47198206186294556,0.3639707565307617,0.12494125217199326,0.0,0.0,0.0
0.24070072174072266,0.4830933213233948,0.24070072174072266,66,1071,,,,,,,
,,,66,1071,0.23629479110240936,0.46821966767311096,0.3611393868923187,0.12484462559223175,0.0,0.0,0.0
0.23704509437084198,0.4790204167366028,0.23704509437084198,67,1087,,,,,,,
,,,67,1087,0.2335626631975174,0.4625822901725769,0.35830482840538025,0.12474223226308823,0.0,0.0,0.0
0.2347652018070221,0.4746365547180176,0.2347652018070221,68,1103,,,,,,,
,,,68,1103,0.23078100383281708,0.4570072293281555,0.35532698035240173,0.12454602867364883,0.0,0.0,0.0
0.23145608603954315,0.47134074568748474,0.23145608603954315,69,1119,,,,,,,
,,,69,1119,0.22776205837726593,0.45606476068496704,0.3520694375038147,0.12430733442306519,0.0,0.0,0.0
0.22815504670143127,0.466642290353775,0.22815504670143127,70,1135,,,,,,,
,,,70,1135,0.22489690780639648,0.44954371452331543,0.3490283489227295,0.12413141876459122,0.0,0.0,0.0
0.2248932123184204,0.46339845657348633,0.2248932123184204,71,1151,,,,,,,
,,,71,1151,0.2219911366701126,0.4485858380794525,0.34594419598579407,0.12395308166742325,0.0,0.0,0.0
0.2210690975189209,0.4591401219367981,0.2210690975189209,72,1167,,,,,,,
,,,72,1167,0.21868304908275604,0.4442059397697449,0.34247034788131714,0.1237872838973999,0.0,0.0,0.0
0.21783892810344696,0.4554220736026764,0.21783892810344696,73,1183,,,,,,,
,,,73,1183,0.2155449390411377,0.43938198685646057,0.3390721380710602,0.1235271692276001,0.0,0.0,0.0
0.2144807130098343,0.4519166052341461,0.2144807130098343,74,1199,,,,,,,
,,,74,1199,0.21251149475574493,0.4373096823692322,0.33571889996528625,0.12320742756128311,0.0,0.0,0.0
0.2104821503162384,0.4486994743347168,0.2104821503162384,75,1215,,,,,,,
,,,75,1215,0.20922455191612244,0.4341842532157898,0.3320770859718323,0.12285250425338745,0.0,0.0,0.0
0.20754584670066833,0.4455491006374359,0.20754584670066833,76,1231,,,,,,,
,,,76,1231,0.20570750534534454,0.43199771642684937,0.32815423607826233,0.1224467009305954,0.0,0.0,0.0
0.20371469855308533,0.44217100739479065,0.20371469855308533,77,1247,,,,,,,
,,,77,1247,0.2024715393781662,0.4278241693973541,0.3245820701122284,0.12211054563522339,0.0,0.0,0.0
0.19948908686637878,0.4390963912010193,0.19948908686637878,78,1263,,,,,,,
,,,78,1263,0.19850653409957886,0.42519623041152954,0.32013189792633057,0.12162536382675171,0.0,0.0,0.0
0.19536221027374268,0.4355018138885498,0.19536221027374268,79,1279,,,,,,,
,,,79,1279,0.19487030804157257,0.4216904640197754,0.3161226212978363,0.12125232070684433,0.0,0.0,0.0
0.1913757622241974,0.4331800043582916,0.1913757622241974,80,1295,,,,,,,
,,,80,1295,0.19055910408496857,0.41780275106430054,0.31140318512916565,0.12084408104419708,0.0,0.0,0.0
0.18741343915462494,0.4301893711090088,0.18741343915462494,81,1311,,,,,,,
,,,81,1311,0.18640001118183136,0.413629949092865,0.3067909777164459,0.12039092928171158,0.0,0.0,0.0
0.18319199979305267,0.4278745651245117,0.18319199979305267,82,1327,,,,,,,
,,,82,1327,0.1822693645954132,0.41363978385925293,0.30224934220314026,0.11997995525598526,0.0,0.0,0.0
0.17803475260734558,0.4255922734737396,0.17803475260734558,83,1343,,,,,,,
,,,83,1343,0.17788833379745483,0.4112381041049957,0.29744142293930054,0.1195531114935875,0.0,0.0,0.0
0.1737406998872757,0.4235841631889343,0.1737406998872757,84,1359,,,,,,,
,,,84,1359,0.17314451932907104,0.40810275077819824,0.29231536388397217,0.1191709041595459,0.0,0.0,0.0
0.16772019863128662,0.42122602462768555,0.16772019863128662,85,1375,,,,,,,
,,,85,1375,0.16833770275115967,0.4051467776298523,0.28724920749664307,0.11891152709722519,0.0,0.0,0.0
0.1628556251525879,0.41880717873573303,0.1628556251525879,86,1391,,,,,,,
,,,86,1391,0.16281647980213165,0.40279635787010193,0.28149887919425964,0.1186823844909668,0.0,0.0,0.0
0.159097358584404,0.41221413016319275,0.159097358584404,87,1407,,,,,,,
,,,87,1407,0.15861666202545166,0.3968737721443176,0.27726680040359497,0.1186501532793045,0.0,0.0,0.0
0.15499010682106018,0.40786799788475037,0.15499010682106018,88,1423,,,,,,,
,,,88,1423,0.1542482078075409,0.3932284414768219,0.27288684248924255,0.11863863468170166,0.0,0.0,0.0
0.15162284672260284,0.40293559432029724,0.15162284672260284,89,1439,,,,,,,
,,,89,1439,0.1508336216211319,0.3851912319660187,0.26953187584877014,0.11869828402996063,0.0,0.0,0.0
0.1471243053674698,0.3979531228542328,0.1471243053674698,90,1455,,,,,,,
,,,90,1455,0.14648781716823578,0.37981563806533813,0.265231728553772,0.118743896484375,0.0,0.0,0.0
0.14336374402046204,0.39374595880508423,0.14336374402046204,91,1471,,,,,,,
,,,91,1471,0.1421731859445572,0.373518168926239,0.26098331809043884,0.11881011724472046,0.0,0.0,0.0
0.13915398716926575,0.38979068398475647,0.13915398716926575,92,1487,,,,,,,
,,,92,1487,0.1377258002758026,0.3681410849094391,0.2566053867340088,0.11887960135936737,0.0,0.0,0.0
0.13447542488574982,0.3860539495944977,0.13447542488574982,93,1503,,,,,,,
,,,93,1503,0.13322225213050842,0.36365240812301636,0.2521752715110779,0.11895306408405304,0.0,0.0,0.0
0.1302298605442047,0.38277602195739746,0.1302298605442047,94,1519,,,,,,,
,,,94,1519,0.12855833768844604,0.3598242700099945,0.24763424694538116,0.11907589435577393,0.0,0.0,0.0
0.12519404292106628,0.3802843987941742,0.12519404292106628,95,1535,,,,,,,
,,,95,1535,0.12370184808969498,0.3503088355064392,0.24293050169944763,0.11922868341207504,0.0,0.0,0.0
0.12092515081167221,0.3781715929508209,0.12092515081167221,96,1551,,,,,,,
,,,96,1551,0.11855778843164444,0.3537660539150238,0.23782312870025635,0.11926534026861191,0.0,0.0,0.0
0.11521480977535248,0.37725716829299927,0.11521480977535248,97,1567,,,,,,,
,,,97,1567,0.11328325420618057,0.3496999442577362,0.23268644511699677,0.11940320581197739,0.0,0.0,0.0
0.11408064514398575,0.37718215584754944,0.11408064514398575,98,1583,,,,,,,
,,,98,1583,0.10869883000850677,0.3502116799354553,0.22825317084789276,0.11955435574054718,0.0,0.0,0.0
0.11359021812677383,0.3771652281284332,0.11359021812677383,99,1599,,,,,,,
,,,99,1599,0.10812219232320786,0.3506902754306793,0.22719016671180725,0.11906798183917999,0.0,0.0,0.0
0.1129736676812172,0.37712064385414124,0.1129736676812172,100,1615,,,,,,,
,,,100,1615,0.10760557651519775,0.3468727171421051,0.22618016600608826,0.11857461929321289,0.0,0.0,0.0
0.11309210956096649,0.3771047592163086,0.11309210956096649,101,1631,,,,,,,
,,,101,1631,0.10698185861110687,0.34607234597206116,0.22508513927459717,0.11810325086116791,0.0,0.0,0.0
0.11356218159198761,0.37705907225608826,0.11356218159198761,102,1647,,,,,,,
,,,102,1647,0.10691924393177032,0.34769734740257263,0.22458168864250183,0.1176624447107315,0.0,0.0,0.0
0.11282654851675034,0.37732434272766113,0.11282654851675034,103,1663,,,,,,,
,,,103,1663,0.1064254492521286,0.34243643283843994,0.2236068993806839,0.1171814426779747,0.0,0.0,0.0
0.11415793746709824,0.37782543897628784,0.11415793746709824,104,1679,,,,,,,
,,,104,1679,0.10644029080867767,0.34492427110671997,0.2232009917497635,0.11676071584224701,0.0,0.0,0.0
0.11325801908969879,0.3773829936981201,0.11325801908969879,105,1695,,,,,,,
,,,105,1695,0.10637541115283966,0.34558671712875366,0.22268791496753693,0.11631251871585846,0.0,0.0,0.0
0.11327705532312393,0.37714582681655884,0.11327705532312393,106,1711,,,,,,,
,,,106,1711,0.1061115711927414,0.3444659411907196,0.22196590900421143,0.11585434526205063,0.0,0.0,0.0
0.1135152131319046,0.377596378326416,0.1135152131319046,107,1727,,,,,,,
,,,107,1727,0.1057928204536438,0.34492745995521545,0.22121155261993408,0.11541873216629028,0.0,0.0,0.0
0.11314938962459564,0.37785884737968445,0.11314938962459564,108,1743,,,,,,,
,,,108,1743,0.10552974790334702,0.3431529104709625,0.22056038677692413,0.11503062397241592,0.0,0.0,0.0
0.11370813846588135,0.3779224753379822,0.11370813846588135,109,1759,,,,,,,
,,,109,1759,0.10536932945251465,0.3425297737121582,0.2199595421552658,0.11459022760391235,0.0,0.0,0.0
0.1134287565946579,0.37794747948646545,0.1134287565946579,110,1775,,,,,,,
,,,110,1775,0.10514072328805923,0.3432462811470032,0.2193741500377655,0.11423341929912567,0.0,0.0,0.0
0.11385686695575714,0.3783489465713501,0.11385686695575714,111,1791,,,,,,,
,,,111,1791,0.10520108789205551,0.3431285321712494,0.2189909964799881,0.11378990113735199,0.0,0.0,0.0
0.11379852145910263,0.378429114818573,0.11379852145910263,112,1807,,,,,,,
,,,112,1807,0.10490300506353378,0.3406166732311249,0.21832863986492157,0.11342563480138779,0.0,0.0,0.0
0.11375204473733902,0.3785238265991211,0.11375204473733902,113,1823,,,,,,,
,,,113,1823,0.1048474907875061,0.34142428636550903,0.21788227558135986,0.11303474754095078,0.0,0.0,0.0
0.11419693380594254,0.37905943393707275,0.11419693380594254,114,1839,,,,,,,
,,,114,1839,0.10431941598653793,0.3388412296772003,0.21698948740959167,0.11267010122537613,0.0,0.0,0.0
0.11467763036489487,0.37884649634361267,0.11467763036489487,115,1855,,,,,,,
,,,115,1855,0.1045701876282692,0.3386123478412628,0.21684439480304718,0.1122741848230362,0.0,0.0,0.0
0.11445698887109756,0.37919753789901733,0.11445698887109756,116,1871,,,,,,,
,,,116,1871,0.10440798848867416,0.33986449241638184,0.21631932258605957,0.1119113340973854,0.0,0.0,0.0
0.11486055701971054,0.37901511788368225,0.11486055701971054,117,1887,,,,,,,
,,,117,1887,0.10461662709712982,0.34032928943634033,0.21617336571216583,0.11155672371387482,0.0,0.0,0.0
0.11452817916870117,0.37896424531936646,0.11452817916870117,118,1903,,,,,,,
,,,118,1903,0.10448571294546127,0.33919742703437805,0.21570713818073273,0.11122141778469086,0.0,0.0,0.0
0.1144402027130127,0.3795374929904938,0.1144402027130127,119,1919,,,,,,,
,,,119,1919,0.1039881706237793,0.34183061122894287,0.21485094726085663,0.11086279153823853,0.0,0.0,0.0
0.11443521082401276,0.37966352701187134,0.11443521082401276,120,1935,,,,,,,
,,,120,1935,0.10382059961557388,0.3408980965614319,0.21430981159210205,0.11048922687768936,0.0,0.0,0.0
0.11466355621814728,0.3799726366996765,0.11466355621814728,121,1951,,,,,,,
,,,121,1951,0.10383311659097672,0.3433303236961365,0.21398484706878662,0.11015172302722931,0.0,0.0,0.0
0.11489413678646088,0.3799718916416168,0.11489413678646088,122,1967,,,,,,,
,,,122,1967,0.10386443138122559,0.3376058340072632,0.21366576850414276,0.10980132967233658,0.0,0.0,0.0
0.11461105197668076,0.3802315592765808,0.11461105197668076,123,1983,,,,,,,
,,,123,1983,0.10366686433553696,0.33806243538856506,0.2131485491991043,0.10948166996240616,0.0,0.0,0.0
0.11507419496774673,0.38034433126449585,0.11507419496774673,124,1999,,,,,,,
,,,124,1999,0.10362924635410309,0.3383728861808777,0.21273665130138397,0.10910741984844208,0.0,0.0,0.0
0.11561280488967896,0.38042402267456055,0.11561280488967896,125,2015,,,,,,,
,,,125,2015,0.10388638824224472,0.33887404203414917,0.21267998218536377,0.10879355669021606,0.0,0.0,0.0
0.1153511255979538,0.38034650683403015,0.1153511255979538,126,2031,,,,,,,
,,,126,2031,0.10364200919866562,0.3407652974128723,0.2121206521987915,0.10847865045070648,0.0,0.0,0.0
0.1155567616224289,0.38048338890075684,0.1155567616224289,127,2047,,,,,,,
,,,127,2047,0.10372626781463623,0.3372265100479126,0.21187067031860352,0.10814438760280609,0.0,0.0,0.0
0.11578971147537231,0.3807109296321869,0.11578971147537231,128,2063,,,,,,,
,,,128,2063,0.10347248613834381,0.3386206030845642,0.21129484474658966,0.10782238095998764,0.0,0.0,0.0
0.11574016511440277,0.3810120224952698,0.11574016511440277,129,2079,,,,,,,
,,,129,2079,0.10336367040872574,0.33470919728279114,0.21088342368602753,0.10751974582672119,0.0,0.0,0.0
0.11552642285823822,0.38082700967788696,0.11552642285823822,130,2095,,,,,,,
,,,130,2095,0.10333893448114395,0.3370812237262726,0.21053536236286163,0.10719645023345947,0.0,0.0,0.0
0.11572829633951187,0.38134971261024475,0.11572829633951187,131,2111,,,,,,,
,,,131,2111,0.10315533727407455,0.337600976228714,0.2100284844636917,0.10687315464019775,0.0,0.0,0.0
0.11567296832799911,0.3815746009349823,0.11567296832799911,132,2127,,,,,,,
,,,132,2127,0.10327436029911041,0.34011977910995483,0.20981228351593018,0.10653791576623917,0.0,0.0,0.0
0.11565729230642319,0.3820785582065582,0.11565729230642319,133,2143,,,,,,,
,,,133,2143,0.10288959741592407,0.33632001280784607,0.2091350257396698,0.10624541342258453,0.0,0.0,0.0
0.11574427783489227,0.3819544017314911,0.11574427783489227,134,2159,,,,,,,
,,,134,2159,0.1026909127831459,0.3376477062702179,0.20861618220806122,0.1059252992272377,0.0,0.0,0.0
0.11620690673589706,0.3823182284832001,0.11620690673589706,135,2175,,,,,,,
,,,135,2175,0.10290463268756866,0.33893880248069763,0.20851817727088928,0.10561356693506241,0.0,0.0,0.0
0.11636294424533844,0.38252273201942444,0.11636294424533844,136,2191,,,,,,,
,,,136,2191,0.10309412330389023,0.34059303998947144,0.20845302939414978,0.10535892099142075,0.0,0.0,0.0
0.11643482744693756,0.3826993703842163,0.11643482744693756,137,2207,,,,,,,
,,,137,2207,0.10341837257146835,0.3374745845794678,0.20847797393798828,0.10505960136651993,0.0,0.0,0.0
0.1169150099158287,0.3831859529018402,0.1169150099158287,138,2223,,,,,,,
,,,138,2223,0.1030719056725502,0.33740758895874023,0.20780368149280548,0.10473176091909409,0.0,0.0,0.0
0.11677370965480804,0.3834107220172882,0.11677370965480804,139,2239,,,,,,,
,,,139,2239,0.10299410670995712,0.3372022211551666,0.20742936432361603,0.10443522781133652,0.0,0.0,0.0
0.11688834428787231,0.3834451735019684,0.11688834428787231,140,2255,,,,,,,
,,,140,2255,0.10289071500301361,0.3376638889312744,0.20704874396324158,0.10415805876255035,0.0,0.0,0.0
0.116429902613163,0.3838721215724945,0.116429902613163,141,2271,,,,,,,
,,,141,2271,0.10262548923492432,0.3360045254230499,0.20648446679115295,0.10385896265506744,0.0,0.0,0.0
0.1166209951043129,0.38429000973701477,0.1166209951043129,142,2287,,,,,,,
,,,142,2287,0.10232768952846527,0.3396894335746765,0.20588643848896027,0.1035587340593338,0.0,0.0,0.0
0.11725863069295883,0.3846445679664612,0.11725863069295883,143,2303,,,,,,,
,,,143,2303,0.10255342721939087,0.337664932012558,0.20585684478282928,0.10330341011285782,0.0,0.0,0.0
0.11701498925685883,0.3846646249294281,0.11701498925685883,144,2319,,,,,,,
,,,144,2319,0.10268197953701019,0.3393401503562927,0.20570237934589386,0.10302037000656128,0.0,0.0,0.0
0.11726617813110352,0.3852592408657074,0.11726617813110352,145,2335,,,,,,,
,,,145,2335,0.1026478186249733,0.3365768492221832,0.20534935593605042,0.10270155966281891,0.0,0.0,0.0
0.11730068922042847,0.38586315512657166,0.11730068922042847,146,2351,,,,,,,
,,,146,2351,0.1025794968008995,0.3303757905960083,0.20503254234790802,0.10245303809642792,0.0,0.0,0.0
0.11787708103656769,0.3856993317604065,0.11787708103656769,147,2367,,,,,,,
,,,147,2367,0.10301719605922699,0.3357471823692322,0.2051861584186554,0.10216895490884781,0.0,0.0,0.0
0.11732430756092072,0.3860471248626709,0.11732430756092072,148,2383,,,,,,,
,,,148,2383,0.10258637368679047,0.3366670310497284,0.2045079469680786,0.10192155838012695,0.0,0.0,0.0
0.11759962886571884,0.3863179683685303,0.11759962886571884,149,2399,,,,,,,
,,,149,2399,0.10223443806171417,0.3364223837852478,0.2038484364748001,0.10161402076482773,0.0,0.0,0.0
0.11754809319972992,0.38703984022140503,0.11754809319972992,150,2415,,,,,,,
,,,150,2415,0.1023775190114975,0.33725908398628235,0.2037370651960373,0.10135956108570099,0.0,0.0,0.0
0.11791150271892548,0.38760441541671753,0.11791150271892548,151,2431,,,,,,,
,,,151,2431,0.10212066024541855,0.33597296476364136,0.2032148391008377,0.10109418630599976,0.0,0.0,0.0
0.11800942569971085,0.3877754807472229,0.11800942569971085,152,2447,,,,,,,
,,,152,2447,0.10233761370182037,0.3354893624782562,0.20315559208393097,0.10081799328327179,0.0,0.0,0.0
0.11829618364572525,0.38801878690719604,0.11829618364572525,153,2463,,,,,,,
,,,153,2463,0.10215984284877777,0.3403250277042389,0.20269060134887695,0.10053074359893799,0.0,0.0,0.0
0.1184546947479248,0.38819950819015503,0.1184546947479248,154,2479,,,,,,,
,,,154,2479,0.10228703916072845,0.3378862142562866,0.202582448720932,0.10029540956020355,0.0,0.0,0.0
0.11836667358875275,0.38849034905433655,0.11836667358875275,155,2495,,,,,,,
,,,155,2495,0.10243779420852661,0.3361430764198303,0.2024548053741455,0.10001697391271591,0.0,0.0,0.0
0.11888273060321808,0.3888792395591736,0.11888273060321808,156,2511,,,,,,,
,,,156,2511,0.10241762548685074,0.336736261844635,0.202182337641716,0.09976471960544586,0.0,0.0,0.0
0.1188381090760231,0.3893051743507385,0.1188381090760231,157,2527,,,,,,,
,,,157,2527,0.10220269858837128,0.33659642934799194,0.20170220732688904,0.09949950873851776,0.0,0.0,0.0
0.11908497661352158,0.3891640901565552,0.11908497661352158,158,2543,,,,,,,
,,,158,2543,0.10238416492938995,0.3380294442176819,0.2016327679157257,0.09924859553575516,0.0,0.0,0.0
0.11855807155370712,0.3895968794822693,0.11855807155370712,159,2559,,,,,,,
,,,159,2559,0.10277335345745087,0.3394434452056885,0.20177249610424042,0.09899913519620895,0.0,0.0,0.0
0.1197906881570816,0.39025187492370605,0.1197906881570816,160,2575,,,,,,,
,,,160,2575,0.10249742120504379,0.33884865045547485,0.20124104619026184,0.09874361753463745,0.0,0.0,0.0
0.11943227052688599,0.390534907579422,0.11943227052688599,161,2591,,,,,,,
,,,161,2591,0.10245809704065323,0.33502283692359924,0.20095868408679962,0.09850058704614639,0.0,0.0,0.0
0.1194644346833229,0.3904544413089752,0.1194644346833229,162,2607,,,,,,,
,,,162,2607,0.1024642363190651,0.3372834324836731,0.20070365071296692,0.09823939204216003,0.0,0.0,0.0
0.11930577456951141,0.3907250761985779,0.11930577456951141,163,2623,,,,,,,
,,,163,2623,0.10231417417526245,0.33642563223838806,0.20030546188354492,0.09799129515886307,0.0,0.0,0.0
0.11931037902832031,0.39072567224502563,0.11931037902832031,164,2639,,,,,,,
,,,164,2639,0.10186884552240372,0.3380146324634552,0.19960510730743408,0.09773626923561096,0.0,0.0,0.0
0.11965169757604599,0.3908349871635437,0.11965169757604599,165,2655,,,,,,,
,,,165,2655,0.10179682075977325,0.33782899379730225,0.19928501546382904,0.09748819470405579,0.0,0.0,0.0
0.1194516271352768,0.39120540022850037,0.1194516271352768,166,2671,,,,,,,
,,,166,2671,0.10196560621261597,0.3379027247428894,0.19919763505458832,0.09723205119371414,0.0,0.0,0.0
0.11996603012084961,0.3917323052883148,0.11996603012084961,167,2687,,,,,,,
,,,167,2687,0.10224354267120361,0.33847516775131226,0.19926731288433075,0.09702378511428833,0.0,0.0,0.0
0.11951465904712677,0.3916908800601959,0.11951465904712677,168,2703,,,,,,,
,,,168,2703,0.1021510511636734,0.33860114216804504,0.19890758395195007,0.09675655514001846,0.0,0.0,0.0
0.11948531866073608,0.3918876051902771,0.11948531866073608,169,2719,,,,,,,
,,,169,2719,0.1018567830324173,0.3347422778606415,0.19838106632232666,0.09652428328990936,0.0,0.0,0.0
0.11952316761016846,0.3920397460460663,0.11952316761016846,170,2735,,,,,,,
,,,170,2735,0.10189874470233917,0.3377113938331604,0.19820590317249298,0.09630712866783142,0.0,0.0,0.0
0.11976724863052368,0.39238351583480835,0.11976724863052368,171,2751,,,,,,,
,,,171,2751,0.1019565612077713,0.3372246325016022,0.1980280876159668,0.09607154875993729,0.0,0.0,0.0
0.11991355568170547,0.39252930879592896,0.11991355568170547,172,2767,,,,,,,
,,,172,2767,0.10208197683095932,0.33669084310531616,0.19789648056030273,0.09581448137760162,0.0,0.0,0.0
0.11975355446338654,0.39265117049217224,0.11975355446338654,173,2783,,,,,,,
,,,173,2783,0.10193972289562225,0.33980268239974976,0.19752320647239685,0.0955834835767746,0.0,0.0,0.0
0.12033303081989288,0.39316076040267944,0.12033303081989288,174,2799,,,,,,,
,,,174,2799,0.10197688639163971,0.3372325003147125,0.19732986390590668,0.09535299241542816,0.0,0.0,0.0
0.12006507068872452,0.39332863688468933,0.12006507068872452,175,2815,,,,,,,
,,,175,2815,0.102023184299469,0.3372812271118164,0.19716843962669373,0.09514525532722473,0.0,0.0,0.0
0.11999539285898209,0.3933226466178894,0.11999539285898209,176,2831,,,,,,,
,,,176,2831,0.10203298181295395,0.3344195485115051,0.19695807993412018,0.09492512047290802,0.0,0.0,0.0
0.12079671770334244,0.39356839656829834,0.12079671770334244,177,2847,,,,,,,
,,,177,2847,0.10208630561828613,0.3356524109840393,0.19676634669303894,0.09468002617359161,0.0,0.0,0.0
0.12031225860118866,0.393917977809906,0.12031225860118866,178,2863,,,,,,,
,,,178,2863,0.10221902281045914,0.3356243073940277,0.1966720074415207,0.09445297718048096,0.0,0.0,0.0
0.12071917951107025,0.39390093088150024,0.12071917951107025,179,2879,,,,,,,
,,,179,2879,0.10205507278442383,0.33803391456604004,0.19629646837711334,0.09424140304327011,0.0,0.0,0.0
0.12090496718883514,0.39418745040893555,0.12090496718883514,180,2895,,,,,,,
,,,180,2895,0.10258036851882935,0.33835598826408386,0.19661282002925873,0.09403246641159058,0.0,0.0,0.0
0.12075908482074738,0.3943687081336975,0.12075908482074738,181,2911,,,,,,,
,,,181,2911,0.1020771712064743,0.33916953206062317,0.19591447710990906,0.09383730590343475,0.0,0.0,0.0
0.12105796486139297,0.39484837651252747,0.12105796486139297,182,2927,,,,,,,
,,,182,2927,0.10223755985498428,0.3356720209121704,0.1958390176296234,0.09360145032405853,0.0,0.0,0.0
0.12098916620016098,0.3950103223323822,0.12098916620016098,183,2943,,,,,,,
,,,183,2943,0.10222393274307251,0.3338862955570221,0.1956319808959961,0.09340806305408478,0.0,0.0,0.0
0.1216438040137291,0.3951377868652344,0.1216438040137291,184,2959,,,,,,,
,,,184,2959,0.10211329162120819,0.33668848872184753,0.19528630375862122,0.09317301213741302,0.0,0.0,0.0
0.12164530903100967,0.3952201008796692,0.12164530903100967,185,2975,,,,,,,
,,,185,2975,0.10235825926065445,0.3365899324417114,0.1953311264514923,0.09297285974025726,0.0,0.0,0.0
0.12153880298137665,0.39566898345947266,0.12153880298137665,186,2991,,,,,,,
,,,186,2991,0.10222771018743515,0.3392195701599121,0.1949729025363922,0.09274518489837646,0.0,0.0,0.0
0.12139125913381577,0.3958134055137634,0.12139125913381577,187,3007,,,,,,,
,,,187,3007,0.10226515680551529,0.33752983808517456,0.19478940963745117,0.09252424538135529,0.0,0.0,0.0
0.12147736549377441,0.39596956968307495,0.12147736549377441,188,3023,,,,,,,
,,,188,3023,0.10222556442022324,0.3369211256504059,0.1945875585079193,0.09236199408769608,0.0,0.0,0.0
0.1209680587053299,0.3962075710296631,0.1209680587053299,189,3039,,,,,,,
,,,189,3039,0.10187508910894394,0.3372260630130768,0.19399788975715637,0.09212277084589005,0.0,0.0,0.0
0.12182893604040146,0.3965219557285309,0.12182893604040146,190,3055,,,,,,,
,,,190,3055,0.1018117219209671,0.3384997844696045,0.19374056160449982,0.09192882478237152,0.0,0.0,0.0
0.1211206316947937,0.39678099751472473,0.1211206316947937,191,3071,,,,,,,
,,,191,3071,0.10178941488265991,0.33678385615348816,0.1935022622346878,0.0917128399014473,0.0,0.0,0.0
0.12178084999322891,0.39703285694122314,0.12178084999322891,192,3087,,,,,,,
,,,192,3087,0.101487897336483,0.3346637189388275,0.1929984837770462,0.09151057153940201,0.0,0.0,0.0
0.12226366996765137,0.39698439836502075,0.12226366996765137,193,3103,,,,,,,
,,,193,3103,0.1019580140709877,0.3391052186489105,0.19327250123023987,0.09131447225809097,0.0,0.0,0.0
0.121463343501091,0.3970174789428711,0.121463343501091,194,3119,,,,,,,
,,,194,3119,0.10217811167240143,0.3336382806301117,0.1932954490184784,0.09111735224723816,0.0,0.0,0.0
0.1219654306769371,0.3970816731452942,0.1219654306769371,195,3135,,,,,,,
,,,195,3135,0.1018899530172348,0.3352779150009155,0.19277819991111755,0.09088824689388275,0.0,0.0,0.0
0.12197897583246231,0.3973905146121979,0.12197897583246231,196,3151,,,,,,,
,,,196,3151,0.10186854749917984,0.335441917181015,0.1925780475139618,0.09070950746536255,0.0,0.0,0.0
0.12191514670848846,0.3975217342376709,0.12191514670848846,197,3167,,,,,,,
,,,197,3167,0.10195145756006241,0.33416423201560974,0.19246108829975128,0.09050960838794708,0.0,0.0,0.0
0.12186825275421143,0.3976536691188812,0.12186825275421143,198,3183,,,,,,,
,,,198,3183,0.10164652019739151,0.3372974395751953,0.19195964932441711,0.0903131440281868,0.0,0.0,0.0
0.12246377766132355,0.39785879850387573,0.12246377766132355,199,3199,,,,,,,
,,,199,3199,0.10217471420764923,0.33767542243003845,0.19227541983127594,0.0901007130742073,0.0,0.0,0.0
0.12169307470321655,0.3983646035194397,0.12169307470321655,200,3215,,,,,,,
,,,200,3215,0.10189632326364517,0.3352830111980438,0.19185249507427216,0.08995620906352997,0.0,0.0,0.0
0.12225856631994247,0.39828675985336304,0.12225856631994247,201,3231,,,,,,,
,,,201,3231,0.1018194779753685,0.33552902936935425,0.19155025482177734,0.08973079174757004,0.0,0.0,0.0
0.12193755805492401,0.3981921076774597,0.12193755805492401,202,3247,,,,,,,
,,,202,3247,0.10198332369327545,0.3386561870574951,0.19154295325279236,0.08955959975719452,0.0,0.0,0.0
0.12181369960308075,0.3984430432319641,0.12181369960308075,203,3263,,,,,,,
,,,203,3263,0.10167964547872543,0.33515530824661255,0.19101190567016602,0.08933226019144058,0.0,0.0,0.0
0.12268189340829849,0.39870160818099976,0.12268189340829849,204,3279,,,,,,,
,,,204,3279,0.10172410309314728,0.3372400403022766,0.19085843861103058,0.0891343429684639,0.0,0.0,0.0
0.12230291217565536,0.3989924192428589,0.12230291217565536,205,3295,,,,,,,
,,,205,3295,0.1019851565361023,0.33683648705482483,0.19097183644771576,0.08898667991161346,0.0,0.0,0.0
0.12293539196252823,0.3986436724662781,0.12293539196252823,206,3311,,,,,,,
,,,206,3311,0.10228884220123291,0.3363659977912903,0.19104333221912384,0.08875449001789093,0.0,0.0,0.0
0.12244613468647003,0.3990999758243561,0.12244613468647003,207,3327,,,,,,,
,,,207,3327,0.10216953605413437,0.3341383934020996,0.19078469276428223,0.08861517906188965,0.0,0.0,0.0
0.12298557907342911,0.39944201707839966,0.12298557907342911,208,3343,,,,,,,
,,,208,3343,0.1019025593996048,0.33876317739486694,0.19032058119773865,0.08841802179813385,0.0,0.0,0.0
0.12299944460391998,0.39953312277793884,0.12299944460391998,209,3359,,,,,,,
,,,209,3359,0.10217267274856567,0.3333054184913635,0.1903901994228363,0.08821753412485123,0.0,0.0,0.0
0.12295570224523544,0.3995775282382965,0.12295570224523544,210,3375,,,,,,,
,,,210,3375,0.10200492292642593,0.3354327380657196,0.19005116820335388,0.08804623037576675,0.0,0.0,0.0
0.12278970330953598,0.399746298789978,0.12278970330953598,211,3391,,,,,,,
,,,211,3391,0.10190467536449432,0.33597156405448914,0.18974438309669495,0.08783970028162003,0.0,0.0,0.0
0.12299585342407227,0.4000932276248932,0.12299585342407227,212,3407,,,,,,,
,,,212,3407,0.10178782045841217,0.3341487646102905,0.1894620805978775,0.08767426759004593,0.0,0.0,0.0
0.12255406379699707,0.39991316199302673,0.12255406379699707,213,3423,,,,,,,
,,,213,3423,0.10193761438131332,0.33520108461380005,0.18940556049346924,0.08746793866157532,0.0,0.0,0.0
0.12249801307916641,0.4000878930091858,0.12249801307916641,214,3439,,,,,,,
,,,214,3439,0.10179271548986435,0.33663511276245117,0.18912050127983093,0.08732777833938599,0.0,0.0,0.0
0.12319691479206085,0.4003547132015228,0.12319691479206085,215,3455,,,,,,,
,,,215,3455,0.10156736522912979,0.33614417910575867,0.18868407607078552,0.08711672574281693,0.0,0.0,0.0
0.12259604781866074,0.4005027413368225,0.12259604781866074,216,3471,,,,,,,
,,,216,3471,0.10196179151535034,0.33619216084480286,0.18889330327510834,0.08693153411149979,0.0,0.0,0.0
0.12254589796066284,0.4005652964115143,0.12254589796066284,217,3487,,,,,,,
,,,217,3487,0.1015094667673111,0.3360505700111389,0.18827489018440247,0.08676542341709137,0.0,0.0,0.0
0.12345363199710846,0.40063682198524475,0.12345363199710846,218,3503,,,,,,,
,,,218,3503,0.10190924257040024,0.33573710918426514,0.1884918510913849,0.08658261597156525,0.0,0.0,0.0
0.12330430746078491,0.400983989238739,0.12330430746078491,219,3519,,,,,,,
,,,219,3519,0.10247822105884552,0.3321162760257721,0.18891695141792297,0.08643873035907745,0.0,0.0,0.0
0.12337000668048859,0.4008958339691162,0.12337000668048859,220,3535,,,,,,,
,,,220,3535,0.10242374241352081,0.33704084157943726,0.18865397572517395,0.08623024821281433,0.0,0.0,0.0
0.12281043827533722,0.4014991819858551,0.12281043827533722,221,3551,,,,,,,
,,,221,3551,0.10197865962982178,0.33827441930770874,0.188043475151062,0.08606483042240143,0.0,0.0,0.0
0.12325086444616318,0.40180930495262146,0.12325086444616318,222,3567,,,,,,,
,,,222,3567,0.1014489158987999,0.33458828926086426,0.18732014298439026,0.08587123453617096,0.0,0.0,0.0
0.12311585992574692,0.401508092880249,0.12311585992574692,223,3583,,,,,,,
,,,223,3583,0.1013713926076889,0.33548814058303833,0.1870650202035904,0.08569362014532089,0.0,0.0,0.0
0.123213030397892,0.40178853273391724,0.123213030397892,224,3599,,,,,,,
,,,224,3599,0.10178609937429428,0.33399835228919983,0.1873125582933426,0.08552645146846771,0.0,0.0,0.0
0.12339343875646591,0.40203994512557983,0.12339343875646591,225,3615,,,,,,,
,,,225,3615,0.10175047814846039,0.33674356341362,0.18711085617542267,0.08536036312580109,0.0,0.0,0.0
0.12375158071517944,0.4021187722682953,0.12375158071517944,226,3631,,,,,,,
,,,226,3631,0.10182216018438339,0.33552879095077515,0.1870088279247284,0.0851866751909256,0.0,0.0,0.0
0.12325860559940338,0.4023853838443756,0.12325860559940338,227,3647,,,,,,,
,,,227,3647,0.1015687957406044,0.33592087030410767,0.18656516075134277,0.08499638736248016,0.0,0.0,0.0
0.12339562177658081,0.40237054228782654,0.12339562177658081,228,3663,,,,,,,
,,,228,3663,0.1016479879617691,0.33709391951560974,0.1864900290966034,0.08484204113483429,0.0,0.0,0.0
0.12320868670940399,0.40231484174728394,0.12320868670940399,229,3679,,,,,,,
,,,229,3679,0.10162165015935898,0.33281514048576355,0.1863192319869995,0.08469758182764053,0.0,0.0,0.0
0.12379197776317596,0.4028523564338684,0.12379197776317596,230,3695,,,,,,,
,,,230,3695,0.10165990889072418,0.33659088611602783,0.18616822361946106,0.08450830727815628,0.0,0.0,0.0
0.12341146171092987,0.4027264714241028,0.12341146171092987,231,3711,,,,,,,
,,,231,3711,0.10180020332336426,0.33786988258361816,0.18615089356899261,0.08435069024562836,0.0,0.0,0.0
0.12318823486566544,0.4029328227043152,0.12318823486566544,232,3727,,,,,,,
,,,232,3727,0.10142996162176132,0.336831271648407,0.18562723696231842,0.0841972678899765,0.0,0.0,0.0
0.12360842525959015,0.40326690673828125,0.12360842525959015,233,3743,,,,,,,
,,,233,3743,0.10134609043598175,0.3360547721385956,0.18536785244941711,0.08402173966169357,0.0,0.0,0.0
0.12386927753686905,0.4033854603767395,0.12386927753686905,234,3759,,,,,,,
,,,234,3759,0.10147050768136978,0.3373546004295349,0.18532484769821167,0.08385435491800308,0.0,0.0,0.0
0.12414419651031494,0.4033404290676117,0.12414419651031494,235,3775,,,,,,,
,,,235,3775,0.10171593725681305,0.33638545870780945,0.18540851771831512,0.08369256556034088,0.0,0.0,0.0
0.12363950163125992,0.40365663170814514,0.12363950163125992,236,3791,,,,,,,
,,,236,3791,0.10188204050064087,0.33543649315834045,0.18542572855949402,0.08354367315769196,0.0,0.0,0.0
0.12480966746807098,0.40366554260253906,0.12480966746807098,237,3807,,,,,,,
,,,237,3807,0.10165347158908844,0.33695274591445923,0.18506483733654022,0.08341138064861298,0.0,0.0,0.0
0.12366404384374619,0.4042986035346985,0.12366404384374619,238,3823,,,,,,,
,,,238,3823,0.10200955718755722,0.3371918797492981,0.18521377444267273,0.0832042247056961,0.0,0.0,0.0
0.12387891113758087,0.4044919013977051,0.12387891113758087,239,3839,,,,,,,
,,,239,3839,0.10155688226222992,0.3321492671966553,0.18460403382778168,0.08304715156555176,0.0,0.0,0.0
0.12407936900854111,0.4042220115661621,0.12407936900854111,240,3855,,,,,,,
,,,240,3855,0.1017671599984169,0.3347764313220978,0.18465843796730042,0.08289125561714172,0.0,0.0,0.0
0.12456820905208588,0.40428251028060913,0.12456820905208588,241,3871,,,,,,,
,,,241,3871,0.10207875818014145,0.3366287648677826,0.18480747938156128,0.08272871375083923,0.0,0.0,0.0
0.12382054328918457,0.40498384833335876,0.12382054328918457,242,3887,,,,,,,
,,,242,3887,0.10188037157058716,0.33562299609184265,0.18444278836250305,0.08256243169307709,0.0,0.0,0.0
0.12435892969369888,0.40463894605636597,0.12435892969369888,243,3903,,,,,,,
,,,243,3903,0.10157164186239243,0.33642348647117615,0.1839698702096939,0.08239822089672089,0.0,0.0,0.0
0.12384797632694244,0.4050559103488922,0.12384797632694244,244,3919,,,,,,,
,,,244,3919,0.1014711856842041,0.33682674169540405,0.18371157348155975,0.08224038779735565,0.0,0.0,0.0
0.12464360147714615,0.4052935540676117,0.12464360147714615,245,3935,,,,,,,
,,,245,3935,0.1014767736196518,0.33587151765823364,0.1835816204547882,0.08210484683513641,0.0,0.0,0.0
0.12483296543359756,0.4050537049770355,0.12483296543359756,246,3951,,,,,,,
,,,246,3951,0.10178185999393463,0.33670395612716675,0.18371546268463135,0.08193360269069672,0.0,0.0,0.0
0.12395329773426056,0.405456006526947,0.12395329773426056,247,3967,,,,,,,
,,,247,3967,0.1016303077340126,0.3356422483921051,0.1834261119365692,0.08179579675197601,0.0,0.0,0.0
0.12424974143505096,0.405406653881073,0.12424974143505096,248,3983,,,,,,,
,,,248,3983,0.10145057737827301,0.33875876665115356,0.18306222558021545,0.08161167055368423,0.0,0.0,0.0
0.12433735281229019,0.4055858552455902,0.12433735281229019,249,3999,,,,,,,
,,,249,3999,0.10153140872716904,0.3369039297103882,0.1830044686794281,0.08147304505109787,0.0,0.0,0.0
0.1248219758272171,0.40588849782943726,0.1248219758272171,250,4015,,,,,,,
,,,250,4015,0.10162286460399628,0.336358904838562,0.18292732536792755,0.08130444586277008,0.0,0.0,0.0
0.12481145560741425,0.40601617097854614,0.12481145560741425,251,4031,,,,,,,
,,,251,4031,0.10167606174945831,0.3381778299808502,0.18288053572177887,0.08120449632406235,0.0,0.0,0.0
0.12447623163461685,0.40614429116249084,0.12447623163461685,252,4047,,,,,,,
,,,252,4047,0.10164520889520645,0.3358365297317505,0.182679682970047,0.08103448152542114,0.0,0.0,0.0
0.12458737194538116,0.4061681628227234,0.12458737194538116,253,4063,,,,,,,
,,,253,4063,0.10126127302646637,0.33679190278053284,0.18215221166610718,0.08089093863964081,0.0,0.0,0.0
0.12450604140758514,0.40627917647361755,0.12450604140758514,254,4079,,,,,,,
,,,254,4079,0.1011342853307724,0.3311470150947571,0.18187271058559418,0.08073844760656357,0.0,0.0,0.0
0.12483362853527069,0.40634194016456604,0.12483362853527069,255,4095,,,,,,,
,,,255,4095,0.10146478563547134,0.3368456959724426,0.1820479929447174,0.08058321475982666,0.0,0.0,0.0
0.12488963454961777,0.4068525731563568,0.12488963454961777,256,4111,,,,,,,
,,,256,4111,0.10164880752563477,0.33811578154563904,0.18209004402160645,0.08044125139713287,0.0,0.0,0.0
0.12488257884979248,0.40686044096946716,0.12488257884979248,257,4127,,,,,,,
,,,257,4127,0.10129155963659286,0.3374921977519989,0.1815953403711319,0.08030378818511963,0.0,0.0,0.0
0.12455780804157257,0.40675288438796997,0.12455780804157257,258,4143,,,,,,,
,,,258,4143,0.10127492994070053,0.3348974585533142,0.1814151257276535,0.08014020323753357,0.0,0.0,0.0
0.12483011186122894,0.40697652101516724,0.12483011186122894,259,4159,,,,,,,
,,,259,4159,0.10123153030872345,0.33738380670547485,0.18124884366989136,0.0800173282623291,0.0,0.0,0.0
0.12480757385492325,0.4070076048374176,0.12480757385492325,260,4175,,,,,,,
,,,260,4175,0.10143957287073135,0.33595436811447144,0.18131546676158905,0.0798759013414383,0.0,0.0,0.0
0.1249154657125473,0.4070358872413635,0.1249154657125473,261,4191,,,,,,,
,,,261,4191,0.10112625360488892,0.33602169156074524,0.18082189559936523,0.07969562709331512,0.0,0.0,0.0
0.12467312812805176,0.4071621000766754,0.12467312812805176,262,4207,,,,,,,
,,,262,4207,0.10148920863866806,0.3342819809913635,0.181085467338562,0.07959623634815216,0.0,0.0,0.0
0.12543396651744843,0.40728551149368286,0.12543396651744843,263,4223,,,,,,,
,,,263,4223,0.10133878886699677,0.3358411192893982,0.18077929317951202,0.07944048941135406,0.0,0.0,0.0
0.12503769993782043,0.4077332615852356,0.12503769993782043,264,4239,,,,,,,
,,,264,4239,0.10152731835842133,0.33609119057655334,0.18083342909812927,0.07930611073970795,0.0,0.0,0.0
0.12551338970661163,0.40752729773521423,0.12551338970661163,265,4255,,,,,,,
,,,265,4255,0.10144931077957153,0.33678510785102844,0.18061557412147522,0.07916624844074249,0.0,0.0,0.0
0.12522807717323303,0.4075811505317688,0.12522807717323303,266,4271,,,,,,,
,,,266,4271,0.1017790213227272,0.33636024594306946,0.18082496523857117,0.07904594391584396,0.0,0.0,0.0
0.12562696635723114,0.40790462493896484,0.12562696635723114,267,4287,,,,,,,
,,,267,4287,0.10161583125591278,0.3352643847465515,0.18048730492591858,0.0788714736700058,0.0,0.0,0.0
0.12540428340435028,0.40762948989868164,0.12540428340435028,268,4303,,,,,,,
,,,268,4303,0.10179369151592255,0.3372320532798767,0.1805361807346344,0.07874248921871185,0.0,0.0,0.0
0.12578901648521423,0.4078312814235687,0.12578901648521423,269,4319,,,,,,,
,,,269,4319,0.10167491436004639,0.3381492495536804,0.18032114207744598,0.0786462277173996,0.0,0.0,0.0
0.1255989819765091,0.40810519456863403,0.1255989819765091,270,4335,,,,,,,
,,,270,4335,0.1017487496137619,0.32802826166152954,0.18024882674217224,0.07850007712841034,0.0,0.0,0.0
0.12544293701648712,0.4080823063850403,0.12544293701648712,271,4351,,,,,,,
,,,271,4351,0.10156308114528656,0.33405157923698425,0.17989806830883026,0.0783349871635437,0.0,0.0,0.0
0.12493295967578888,0.4082361161708832,0.12493295967578888,272,4367,,,,,,,
,,,272,4367,0.10146500170230865,0.33812621235847473,0.1796633005142212,0.07819830626249313,0.0,0.0,0.0
0.1250137984752655,0.4082392156124115,0.1250137984752655,273,4383,,,,,,,
,,,273,4383,0.10099093616008759,0.33765870332717896,0.17903953790664673,0.07804862409830093,0.0,0.0,0.0
0.12586429715156555,0.408380925655365,0.12586429715156555,274,4399,,,,,,,
,,,274,4399,0.10141529887914658,0.33562928438186646,0.17936134338378906,0.07794606685638428,0.0,0.0,0.0
0.12541525065898895,0.4087257385253906,0.12541525065898895,275,4415,,,,,,,
,,,275,4415,0.1017092689871788,0.3375582695007324,0.1795203983783722,0.0778111144900322,0.0,0.0,0.0
0.125395268201828,0.40889519453048706,0.125395268201828,276,4431,,,,,,,
,,,276,4431,0.10166020691394806,0.3355307877063751,0.17930933833122253,0.07764913141727448,0.0,0.0,0.0
0.12569569051265717,0.4084855020046234,0.12569569051265717,277,4447,,,,,,,
,,,277,4447,0.101457878947258,0.336654394865036,0.1790105402469635,0.07755265384912491,0.0,0.0,0.0
0.12545086443424225,0.40862423181533813,0.12545086443424225,278,4463,,,,,,,
,,,278,4463,0.10142388194799423,0.3375561237335205,0.17882239818572998,0.07739852368831635,0.0,0.0,0.0
0.1256321668624878,0.40840062499046326,0.1256321668624878,279,4479,,,,,,,
,,,279,4479,0.10175549983978271,0.33849036693573,0.17904488742351532,0.0772893950343132,0.0,0.0,0.0
0.12517474591732025,0.408488929271698,0.12517474591732025,280,4495,,,,,,,
,,,280,4495,0.10136999189853668,0.3323074281215668,0.17851059138774872,0.07714061439037323,0.0,0.0,0.0
0.12567071616649628,0.4088655412197113,0.12567071616649628,281,4511,,,,,,,
,,,281,4511,0.10139010101556778,0.3358614146709442,0.1784059852361679,0.07701587677001953,0.0,0.0,0.0
0.1257142722606659,0.4093368649482727,0.1257142722606659,282,4527,,,,,,,
,,,282,4527,0.10148227214813232,0.33668532967567444,0.17835482954978943,0.0768725723028183,0.0,0.0,0.0
0.12559835612773895,0.409066379070282,0.12559835612773895,283,4543,,,,,,,
,,,283,4543,0.1015750989317894,0.33517950773239136,0.17831513285636902,0.07674004137516022,0.0,0.0,0.0
0.1252429187297821,0.4086988866329193,0.1252429187297821,284,4559,,,,,,,
,,,284,4559,0.1013161689043045,0.334011048078537,0.17793604731559753,0.07661987841129303,0.0,0.0,0.0
0.1256331354379654,0.4084046483039856,0.1256331354379654,285,4575,,,,,,,
,,,285,4575,0.1011984795331955,0.3365430533885956,0.1776943802833557,0.07649590075016022,0.0,0.0,0.0
0.12534670531749725,0.40885210037231445,0.12534670531749725,286,4591,,,,,,,
,,,286,4591,0.1014559417963028,0.3365013301372528,0.17782209813594818,0.07636617124080658,0.0,0.0,0.0
0.12529845535755157,0.4090046286582947,0.12529845535755157,287,4607,,,,,,,
,,,287,4607,0.10112863779067993,0.33753907680511475,0.17735081911087036,0.07622220367193222,0.0,0.0,0.0
0.12518373131752014,0.4090525209903717,0.12518373131752014,288,4623,,,,,,,
,,,288,4623,0.10113034397363663,0.33618026971817017,0.1772395819425583,0.07610921561717987,0.0,0.0,0.0
0.12515296041965485,0.4089186191558838,0.12515296041965485,289,4639,,,,,,,
,,,289,4639,0.10122109949588776,0.3335060477256775,0.1772172898054123,0.07599622011184692,0.0,0.0,0.0
0.12631790339946747,0.40937894582748413,0.12631790339946747,290,4655,,,,,,,
,,,290,4655,0.1014302521944046,0.3367059826850891,0.17727793753147125,0.07584770023822784,0.0,0.0,0.0
0.1257554292678833,0.4091702103614807,0.1257554292678833,291,4671,,,,,,,
,,,291,4671,0.1016998440027237,0.3350047469139099,0.17744074761867523,0.07574088871479034,0.0,0.0,0.0
0.1255413293838501,0.40901845693588257,0.1255413293838501,292,4687,,,,,,,
,,,292,4687,0.1015167385339737,0.3329826891422272,0.1771126091480255,0.07559587806463242,0.0,0.0,0.0
0.1259174793958664,0.408879816532135,0.1259174793958664,293,4703,,,,,,,
,,,293,4703,0.10144984722137451,0.33798927068710327,0.17694401741027832,0.075494185090065,0.0,0.0,0.0
0.1254199743270874,0.4089333415031433,0.1254199743270874,294,4719,,,,,,,
,,,294,4719,0.10151251405477524,0.33536821603775024,0.17689615488052368,0.07538362592458725,0.0,0.0,0.0
0.1267867088317871,0.4091830253601074,0.1267867088317871,295,4735,,,,,,,
,,,295,4735,0.10175291448831558,0.33528560400009155,0.17700104415416718,0.07524812966585159,0.0,0.0,0.0
0.12631790339946747,0.4089511036872864,0.12631790339946747,296,4751,,,,,,,
,,,296,4751,0.10223264992237091,0.33700987696647644,0.17737725377082825,0.07514461129903793,0.0,0.0,0.0
0.12605208158493042,0.4092056155204773,0.12605208158493042,297,4767,,,,,,,
,,,297,4767,0.10161785036325455,0.3375368118286133,0.17665992677211761,0.07504208385944366,0.0,0.0,0.0
0.1259147822856903,0.4090428948402405,0.1259147822856903,298,4783,,,,,,,
,,,298,4783,0.1018320694565773,0.3365330994129181,0.1767495572566986,0.07491745799779892,0.0,0.0,0.0
0.12553489208221436,0.4088806211948395,0.12553489208221436,299,4799,,,,,,,
,,,299,4799,0.10158620029687881,0.33471715450286865,0.17636257410049438,0.07477638870477676,0.0,0.0,0.0
0.12601891160011292,0.40905094146728516,0.12601891160011292,300,4815,,,,,,,
,,,300,4815,0.10139133781194687,0.33725374937057495,0.17607302963733673,0.07468168437480927,0.0,0.0,0.0
0.1255037486553192,0.4093567728996277,0.1255037486553192,301,4831,,,,,,,
,,,301,4831,0.10125980526208878,0.33776146173477173,0.17582063376903534,0.07456082850694656,0.0,0.0,0.0
0.12560851871967316,0.40909141302108765,0.12560851871967316,302,4847,,,,,,,
,,,302,4847,0.10151668637990952,0.3367069363594055,0.17596465349197388,0.07444795221090317,0.0,0.0,0.0
0.1252528727054596,0.4092423915863037,0.1252528727054596,303,4863,,,,,,,
,,,303,4863,0.1012314185500145,0.33026593923568726,0.17556232213974,0.07433091104030609,0.0,0.0,0.0
