A_IONRAD,A_MASS,A_DPM,B_IONRAD,B_MASS,B_EA,B_IE,B_En,B_AN,X_IONRAD,X_MASS,X_EA,X_IE,X_En,X_AN
0.30848717474307075,0.05920489327666179,-0.026739143677373293,0.593818539688373,0.026417475983561485,-1.088633305450143,-0.7015412330860153,-0.3309092119258355,-0.0019067960592230523,-0.20963345854132048,0.08825644127474565,0.03758237277542877,0.03164780679937507,0.34615352858536014,0.09823531704824293
0.2095130513007508,0.007495502599353712,0.1623051284830298,0.6672648184969024,-0.0025907734529840142,-0.9290914288530508,-0.7924902774470215,-0.3114771711951489,-0.008858275631991042,0.11278064209719642,-0.025211373792891366,-0.006997786397207632,-0.0048317893053272335,-0.01241764442039129,-0.024098858962875717
0.1829916147006998,-0.0076415425391954655,0.15660595577331016,0.6192946676409345,-0.019245868903086574,-0.8004862555035838,-0.7592721368458675,-0.2717707806532347,-0.02023446580057081,0.0973437175022112,-0.06820587281530807,-0.02864609455493168,-0.02864885091871435,-0.37448706589933745,-0.08359117480212232
0.2848320031899342,0.051492655168222996,0.028034160619894992,-0.042663617599007636,-0.022628835837167266,-0.853094367988509,-0.4206789903337069,-0.30940044580586473,-0.025095047616712687,-0.11699843583533967,0.07229511986800366,0.03542001008246177,0.025273643677040478,0.3180009034381231,0.08362830236758942
0.1737696384859638,-0.0035172761610094954,0.22132788183065033,-0.0722154028956742,-0.02548689388992985,-0.7376784226745142,-0.5014028589091244,-0.298627028487361,-0.026314394661652835,0.07753129130776133,-0.026720426737504695,-0.013556106059749214,-0.005478937459776468,-0.013478796879093133,-0.02539657301567816
0.13057466592604478,-0.022797145598913368,0.1793507493373252,-0.06410240850607331,-0.02986311410519705,-0.6640062905475862,-0.5013012223755526,-0.28122663497393957,-0.04329465301924966,0.06545537297705556,-0.06883031864609569,-0.024273618460033074,-0.026769456220731222,-0.3537918080873143,-0.08329258438697204
0.08866073738239195,-0.017346100682561334,0.12522528780774464,-0.14399217692459906,0.10753007296682615,0.09756272816494123,-0.4292001215028364,-0.4150489974368388,0.1295903394081743,0.08587065239501056,-0.034157198753756626,-0.060624315603795255,-0.023291861841438284,-0.32859884401191386,-0.07919908757590735
0.09928164026048839,-0.03822074293117069,0.13315918509422273,-0.17102107170861705,0.08162242896275552,0.09155835836430508,-0.5055376475688029,-0.5132318267729962,0.12198064976067095,0.0829484258829112,-0.030974679096268963,-0.005248399677483482,-0.006909206669720979,-0.03577411754721864,-0.029081104668541115
-0.07744759812348981,-0.11310876598758508,-0.011622347993452412,0.5553476643953765,0.0352736779469126,-1.2066662450513719,-0.6996525579307684,-0.34865241207415876,0.00147466515278904,-0.2662550622016553,0.0968827294428655,0.03434380046912114,0.03506429582852861,0.3522244130212436,0.10305734762740708
-0.08475001922623984,0.006273072677695108,-0.07747723529031039,0.6577526446572962,-0.009117855855865054,-1.127977223580744,-0.9424235238305174,-0.3395394780334601,-0.008597957638556124,0.1207219366839979,-0.032422089189761714,-0.02572111442587904,-0.006206205436216311,-0.030605611385815634,-0.031925331932581576
-0.07072907586094063,0.034408037958071326,-0.054068734803886485,0.5952383945845938,-0.020760399258649684,-0.9710301165291866,-0.9019077257555511,-0.29902423249029875,-0.019490387605910934,0.15426574423186407,-0.05268641152260603,-1.5229671763256417e-05,-0.02453180168750878,-0.3536485598867971,-0.06887544693095574
-0.08766040447691428,-0.08175745053599447,-0.027295889240770616,-0.027126784686147612,-0.029002264375294233,-0.9962702133296865,-0.4184605927951273,-0.30248464709301526,-0.0261794760631833,-0.1600758016994311,0.06699391787808329,-0.0025415823840879443,0.02578132851126997,0.29702704739822317,0.06899687929737279
-0.06725050163222393,0.029332288731599328,-0.08505677651986865,-0.05831884231776293,-0.024083099863966263,-0.9339461893197891,-0.5903406908849037,-0.312896204682385,-0.028478430040025052,0.07714248229665396,-0.02907320890708897,-0.02242875492364949,-0.005588382359690442,-0.01819117119815051,-0.025798205048091445
-0.04686896162852333,-0.11835364361948468,0.017798531099421637,-0.12040540621620088,-0.053614600463405014,0.13680211996995842,-0.36000978253447935,-0.4858369303794606,0.09701124462994742,-0.26930127278248966,0.06905749073240292,0.08319163082747005,0.03403670950505348,0.36231722724574555,0.11520531564071503
-0.037125934956532936,0.04466135293132232,-0.06809011454908089,-0.15036091785421568,0.07889287828896213,0.122044004049384,-0.5710966355213624,-0.512719400726566,0.13176304732029562,0.1473674070298627,-0.03174802934269988,-0.014395766938541828,-0.006380801754603935,-0.025121784805819128,-0.027838010202638055
-0.04456676748963903,0.04707009690056192,-0.05105556167805932,-0.1389171403068104,0.09119268803882655,0.11525105118701535,-0.5088658820102766,-0.43151031234946047,0.09221978131362088,0.1544898321804864,-0.03263158448315365,-0.027332512134551845,-0.025047003044876528,-0.35985119666661414,-0.07834468858520886
0.3869143340408896,0.026589453690251886,-0.06679941650668789,-0.07133542325280112,-0.026772956290375734,-0.6596369706525492,-0.494552632338609,-0.27888116593709694,-0.02968448890535504,0.08349082605513716,-0.06736651811296726,-0.017362048648508613,-0.022409702220549187,-0.32638362424035666,-0.07146373526963527
0.302101438023191,0.03723872383679841,-0.030023015236806134,-0.18954667360540375,0.08620497473033678,0.0949410589994758,-0.5183103428268596,-0.5410129829028237,0.19107569152741347,0.10490378908073263,-0.029444258644167866,-0.0018180086630414719,-0.00668325233411005,-0.01675068803246785,-0.02672411079832692
0.27437806852409674,0.023426653105838014,-0.037686407288166836,-0.14831295121708515,0.12150278941788303,0.10001368659334849,-0.4227980064355399,-0.4069705259104656,0.13855494163212423,0.11051556535097692,-0.028574577931466456,-0.05558373945966193,-0.020725049237748434,-0.330038876552773,-0.07336553831999298
0.17587062627182695,-0.022075709856949035,-0.07235928468334282,-0.3331980220771532,-0.018957453490656175,0.39711165065525156,0.6426075064086864,0.2904093656002225,-0.006416795141738596,0.1294993384241259,-0.07292705691189887,-0.09620923334085162,-0.025102054416449315,-0.3682124337998116,-0.09156310926112429
0.2715079037962102,0.02206554276075837,-0.07554735573948963,-0.440437134714091,-0.027234433040627327,0.47232452091709903,0.655515119950516,0.34677944547002815,0.015338498939632295,0.130010899437998,-0.02312046354074937,0.006223461072289584,-0.004708982578886536,-0.00105986192678564,-0.022914701149094295
0.21933075516200368,-0.009761355759785323,-0.10721257956049556,-0.4509284273523374,-0.03279248992340012,0.5257723900195405,0.6404146430105485,0.36820590338202885,1.7331694829814115e-05,-0.14683924116213767,0.08978228075719111,0.11492842956195873,0.03447930838285332,0.42731004481797086,0.1335456289775624
0.1773042091626,-0.027621240197781772,-0.07513779726202155,-0.11202860952215912,-0.013535507546272514,0.410742900944075,0.4811886502392788,0.2911642328960047,-0.007307806538209244,0.14037448984201512,-0.0762794021266599,-0.10940680768482904,-0.022936374644933887,-0.37987961184714863,-0.09341569459612979
0.26281425461077595,0.014928165302072513,-0.0747844582916005,-0.14836635087380254,-0.01916632632962595,0.49246713371990786,0.48573595264596786,0.3400954326541403,-0.03724492947808699,0.13251667330890846,-0.02315878426804642,0.006626028009707605,-0.004519066036032079,0.0030584841109831708,-0.02311222364309746
0.24656465022275784,0.007992691684608314,-0.07258811362821184,0.23192712114749345,-0.0013379020841510318,0.5148181008115007,0.30670098135918716,0.3168571275270714,-0.0935846903853695,0.1314364332383591,-0.023719553780633333,0.007983692860497552,-0.0048172356271553585,0.0053339762672186715,-0.024132475292824952
0.12244381557729042,-0.08611858441558248,0.2573492213504479,-0.44182947387599025,-0.023221652320095213,0.46713982555158007,0.737248488949151,0.3668382294993382,0.005510200366839647,0.08102848556583267,-0.023307598133284056,-0.011767135657961548,-0.0038722140080768384,-0.008309885761346874,-0.024474941133899662
0.24389279570731753,0.01872688846375272,0.10514684053375638,-0.4383811799612895,-0.03749201804449208,0.5657542589287454,0.6731330956366957,0.4003245036236048,0.0063966737784715445,-0.14389538921895956,0.0961212418849354,0.08076019926568394,0.03305785663774341,0.38421262609546925,0.12075462754164841
0.04436934212903795,-0.10424177986102716,0.22624262324547126,-0.11039147562380898,-0.0063330230887566705,0.4291602431804831,0.5290663121461644,0.3186395114287545,0.004927667846882476,0.054571244438725235,-0.0887801087084763,-0.06650310307112177,-0.02858678426879943,-0.38963173712408283,-0.10447308274062586
0.11416943819118494,-0.0989183462965075,0.2667684856370658,-0.1420744757102164,-0.014408476292507607,0.49236791178369776,0.539152079318006,0.36031252641144584,-0.02418083384643742,0.08460123980923126,-0.023693133871763014,-0.013731762765326394,-0.0038011887329081912,-0.007376342576446624,-0.024892583156656975
0.25774996295709984,0.01449244229908416,0.0927620172807803,-0.1285186579911759,0.003039241343116261,0.5992489333512928,0.47628478767431004,0.39082952853783265,-0.016111836709240452,-0.1584820214229113,0.10749512787436488,0.09947967351203856,0.03180768695912732,0.4128985298503442,0.13460399634820272
0.04475428539126339,-0.10829505797609115,0.23857469783703075,0.183546478608146,0.019459576685351122,0.44697668206497065,0.33212092857550723,0.30361384128960767,0.035906607358989935,0.06286868221407148,-0.09183213177969696,-0.07016489022432366,-0.030824552145928323,-0.40218862302390057,-0.10786221524462968
0.10283874531623835,-0.10683478264063209,0.2684703542012661,0.2495469294289239,0.0008638528937821958,0.5196063418186861,0.332645231458568,0.33149696827360503,-0.06518830682493856,0.08915571501276728,-0.024949838325574278,-0.014256429796123897,-0.0041496170526032616,-0.007764394927512238,-0.02545592240183616
0.26397338689881666,0.009497789407835836,0.05791429623633077,0.2541962237865618,0.05784290775597322,0.6228474998112906,0.2870128199329204,0.36559672819463956,-0.0398040993692746,-0.17547196878037963,0.11552260270881047,0.10566512264561012,0.0354731628667682,0.43804765131233697,0.14207984839255705
-0.030284507520962123,0.19504088745909845,-0.0778175990880424,-0.3481352188071125,-0.018944138922214564,0.45595286276612,0.7420047041696567,0.29073161543194914,-0.018018249060837745,0.14895074292474242,-0.07308182907974406,-0.04314700484789138,-0.028496347513191113,-0.35576241119239055,-0.09314303963332939
-0.0173799802950734,0.20340974300732456,-0.08183575755288364,-0.4687123989435283,-0.019071695105639403,0.5302742438488218,0.7362886841303825,0.32077023232348245,-4.330240276845948e-05,0.15928565613275247,-0.029278829571083402,-0.015803291498837184,-0.004879461247861525,-0.02453023847504799,-0.027329273509912606
-0.028335839485331527,0.012552785728805223,-0.008041435077954634,-0.514345865396387,-0.048839050510255284,0.6421643947021632,0.7277694030858334,0.43187212567989053,0.008336752183725862,-0.3153711542346447,0.11274779759660768,0.08846343535854748,0.03368548785801969,0.4351341434522529,0.13508824977067363
-0.01574573312030128,0.2199056776441031,-0.08178586424966773,-0.14967906915211862,-0.01959010454929199,0.5751566432728656,0.552917851230777,0.32645300412704786,-0.017088839955800846,0.1741078289454589,-0.03102808245259136,-0.013291281911162842,-0.004858393848326089,-0.021436883444223592,-0.02907174344345593
-0.025886390755441968,0.0156805128273139,0.004180782622342215,-0.14728276976375526,0.005140794337262682,0.6935907346152594,0.5199772938388852,0.4216062809392127,-0.0022167916966447914,-0.34169461185771977,0.12008708123179752,0.10617888679348451,0.032266598480332316,0.47561383051609624,0.14482116563678799
-0.03067275942241765,0.21901595735604013,-0.08034782640184011,0.19742150809257883,0.0038113183514439392,0.5047015473134884,0.3604322298579952,0.29944617251538713,0.01846302340675106,0.17283211881970903,-0.08091711065689472,-0.05774390421911782,-0.028040802801218793,-0.39705791483944913,-0.09724762214698184
-0.015696432266364718,0.22755488552437494,-0.07950402251282322,0.26279803595886525,-0.005021901732485358,0.6047372164229166,0.36209984832694925,0.3239901038250782,-0.052146443400415216,0.1864032716554409,-0.03353785230832685,-0.015245611376165504,-0.00557250736574165,-0.02363889124237841,-0.031863912827772074
-0.02515557866872975,0.004448583839075636,0.012518601241872167,0.3111478390695541,0.07636394463858928,0.7201649194166857,0.3215380438920872,0.40709083704399873,-0.023509642141006773,-0.3693686094148078,0.1271676132302602,0.11338244588813866,0.03751805100640692,0.5084798302250934,0.15231967035338165
-0.05518355229786856,0.07268008439560512,-0.07514289599702187,-0.3467917705007092,-0.014589610454950155,0.4707810092538973,0.6985181699209667,0.2766211502842252,-0.013903462555884438,0.12476611459782841,-0.06410828897876496,-0.04708808230973783,-0.02909316359613612,-0.33984410727248104,-0.08774382752213061
-0.07918985605941309,0.06142599345882914,-0.0751600654860883,-0.45641753652700845,-0.01264864841641471,0.5381365497884407,0.6807093903291341,0.30077064144314136,0.010526708567539955,0.1486098158789108,-0.02885521193894596,-0.017174347463420968,-0.004820463169953644,-0.02305909796023517,-0.027473109033004976
-0.14851983344609135,0.019302125832781736,-0.012213295264050709,-0.5036238052214252,-0.048383797294629535,0.678279573140919,0.661317797378502,0.40525709654478925,0.012100094085570397,-0.28648180188736105,0.10426337688701139,0.10201477170539199,0.03487504377149367,0.42967129736384,0.13511116438570003
-0.05638355374686824,0.07529806296540549,-0.07810246525271128,-0.1254665028791343,-0.019679178614042565,0.49461992203909944,0.5229366368737511,0.28307143627924813,-0.0005897775347592019,0.13517318693596966,-0.06794655276966845,-0.058886281041218146,-0.026512609197213113,-0.35946233167745467,-0.08948665710002182
-0.15007724944502757,0.022006470003791592,-0.0013421530405253873,-0.1499340428619362,0.00011045262901645397,0.7254526205736437,0.4789798306913252,0.3998497793150483,-0.011519349935375801,-0.3107081211987224,0.11434939332662603,0.1168656915281911,0.032818384343088945,0.4712021802277472,0.14360290302674872
-0.055135695694088466,0.08768860045153415,-0.07832797763587641,0.19058725066956408,-0.018610158542057553,0.5191564669362476,0.3470430509100093,0.2869918928937326,0.006910599716508786,0.1509382812508865,-0.07321944254919972,-0.06227978751709858,-0.027080250996990005,-0.3795962891457202,-0.09074749341566286
-0.07337354678229246,0.06751114908323143,-0.07753623501812308,0.25155666046863256,-0.026396753018102216,0.6157048368791747,0.34786710775926366,0.3049539340377897,-0.0779432109987145,0.17271794880580477,-0.033802870636403345,-0.016525086246042892,-0.0057507234074763505,-0.02705960181044835,-0.033142872789138425
-0.14822311406489494,0.016549839774997094,0.006224782834572114,0.297784738778497,0.06557165532078219,0.7514409340999882,0.30512780286837593,0.392717500694285,-0.04111094292514742,-0.33512141415680574,0.12384818690334418,0.12321094863772744,0.037152849437162266,0.5062562110802658,0.15110789052793633
-0.1650735133530393,-0.009245165664535756,-0.053893912225062755,0.5648612905017865,-0.02055947028152024,-0.9947484436795788,-0.8843552588335037,-0.29701095618502427,-0.022383718123193966,0.15718953973604163,-0.05068922121092131,-0.0016086709678283517,-0.02365854928906247,-0.35295275644945057,-0.06460662719599136
-0.2831495294437223,-0.05720554294395006,-0.013823146628789326,0.541350941583502,0.0324872048327433,-1.269384490064434,-0.6550261641544137,-0.3387537145826778,-0.01602709530909069,-0.28322048852088855,0.09736600051591945,0.04985987459955701,0.03583924305482414,0.35887316042974693,0.11069879490193214
-0.12592815793258208,0.027585628717886418,-0.06869329008548931,-0.0536728044172626,-0.02751160133681978,-0.8185486087038398,-0.5564103666854453,-0.28337213035416287,-0.03433703070732727,0.1074929533978441,-0.053491651781022886,0.012598798795719821,-0.025057404418872588,-0.33692295901226843,-0.06161677016880454
-0.14235459951841847,0.007006203135506248,-0.07654337485044115,-0.05176478962881765,-0.022192513796671698,-0.9279351395470212,-0.5717025519398226,-0.303301337271361,-0.02305542442575027,0.0868755939184713,-0.026457783494753043,-0.018384403157280724,-0.0049845195138058865,-0.011748637251263174,-0.02383365349143684
-0.1097369978787456,0.016206083992023307,-0.06806349553319085,-0.15392870445653264,0.09894840478183803,0.12123285566490868,-0.5584360456780979,-0.5181763935965455,0.1470032238722838,0.14364594549437656,-0.0325045443229596,-0.016316688494529212,-0.006389588022333205,-0.026866556485253143,-0.02841802273753293
-0.17550284250134093,-0.008686529862412789,0.013250384285473656,-0.12194700881058056,-0.05290333887707143,0.13973619820280078,-0.35517541105125827,-0.4935885702906907,0.10723584222122894,-0.25990089529196325,0.0738038209588679,0.09056738408922298,0.0348303660112327,0.37269311762110846,0.12098067308326857
-0.08155264992787548,-0.08860312132268343,-0.07034693967645614,-0.3545512482148449,-0.00744162979558387,0.47226528644123905,0.6949484470139816,0.2885514907548658,-0.0055649712048841185,0.1040061826721875,-0.06383636797580525,-0.045937816112377336,-0.027101800944681224,-0.33249748112931005,-0.08152890377212707
-0.12089439907124247,-0.08495737467816396,-0.06130972931953953,-0.47343131907287384,-0.011700276606639453,0.5387038207011116,0.6823280409260214,0.3183488397625113,0.01745756093869449,0.13053667905949795,-0.027175307711621896,-0.011982183506939938,-0.004555161088483457,-0.014877931321989949,-0.02599625495242091
-0.24919835768788504,-0.008271820935516512,-0.026727448956180726,-0.49067435121578507,-0.046993825809230026,0.6660091085666566,0.6371021017359181,0.4010269678417132,0.015574127341874602,-0.2420472399395146,0.10039508802520654,0.08503111201715598,0.03386714389113631,0.41610503453817926,0.129040521077262
-0.08329011647525875,-0.09180414093129663,-0.0744480983901385,-0.119038393232986,-0.02123023575678591,0.4937855002392459,0.5248016426898924,0.3000196341440585,-0.004853514888002022,0.11780816807723364,-0.06594861456527015,-0.060341694664470744,-0.025529993503758022,-0.3536321246434242,-0.08550460934753232
-0.11323306589209511,-0.08952195701028978,-0.06305569182268334,-0.15437970814281782,-0.03204541334982426,0.5776715086666105,0.521813176342368,0.3262224791301523,-0.03200161168319807,0.14189274108022587,-0.029190803795105708,-0.009657937058387328,-0.004435705930327893,-0.01033250956900738,-0.027559298558710428
-0.25503869336471474,-0.010764684743854303,-0.020676499370528068,-0.15016518620933184,-0.0027946092551670073,0.7008917896716501,0.4610357464110963,0.3978070527534826,-0.013451732642985157,-0.26590676662578866,0.11411195522911026,0.09817959845608906,0.031071121050530524,0.44903285498939344,0.13922698059100852
-0.08351356180322717,-0.09853609809929598,-0.07816193728158358,0.19770228971667397,-0.026579900880410096,0.5168855694456386,0.3463946378585023,0.2974074926924116,-0.0067458075772816855,0.12333654377537924,-0.07159623737956333,-0.06983841444071917,-0.027150831546817578,-0.38458966214933954,-0.09121215535989333
-0.103231090703403,-0.09003208087411736,-0.06564945964084112,0.2647112431767765,-0.040822139793639994,0.6131852238603642,0.3446611974872563,0.3175256750526662,-0.08783327911246068,0.14353770634243967,-0.031997561707911924,-0.00846623645082754,-0.004898286156261188,-0.009284867262515971,-0.029593167158542426
-0.24947592090344686,-0.0011865971484743415,-0.006180450443844883,0.2876930459871608,0.06031844970741854,0.7307805241313221,0.297476004893211,0.3851774943703868,-0.03209639131978767,-0.2725759987802484,0.12399031844611301,0.10779767352741557,0.035591213233094825,0.48258138179941823,0.14792967693778658
-0.23256217280544159,-0.03572999688361414,-0.047014283526053365,0.5718018989796614,-0.028604446300096984,-0.9306426613564638,-0.8226191277985396,-0.28536125749027086,-0.01895522134912761,0.13244200521827904,-0.054166631790705896,0.00796336778658811,-0.021925258649288324,-0.3215259022601612,-0.06190107883887816
-0.29755503753748513,-0.04144936811234677,-0.06729320299922917,0.618941284782368,-0.005672520728826971,-1.1041790915509424,-0.859075221429184,-0.3113521838492495,-0.030052803531437532,0.12550838915765272,-0.029189523340505504,-0.02520788249552242,-0.005711996666888595,-0.03164224507985401,-0.031996884720684966
-0.4356507811258288,0.012922100121997383,-0.012398395794479256,0.5568091624450285,0.014728611608258679,-1.2388534603894872,-0.6459340289863591,-0.33376924234605404,-0.025459720139391802,-0.2651949982692944,0.0841521470494342,0.03542708993377334,0.030901884535788897,0.3447624434407254,0.09693794751270836
-0.1918827966131416,-0.05884206570792215,-0.0652435481318677,-0.054614983665875506,-0.024237091454975226,-0.7757508225965613,-0.5248291789757219,-0.2684141972774942,-0.029987746570911626,0.09000461291717081,-0.05477374295460489,0.007854167350857196,-0.0242182219191652,-0.3126268343472156,-0.06371058665174402
-0.22902710816285096,-0.05006340156150221,-0.07591006847899279,-0.051422120471414944,-0.022451502110067748,-0.8761578366643122,-0.5304173660540553,-0.28548772870273,-0.02312366887277179,0.0929349514201498,-0.02781502267051073,-0.01981479694751755,-0.005418156834976486,-0.02344700216554703,-0.026578152650348207
-0.38082046954117366,-0.002600424927749803,-0.022832300447288387,-0.03388545625711158,-0.027261167187904972,-1.0232181817613393,-0.3835149538766356,-0.2900670261841901,-0.016033810681067493,-0.17400548029039042,0.06833972967339735,0.023199246144663323,0.02880511611473708,0.3001310029638654,0.07966558147343457
-0.15965760503224494,-0.05085904144770424,-0.06064599962982128,-0.13299601104835757,0.1329674939658188,0.11698040553624563,-0.4604348271806041,-0.4048970269252023,0.12116436387403857,0.11712685477442954,-0.02602312129446145,-0.025013829505835247,-0.02344627580257358,-0.32653426331656643,-0.07439334328645983
-0.16483627697138623,-0.0401823814549037,-0.06725088763752232,-0.15413253431257018,0.10586167828642722,0.1149296175879312,-0.5199267801113694,-0.49524795708088953,0.18182498420522608,0.14221432752705304,-0.03205498691894044,-0.012075851502745334,-0.006279171888476995,-0.028672107511350575,-0.027650652876936202
-0.28177038511112684,0.03012733256532641,-0.0021746746904994906,-0.11791545703532544,-0.03370535075644377,0.12822908755046947,-0.34498503925590385,-0.4966326591105574,0.12934668090143853,-0.2342174560665734,0.06793127367423492,0.08789017325665355,0.03365882592579871,0.3655195016433642,0.11791274742982928
-0.04141313332851718,0.07904687469379125,-0.058138066387194924,-0.20133479251305797,0.06644603788616764,0.18106694764840922,-0.36957600146245473,-0.3745528062924137,0.07005158005906302,0.18984754680025398,-0.035533373075689795,-0.020005967880186264,-0.02726481389342234,-0.4039205788664734,-0.08368597620115543
-0.03960126967511182,0.10964281405784293,-0.0625378376988683,-0.2590240553394281,0.03884277300691556,0.2546489108679433,-0.17982230849651454,-0.27373832241952417,0.0415397953368789,0.23250738414225178,-0.04022108270365924,-0.01547743624076205,-0.02966236021872605,-0.4420714510880011,-0.0904571823545179
-0.039140684761672734,0.13287339711974924,-0.06671583381298662,-0.29929218717388983,0.008093645015487866,0.32602371220699533,0.040977852758908466,-0.1425436081286605,0.0038250981290337705,0.26825918042180824,-0.047332545032233365,-0.01916455971927155,-0.03224309966881483,-0.4597794421069215,-0.0981595732282362
-0.03776684604116029,0.15333497903334023,-0.07056506053607155,-0.31848519238871265,-0.017907481095573295,0.38110213669743676,0.25286859521574995,-0.017621310407369375,-0.02449762137120426,0.2834765612954186,-0.058490313382205075,-0.027656280768838803,-0.033194994646798516,-0.4532419967832392,-0.10205422822751044
-0.03340006166759146,0.18035225581768705,-0.06969652763920005,-0.32482411166646896,-0.02016927320537187,0.43325946557294653,0.5772575155212781,0.1671019865415244,-0.024187052654901176,0.23683675643990482,-0.06591214388673883,-0.03947176870010357,-0.03192786103243731,-0.3946984534101632,-0.09587665695476753
0.07010598064403602,-0.05851414645687904,0.14331309040857873,-0.2506191014696051,0.05359768268755102,0.20939966586026956,-0.17139706106152333,-0.26737975495595095,0.06942423180033011,0.09993737200901728,-0.044219119049193525,-0.048778280218040024,-0.02439647687996995,-0.40047999764129477,-0.08484127903765198
0.06662471765961395,-0.07606195159590497,0.14978699966852163,-0.2809823125761427,0.019522210004922526,0.27405270101931356,0.0197200477126332,-0.1409692665192743,0.03350925011882611,0.12170138255790965,-0.05347930496342028,-0.04647048617260344,-0.027949606372911107,-0.41938558071274074,-0.09231355025692248
0.0547395781071042,-0.08772876040129342,0.14985655507400175,-0.3005989225047509,-0.011113440111583793,0.31839574206756266,0.2051515044285097,-0.02197710108976106,-0.0026075120803198733,0.12637819022139243,-0.06873082289506174,-0.05597275257659884,-0.030632515160902714,-0.4230892589891,-0.09922791533405488
0.04798846907921048,-0.09577185649152138,0.1550039710753272,-0.3106968651651822,-0.021089479254658244,0.3453499811933692,0.3698124737213187,0.07939449990040524,-0.019188288986910464,0.11387043233846862,-0.07535085026990161,-0.061441935437333985,-0.03118207830453168,-0.41647289512767477,-0.10183355005781657
0.042860961208819076,-0.10024505995013057,0.1655930234384223,-0.3222737759216779,-0.02910673732454571,0.3660241647043592,0.502493407102839,0.1618732003724463,-0.029394917191444672,0.08933831676895904,-0.08295122316290922,-0.0635864791550832,-0.03096399260373528,-0.40876980199617363,-0.10547111732744059
0.0439445496534627,-0.10046986101444601,0.18630805223275657,-0.33195862345798544,-0.02883924591964751,0.3890963454336359,0.6147118007643485,0.24281202797415855,-0.028384772222730177,0.06684535085277069,-0.08636500606046671,-0.06256960973136114,-0.03097058676887649,-0.39698483889900427,-0.105768885205695
0.24161768739475453,0.0030645555215747175,-0.04690247400681648,-0.2871944398953749,-0.0010922094879487372,0.2708759870941113,0.03611275192077655,-0.1358628075996888,0.03250609561673597,0.20199797417368395,-0.058653766723283776,-0.09125410306205925,-0.02748897405291952,-0.4489766949381515,-0.09993851878497795
0.2211683383031242,-0.004678267440477828,-0.045615743601166714,-0.3050575299414145,-0.013624463726943236,0.3087228319982391,0.2182353806880881,-0.018673801084007305,0.010358490318431893,0.218277593622905,-0.06624596208284197,-0.10197027222670588,-0.028697056420042503,-0.43844960776093594,-0.10174716749412907
0.20324884218754594,-0.011484727504534588,-0.046659554034803444,-0.31429366534098985,-0.016076683282553357,0.3354007455937712,0.37138209480358525,0.07934851661994988,0.0030715955122412666,0.21237047062267234,-0.06770191895910684,-0.10605442612553184,-0.02693422893487119,-0.4168945858201632,-0.09805938618104594
0.19233672329873022,-0.015246744906432644,-0.0545363319638668,-0.32130879730982465,-0.017267124643330356,0.35668878531539866,0.4872004196525957,0.15783155316170208,-0.00027246678272891886,0.1884563837682244,-0.06883339969704413,-0.1044077966313693,-0.02603681916662717,-0.3958678030697951,-0.09500235539485055
0.18361768426311192,-0.018920535096574473,-0.06348364100605343,-0.32709311528676294,-0.018230243804336077,0.3769868032093703,0.5749304333095258,0.22666043345577833,-0.0031964704196672904,0.15632783691012206,-0.07051795941282919,-0.10024074022995293,-0.025350835435081733,-0.3789113600009825,-0.09290065204413665
-0.043464797606945965,0.17170694671319692,-0.0751824783856169,-0.03273239015340856,-0.02038966771418369,0.12906704474986921,0.059127061980951134,0.009774673405311471,-0.02222088064397896,0.2831853910251294,-0.06916159376149297,0.009306153043387748,-0.032510159314139496,-0.4464500904988142,-0.09241620586697012
-0.03570970691902045,0.19952275556342938,-0.07823829979390556,-0.2797063032152594,-0.017656892544373623,0.3441124966066225,0.6473551321687085,0.2565840907679599,-0.01506395570036339,0.19171667935830777,-0.07246843654588192,-0.03195850564409337,-0.02972784084097866,-0.3662277736333014,-0.09294659101124482
-0.049657508842731124,0.1471698927992341,-0.08018136657380606,-0.04572805777780068,-0.023543163949455305,-0.22506821332622312,-0.06737163542503057,-0.059888171903653,-0.027721756169112766,0.2610059151472692,-0.06673636442229991,0.03840980467358257,-0.03210775964891823,-0.4373597780598811,-0.08217250735952979
-0.04565914223208714,0.15381485702477812,-0.08641984789049617,0.39533794806695943,-0.012292896163037357,-0.05936140062376954,-0.10439789889753953,0.016624688864446874,-0.029409441087713394,0.23771400126191577,-0.03249762458744009,-0.01776291938666599,-0.005188273628165709,-0.0013203750643917787,-0.027825055464285313
-0.025308424593489004,0.19621094433894468,-0.08359303698594406,-0.37552173433770947,-0.01881415006216214,0.3950682638904521,0.645830134496286,0.27898009224513476,-0.007256023677190449,0.18563075830876957,-0.0308786305881203,-0.01584605287832036,-0.005102601330973438,-0.02372984813542347,-0.027991831026309644
-0.04525790324288734,0.14283392482889645,-0.0856621625784518,0.24151814102341074,-0.014762048479150735,-0.0935978081632946,0.06498431137239091,0.0466193539071697,-0.012745699391644164,0.24973799629860555,-0.030417816410898864,-0.011038164621038881,-0.004845342651332121,0.003280758798031481,-0.025457426310881624
-0.06212733141066493,0.10752428449532153,-0.1016139534411479,0.14356623449234265,-0.01856000351852917,-0.7090556060802032,-0.3752637205806205,-0.1690972520289385,-0.024891017129370304,0.13880804438938618,-0.03175183498226587,-0.025031463102243176,-0.00567973907178591,-0.012283404437380397,-0.02833450367760542
-0.055048153507966824,-0.13341670254114646,0.0021431164312777865,0.15086595277009537,-0.043144413604347266,-0.04365093500212837,-0.24230651869506672,-0.1947462257060006,-0.014311982163816333,-0.45724016176451043,0.1112827779868129,0.052675503832586,0.04066330463213231,0.45484472266426795,0.13475035745859165
-0.0642589203275667,-0.13163105745118409,-0.007991685005433248,0.24512248206616855,-0.004306860830122104,-0.6172281731015277,-0.4062203047628337,-0.22785161571998427,-0.007893368377611806,-0.3506210401327959,0.11229771702440867,0.03303651105372834,0.03950613159834133,0.40605050916828184,0.12045450650801277
-0.025913123152261908,0.01694968429437476,0.005887724838313646,-0.08023422141619056,0.01111746740607167,0.6985241188416367,0.5062157609240826,0.4223800828223685,-0.004512683999943088,-0.3432417667831504,0.12102538802048206,0.10911894991157489,0.03240428356144457,0.4796106114657055,0.1457816199930387
0.2937143913673793,0.00032912864645147713,-0.05179744873353763,-0.09286573819158032,-0.017875132403874075,-0.0028338738887324043,0.17280204189209622,0.05871428941210574,-0.014199265179658244,0.23169843466471501,-0.07090765034247391,-0.06026826895984409,-0.02565526074846312,-0.4078600311850138,-0.08846759036477932
0.34490553875547836,0.015846727557587235,-0.05575069661551543,0.06217926926088008,0.005050848886241688,-0.24304486314149645,-0.4254061005029548,-0.32116402566709684,0.023526413858839818,0.13123818350240324,-0.04723835342083969,-0.057725930936212144,-0.020820027528163643,-0.4001969484245131,-0.07894554551908682
-0.17838119726024407,-0.08975853459584583,-0.07336901525515369,0.11654316785285478,-0.020351879058331808,-0.27107530027250565,-0.16075380531701122,-0.0798312226359943,-0.0219323091558258,0.2026431702611055,-0.06306261696801199,0.003380243083835414,-0.029863171738526477,-0.4250330112007621,-0.07508655378179063
-0.16137096850426116,-0.08941361790224317,-0.07038028530364794,0.20075093366867225,-0.02822154438434967,-0.026723255028956998,-0.24712316593006622,-0.15418231665508086,-0.03277168713613515,0.19887125419996488,-0.059832848354730184,-0.02018708733844612,-0.03207181296478483,-0.4620136551613909,-0.08932634463374355
-0.19391888238797952,-0.06198447434870078,-0.06441059892766259,0.46000672453563274,-0.02005491151273804,-0.5081537207049431,-0.47919944750315824,-0.1863649245812667,-0.017244550291605685,0.19163662251983843,-0.06162561221603583,0.014347658995196178,-0.02618635113874819,-0.41826696002360336,-0.06839571278077583
-0.17210313385415024,-0.09016615666718227,-0.07242165863963211,0.15584009899205126,-0.026263420872585694,-0.15658785366884098,-0.2071648608490368,-0.12092715239114712,-0.02827249067353853,0.19932577285885894,-0.06389427089517577,-0.01046138579956464,-0.031108405854693343,-0.44612784410790246,-0.08267424481871048
-0.14509501154475465,-0.07927491682081075,-0.048178039706486694,0.0484747497228083,-0.018725147763317802,0.32282205989992113,0.2438047908904452,0.11378265960498775,-0.011097201023329544,0.21345227435270459,-0.027866896267245273,0.00035098191556455494,-0.0037825127385779696,0.015832675876736597,-0.022800733260533397
-0.20018155065371177,-0.08002440137328647,-0.07622303020134423,-0.09352168240572681,0.0007798978198293449,-0.12132141800369327,-0.30321720889160464,-0.3070291679125098,0.0356217358102227,0.14495749441027872,-0.032806795352143966,-0.015521118663362397,-0.005605438472930369,-0.006308032500217393,-0.02938817409078731
-0.15604065434592865,-0.08015562420074603,-0.05366432149184539,-0.360155790989006,-0.007837040292621587,0.17711312918136413,0.4549312370322662,0.15934869881949631,0.015889001991106436,0.19843442091363828,-0.026906623505746567,-0.0055926868949531285,-0.004143264705560637,0.0012182385029194786,-0.02322897329597419
-0.1860298241006992,-0.06069116060720014,-0.06737311278226833,0.49092537317928503,-0.016013216963256582,-0.2380538584230673,0.013062844981875307,0.10053354862040544,-0.03123597256135897,0.209375000172494,-0.0272224795469194,-0.003050005087656807,-0.004098946162719478,0.014517657511902926,-0.022937598781072828
-0.16777257137298943,-0.0751833797165134,-0.05173414751982533,-0.19003672500241786,-0.0033138787996888977,0.08926119404081503,0.23768612157069435,0.04503061617852848,0.023802684879125076,0.2089429834693189,-0.02729053135685649,-0.00044500121470381765,-0.003750276004840432,0.01326654514746052,-0.022018389151343874
-0.42836222858521666,0.031249301004813587,-0.01300670944654703,0.3521426045625205,-0.0013438817197131258,-0.805693557194647,-0.3401648327982212,-0.17154517965535576,-0.014589985918771739,-0.3012775194782476,0.0974938645794983,0.026307877836144473,0.036342541121139306,0.39583847908478736,0.11004834725811505
-0.32405228273503095,0.02724963459478516,-0.014715453648605329,0.10616699284377962,-0.0019868637028946003,0.18422023728999082,0.06619347563960225,0.08937109947531437,-0.012300912058782594,-0.35467847515385253,0.11903994648858086,0.07268570442861871,0.03486467166594972,0.4614656853397144,0.13811310128420928
-0.37874820095469386,0.038701623009549456,-0.006149453161586301,0.07613956813806327,-0.03752989731519338,-0.42903130962594016,-0.25763585017763924,-0.2276043219261552,-0.0016472701424600621,-0.26005609663679774,0.0916545625176399,0.05043764104509021,0.03729007123833431,0.39388351028118984,0.11260922774102941
-0.25233094294515734,-0.007216199513100348,-0.012190937334435548,0.08311489463746465,0.022234910593455996,0.7199559275618658,0.39114602799729137,0.39412267562348496,-0.02427080837357732,-0.26880213931652297,0.11956527491054993,0.10562918536502028,0.03247517127591887,0.4670058790321713,0.1440681351721364
0.11369756442495567,-0.042724952632900874,0.18297974972776235,-0.052220298650816954,-0.03193935227675463,-0.47944050088953954,-0.44771217061368795,-0.26883811348197,-0.04721662699625824,0.07900749869645182,-0.07330598462623841,-0.02262826470717918,-0.027135709198998825,-0.38475106405994675,-0.08613885599940838
0.04894681019208716,-0.10076338325421448,0.17496726698605594,-0.12245582833370089,-0.022161842894460382,0.3798330074357399,0.3491462715283247,0.15751972320157134,-0.0209236037039561,0.09628991719324319,-0.0864546761469227,-0.07025010633657484,-0.02990096407269561,-0.4194545490681646,-0.10565585910302773
0.10316775953955697,-0.06959090915288081,0.18303705757806668,-0.08050884196073019,-0.024133460736758927,-0.44632419410516133,-0.22103462939672186,-0.14324436856672537,-0.03210317743066884,0.1021313079526946,-0.07346804010501869,-0.00537539285364058,-0.027263173471751147,-0.40940867247415297,-0.08286967636184882
0.13814016702582607,-0.0886170443380644,0.18615319171763245,-0.09902747771152351,-0.01048287840184432,0.41185422366332153,0.23128004942353927,0.07339042239506437,0.007295329784667055,0.1254263688253215,-0.02495469361853799,-0.004553351689933654,-0.003992924441029737,0.006054840776726569,-0.023484450630752073
0.1624504896999064,-0.06355853028749779,0.20394747100897145,0.5754535587973197,-0.012240699267372455,-0.25815307201053084,-0.3446075571212564,-0.10581549342576897,-0.030743347268223663,0.12603442482873223,-0.025241553069580876,-0.011469384454696845,-0.0039952009248408315,0.008292371573802288,-0.02556034970771521
0.14638272018905016,-0.08502672145953971,0.18061941443056803,-0.16648752287157573,-0.010532423337280876,0.2318986914797361,0.11285271352617203,-0.029234754686173918,0.009157345445967203,0.11659383513242517,-0.02622012864475269,-0.006950215988904841,-0.004264841232139929,0.005550705704139533,-0.02592554161135003
0.14136068931031254,-0.09615390881138028,0.2178252035191006,0.02550367245058082,-0.02171033833949472,0.17697763122050741,0.17686869191918733,0.11829846051962507,-0.03712030573024296,0.11265125235220659,-0.025197994205608344,-0.01561398884273962,-0.004122155912085658,0.0007670226873252306,-0.0269129503724915
0.2949851236947004,0.05345282269711168,0.06939172913163617,0.026067052575337514,-0.021109947718880057,0.474748509034111,0.09926146455859937,0.040473735733837564,-0.011125200205321279,-0.22656221686427624,0.10714837739646971,0.08608127977463761,0.034511480372437425,0.4401530467141514,0.13624355053855142
0.2995692186059289,0.05646408444964023,0.01100623810085107,0.38308747402132615,0.005021603044050775,-0.09513765763460941,-0.11329519605706832,0.006298190592611013,-0.0173648873819741,-0.2503296737301068,0.10157115870298417,0.05261061398406352,0.034703143223134295,0.4239049892578529,0.12192587173407972
0.2811056202855418,0.04429914235434991,-0.008235734615512916,0.21655316127968882,-0.014568527016650836,-0.4863959848059271,-0.17637763838380088,-0.059653207905968404,-0.01582184747510578,-0.22876403315252655,0.07910342861489043,0.01752171602230957,0.027421399192598145,0.37659939825710015,0.09222157538091079
0.24619346424943037,0.04825768512182814,-0.03310265543947205,-0.06372854402883127,-0.044256099450299805,-0.42967378764477077,-0.400261607590359,-0.35952237276733323,-0.027168388780846178,-0.15674465845209018,0.06362337848856575,0.015521330995491042,0.024773255715960882,0.3313890566762886,0.07898037596517134
-0.09330142479662726,0.05211049817450532,-0.06764938983163075,-0.14062549574525982,0.03335386280705978,-0.11745998583165063,-0.41824039858858875,-0.33807185459696987,0.02046454929323069,0.15423046737279342,-0.03316281904793597,-0.01746480902683362,-0.026811616729864304,-0.3922090537507329,-0.0746188310330239
-0.06899007640092253,0.08616721683410805,-0.07115734870503324,-0.10159693174690648,-0.01776075042591778,0.17858606780767816,-0.10288817910988782,-0.14288357259434808,-0.02854730097447395,0.2356721653999278,-0.05484765182161133,-0.009335526855592045,-0.03274588559334722,-0.46308177984647503,-0.09286054048110136
-0.07086195889199276,0.09403364478285549,-0.07773207711768844,-0.15593444906230028,-0.017978462052094718,0.17279076146269803,0.34601411289246375,0.13785745023967005,-0.015170174180311479,0.2522791711619251,-0.06562497568852503,-0.015495291424450969,-0.0314783425727323,-0.3980254379150854,-0.08958770285181974
-0.15899921460321817,-0.0012106916461747039,-0.051198661101097706,0.43514337780929346,-0.024774379252891745,-0.8730028542300045,-0.8108644846443464,-0.3239750671335616,-0.02437730879121645,0.1535167868337772,-0.045963003549586254,-0.005329398443715893,-0.023960660709238503,-0.34977834820402753,-0.0627545195772135
-0.0837639740534328,0.09270879225118975,-0.07953035095425913,-0.0074348514812413065,-0.017273682811362212,-0.030159274239837174,0.10994318926157912,0.052621420981583025,-0.015797402464199976,0.2672905119211335,-0.06625643734482774,0.009111792989397894,-0.03156620838955486,-0.4237737107324746,-0.08531376046077384
-0.1544859407770827,0.07178567828324982,-0.08698635293319906,0.23653338613578967,-0.0199950443622232,-0.5787673888795323,-0.4343793605985188,-0.20597323871741194,-0.03264977620399506,0.15907294754125037,-0.03293895960868292,-0.027052051987601113,-0.0059142893118969905,-0.013401378735550955,-0.03176375206236444
-0.08913590147533226,0.09808885376621679,-0.06353227093156101,-0.27164272065197526,-0.003869338052365853,0.27787905412795544,0.2555078556569884,0.019427875586750222,0.024066216895422946,0.24437924752229098,-0.02856185633741986,-0.004367977245667067,-0.004026830801564752,0.010549844638502153,-0.02342122535235268
-0.1055314169361691,0.08164236653460165,-0.06868110593169746,0.023424521998148665,-0.011890172012035745,0.07320389001763306,0.1769258269992686,0.04407729307101683,0.0040966459091277135,0.24965977952372795,-0.02881922636868469,-0.0036884461289359276,-0.004161169863036487,0.012190916612740084,-0.02360653004106192
-0.10690650703931762,0.09765103958170934,-0.06809054156723607,0.18165765114600949,-0.015581774836446346,0.18844466477218821,-0.19321535300189416,-0.1725605953127721,-0.0010519424782411465,0.22457862207936663,-0.031389764983280076,-0.008567257502036052,-0.004806941952997679,0.009409339657897121,-0.026228888060327984
-0.07548962150006822,0.09701970159756113,-0.053898715872084835,-0.1035164947122989,-0.00973493380039335,0.5141052596520937,0.286985874283897,0.09385837947747437,0.008152579641256319,0.2504095761644868,-0.029495959566375934,-0.003697291547424887,-0.004187630958212616,0.008311518554853795,-0.02510248302336393
-0.18984783550234388,-0.019015756600954878,-0.006383795366611215,0.207437216261074,0.03473747163715968,0.26403041931603843,0.12162626877152385,0.2068115408390828,-0.008413896485515462,-0.4322694366470421,0.1238645355865407,0.08830715620863185,0.037988541589952976,0.48761382068824044,0.1469484953735749
-0.22135992386878026,-0.01051293265856811,0.003221616772057732,0.09871223236944715,-0.02326221029149989,-0.1690735678864022,-0.19371786548541686,-0.14232494932177986,-0.008661293149586895,-0.4020051987871469,0.11246159292092424,0.06130529238001338,0.04087590364116672,0.44640940005217855,0.13509297640204346
-0.1855926955313004,-0.01585365332347539,-0.020892969227271255,-0.2280025484001373,-0.029508338488676466,0.2168177453796244,0.33929854603000675,0.22377759844397108,-0.0038994973888647304,-0.4222886821597116,0.10966726555232069,0.06735076056169635,0.036131809302010834,0.44549209352348684,0.13472401593596547
-0.1802657761299399,-0.009865965158349822,-0.025119988262189877,-0.43506716555967717,-0.052486497188481224,0.2373523113498526,0.42334462484327284,0.2315792403261811,-0.001337357563908105,-0.4115300721889119,0.10436310832102424,0.058615486451114904,0.03771232385534684,0.42924060988869484,0.1300985125685693
-0.20993004861032485,-0.02887810063069514,-0.009834759743654551,0.303105059733084,0.029169259231902625,-0.0339440331742272,0.02543311781495143,0.12356565806403735,-0.00420743252302681,-0.47258478176230145,0.12613692720344438,0.07220302059436941,0.04080315407459009,0.4883763814900154,0.14532186626184754
-0.08769387863200243,-0.09012268203924867,-0.06602161299795062,-0.2000999513709038,-0.013473017049030325,0.4659474188545252,0.5115888088103503,0.22921534330175247,-0.005732855121269953,0.15006226280341756,-0.06308411890253085,-0.053859507911745125,-0.02685025401512626,-0.36356627909196904,-0.08498874293866068
-0.3309815182766034,0.03887712435841961,-0.008670393090688904,0.422556747270071,0.04355143421701372,-0.000816902625803537,-0.007676503340726703,0.12893438892826925,-0.010926442368086169,-0.3588392422110863,0.12567776186369017,0.06717766921023888,0.038280489820373916,0.4803305086388432,0.14149765533031222
0.3932595439940214,0.018385928703893845,-0.06623184224008191,-0.0334546093213141,-0.02661499827919304,-0.5844739825140199,-0.3951800445723434,-0.22684548667540885,-0.026280685517471227,0.11480858147411707,-0.06933296601911104,-0.02034679565436629,-0.023571683791567134,-0.3741484935681454,-0.07570472636543152
0.30795834115735304,0.03223015917197185,-0.031193535491082065,-0.22443962124106173,0.007115766827591335,0.37299654825347633,0.19089456690670079,-0.01581182952153961,0.0681256529676463,0.19346367285293672,-0.023523430575191434,0.015621393215789835,-0.004315612634537402,0.02545887098423832,-0.020010926609391237
0.09005689250045808,-0.09146345928738008,0.18907139722636107,0.1578472381664888,-0.010732922989964935,-0.12823902260658016,0.08425097262630538,0.08866254758936509,-0.012918075462698875,0.14746494330874313,-0.08392676368070037,-0.015136703630945936,-0.029778884882168413,-0.42624039424071103,-0.09522057017954184
0.07328143564346697,-0.08103456934209669,0.1531825645304128,-0.021447237864706818,-0.01687023533502764,0.12645640698396113,-0.1309202326683478,-0.15461964660545283,-0.014503351920722512,0.12105736903576071,-0.06576433618783135,-0.05042289522985835,-0.02795030245315641,-0.44836131008152064,-0.09757584087887017
0.14278263183910872,-0.09016749953284503,0.2124835465095544,-0.20232153158194818,-0.016757822658506522,0.16850011749781577,0.3212311929873272,0.14035460193146893,-0.009729413094161383,0.11262427942176849,-0.024840108356078118,-0.01454521581631071,-0.004108524789914065,-0.0015850748815042226,-0.026427729430179736
0.2947468552354726,0.04994976161687723,-0.020006119537848303,0.2511677430963544,0.0005249442253047742,-0.8454156077006074,-0.489088602690172,-0.26238105465567324,-0.025908159905792937,-0.18459234601774138,0.08013371917259049,0.02540836505804487,0.028874172046786273,0.34559677937287003,0.08908035132651326
-0.06478511948233928,0.061649488920137135,-0.05967764059120067,0.5588005336400542,-0.017841736615651617,-0.8324980120940143,-0.73016407762102,-0.250721676460301,-0.016273409903061156,0.19477755805238092,-0.06083764877380744,0.014229602359823281,-0.0281053155319515,-0.4014963557555343,-0.07303968645182944
-0.0347229560230195,-0.014555155659690894,-0.016025922994588493,-0.4907548604695249,-0.050484876695416785,0.45321359042912635,0.6140364492022521,0.3505009502590389,0.000670977743454532,-0.3695684678130831,0.10967888264503395,0.06343685996895904,0.03520454869633365,0.44086597052122595,0.13173928295508672
-0.09912858519657422,-0.09757213679072547,-0.07551061283658467,0.2703764731121215,-0.021659148796551606,0.3597567136520797,0.26504607923838974,0.2594100653862494,-0.0031628051365906375,0.15778000097270445,-0.0722964474712697,-0.06486417251567386,-0.02760102235645112,-0.3971987530362646,-0.09103887018012653
-0.08441062374027813,-0.09796918006327365,-0.07792765531258265,0.12088348934529859,-0.027888369031813617,0.5108483304700631,0.39640274887864735,0.2994143069485019,-0.00833810458486418,0.12101700045099324,-0.070456997675861,-0.07066147260585498,-0.026957215353357766,-0.378127286370183,-0.09061009415911207
-0.2232820298519241,-0.04798880041430425,-0.07348023846069551,-0.06285779873674352,-0.022118359538359063,-0.7854604636013017,-0.5357108120053772,-0.3162684554968655,-0.015170078146762939,0.09667915491849301,-0.02825939560111537,-0.018426987245584562,-0.005657505309933872,-0.02427270009808312,-0.027319156076143568
-0.11289399923421292,-0.08929842512793369,-0.06379925198722941,-0.1402759383832518,-0.030800594437524982,0.576789569351421,0.5321287405943992,0.32760970646043897,-0.030558092975517214,0.140782474492273,-0.029091086580193118,-0.008921159236611775,-0.004377225155059587,-0.009844123650446776,-0.027398505035449966
-0.2774909936593588,-0.002193375643909151,-0.03422157730955477,-0.3672133734715681,-0.04152357143508571,0.4463217445704805,0.5209341539474412,0.3311720702703606,0.004549394439007183,-0.29239386288813907,0.10123452567895201,0.06556998759701753,0.033333918458850996,0.4210238282225565,0.12743706669258809
-0.4369437242446257,0.02522006370940502,-0.010402698938826812,0.5495461538947025,0.019093323773383866,-1.042711433984495,-0.5608089794204213,-0.26871866439103065,-0.020659075338882518,-0.2758676231976645,0.09438061048439395,0.033445808201966694,0.03495877107304774,0.3764530676523081,0.10709877741953122
-0.2549469513178094,-0.011960776799418742,-0.022576486289312026,-0.20166364880532778,-0.008136192895946732,0.6952939428662104,0.48328184772940735,0.3982618585110695,-0.010802882218617813,-0.2643915138689957,0.11186548240361065,0.09591151643944429,0.031013879124587217,0.44397566946880374,0.13769429862009036
0.09344597937719475,-0.09147499915205491,0.19133130258900904,0.3686172764795496,-0.0002286950594120752,-0.14147025557484297,-0.04191402753917667,0.07510892987541559,-0.0037470563382526693,0.1522685074829679,-0.08670849715318013,-0.019168479269948125,-0.03185569592862467,-0.43976045208475245,-0.09863407343787582
0.15103515608149937,-0.08660184619443242,0.21667653701037962,-0.14645230718120467,-0.019989292489749722,-0.12001236970012134,0.11530215492854802,0.06372845046237222,-0.025402085937227696,0.10272745470025588,-0.0236177386229922,-0.018151314149158902,-0.004317484523472895,0.000925041618248839,-0.02546080925098177
0.10585071894510795,-0.047115391362666285,0.15260373014840575,-0.23655179139014565,0.05901355363967121,0.155723879464424,-0.3641780107809792,-0.4393591576413116,0.0923237841236554,0.09015359070734237,-0.03140660577423403,-0.0025654994525360613,-0.006272283607727332,-0.02785607046729218,-0.028784752399837576
0.2994104430532938,0.05815880602170167,0.03623043723959355,0.08329759350672501,-0.025815069454944547,0.41127288323820693,-0.06869253493520218,-0.10146694072557622,-0.008442286033444196,-0.22701597955481026,0.10405577818844373,0.07786590494681678,0.03396823172253635,0.4377030041223245,0.13360691984073822
-0.1660144300373774,-0.008007066660970091,-0.0545244549605103,0.491379336768314,-0.023755519385350542,-0.9810551623629726,-0.8509181236238746,-0.3008044434803445,-0.026428535117188266,0.15050298939519122,-0.04966841644389686,-0.0009260166542689359,-0.024357534046660655,-0.34911393642859234,-0.06211356007036688
-0.085189174259135,0.08778653399246998,-0.08440487099668231,-0.2575621394420683,-0.020415424845804546,-0.12214551661199341,0.33010589807704405,0.10132243489533009,-0.022409028862346816,0.26880886470289067,-0.06377556981548564,0.02024164075723297,-0.03280075194493855,-0.39681741132505544,-0.08294622382438792
-0.05606184246630644,0.07677799440887502,-0.07814743402950595,-0.08792243395214944,-0.020734506306717505,0.4982777835845478,0.5018512135248767,0.2839105077752788,0.0010527726202138182,0.13711813664342035,-0.0686402919418305,-0.06017066563968136,-0.02588313298115516,-0.3618468396735288,-0.088770638993452
-0.08304962321411605,0.06979608492115112,-0.07807340896516399,0.21760496890258899,-0.025124724622045506,0.45415306339744677,0.31200991005146983,0.2669000018470493,-0.06419996342479284,0.19957544822611953,-0.03277731415639982,-0.012618404796365355,-0.005427952406157392,-0.019859713601639503,-0.030712743635341683
-0.07927729921688909,0.061864602677597316,-0.07579137000706272,-0.3918257338923612,-0.013612825689131906,0.546516707944823,0.6440892679146918,0.3031438140070888,0.005775022187395,0.1515102464866272,-0.02915324705377488,-0.016184658335047664,-0.004843911375801216,-0.02211480187580682,-0.02757968773571838
-0.16732843947928525,0.001536136909206202,-0.0067698931590128054,-0.013855743085218536,0.0043676021054242925,0.48638741863719626,0.34816631617070115,0.31672975397823144,-0.009729064930579059,-0.37580584985773313,0.11688319814860629,0.09991224438350048,0.034210701216652914,0.482266753440975,0.14371378428258402
-0.1484660609625538,0.017265366231465684,0.005534893876691888,0.24561570229008364,0.05470035648692233,0.7506513576807177,0.3281870666176985,0.39422107936100714,-0.03755434641247614,-0.33203809986569466,0.12301922240790805,0.12311850000285166,0.03629834261784541,0.5029625601852745,0.15035329678596765
-0.2785900695223147,-0.056856777038019383,-0.005373336873226077,0.4788138493303419,0.005131634413761375,-1.1371688103188804,-0.6264618007390745,-0.3648329301143053,-0.014648958034624971,-0.2916760702950958,0.09707813943941832,0.05173655323515232,0.03672320100159873,0.364216569571605,0.11288766143432961
-0.0466258067660463,0.16250562241044353,-0.0776537357204275,0.010818540820051669,-0.019327222833897956,-0.03996136389658999,0.12915882367644374,0.04616753600694175,-0.020999028463897597,0.29238253835176403,-0.07021691170133057,0.015403037035637336,-0.031634915727854866,-0.4347826619389445,-0.08889101083882096
-0.030426882561751023,0.1964156340821757,-0.07850326007394724,-0.30205889589329776,-0.01621371356332173,0.46121288575849995,0.6979110300192403,0.29317021119597425,-0.01184857675545877,0.15154786760154615,-0.07351716700144695,-0.04571324028239535,-0.028027658744547528,-0.35989421278875466,-0.0938865182316418
-0.028997934657061852,0.18797511500444491,-0.07748937791704326,0.09574321899243315,-0.02040824229126211,0.3817550812118897,0.32208676409891185,0.19591231179882534,-0.024449927297867616,0.2380547888238987,-0.032051314581059684,-0.007063197079721354,-0.0050945846670295,-0.006752835650037992,-0.0275843530796814
-0.06724669134643202,-0.12038047132266175,-0.01031836032400219,0.4792105017327539,0.03708701445295385,-0.8150306136876471,-0.49627777457046107,-0.19717504115410037,0.004699332973087002,-0.3758433104930803,0.11478323178795342,0.03588183012628962,0.03872166782793512,0.4104593190486545,0.1205269404940678
-0.043809222902521594,-0.052800900981832224,-0.02060111353411686,-0.28831853574504385,-0.03543118856949505,0.20480304071118927,0.38879466658291467,0.23524121235364842,-0.0037434081290561427,-0.44253528833665057,0.11204381488453007,0.048849000398951556,0.03414426852080477,0.4391436066740443,0.12971387911111035
-0.06901388871822495,0.10670792707031988,-0.07681034974712952,-0.08025452627312658,-0.028090362956750853,-0.6891060386822938,-0.45735749936263626,-0.23638657837405333,-0.03666297212163807,0.1409407988027381,-0.05708409614921336,0.03228527635588133,-0.027286358099876954,-0.37709943959072145,-0.06767849251891705
-0.02285126978665955,0.20460626408347354,-0.07517848766431687,0.22021372500198663,-0.01849369069462528,0.5851035123935977,0.2993482140230288,0.24059922151130786,-0.05069468247240313,0.21726444152149238,-0.03432981488260132,-0.010083915961701502,-0.005414007086431175,-0.01760859345349631,-0.03089386001506833
-0.075891843054429,0.009275405316305071,-0.07911650850000744,0.30763531623479184,-0.019950209964495893,-1.0620897095106059,-0.7790691310337085,-0.33209005932523433,-0.022073714237232492,0.09614324312836633,-0.031429232094123745,-0.022045331045137267,-0.006148949527629852,-0.02546048085741684,-0.0287727352009478
-0.09021098493696414,-0.08607336495250073,-0.02625713016033055,0.045889490883219426,-0.02366006365077277,-1.0338873002304554,-0.4563941001525536,-0.30936967921675856,-0.023442266064436917,-0.17056814875202178,0.0681245109273417,-0.0006477964603521982,0.026405702886575642,0.3007113678375341,0.07017177366106396
-0.2192233799884599,-0.04214338898702787,-0.054927544319644625,0.6000869778066784,-0.022031868540878616,-0.7932892556406151,-0.7338511131821327,-0.2400629055629162,-0.013745377685114316,0.15531253881984963,-0.05932014914940413,0.019202923726102442,-0.025105205938933756,-0.3586042794139356,-0.06248262772912869
0.27455117970041604,0.01673387970174856,-0.0418103233399532,-0.10632435205400685,0.07939563038621683,0.15382762363737873,-0.36806682032689153,-0.35977153301833353,0.09461689774567708,0.13099115610406561,-0.03509761636499439,-0.06384542530030926,-0.02075633532859325,-0.38161835102056957,-0.07890924263338356
0.11451210530809315,-0.042296432679809974,0.18523281150831797,-0.12540633163059783,-0.028316763863876923,-0.5574475111587243,-0.36934764963599165,-0.2278180622638736,-0.04074274831865383,0.07973573115750625,-0.07252111949988949,-0.015085824806997779,-0.027870402808535907,-0.38069293549372857,-0.08578175971984421
0.15346705033351782,-0.07868091115470861,0.21524360481110538,0.22093786082531636,-0.011397509696259748,-0.18759313610279094,0.13360052173930967,0.09992020105844958,-0.001659005494979644,0.14233922076477915,-0.02314033399783546,-0.008227035108878072,-0.003760528800002867,0.008893234687891783,-0.023959624307742428
0.2869501367354178,0.06212228023873868,0.0556325776992738,-0.1464882510021831,-0.03483335410118409,0.3984656560258851,0.04706613042944771,-0.0780027011772147,0.009478271233372583,-0.2224859963125733,0.09754759748514014,0.06923879709462696,0.03336857957378943,0.4197269948549544,0.12679356855978854
0.24003335903024056,0.05075186598620179,-0.021204999442225213,-0.16068812780748834,-0.02052138455093491,0.1729186585098867,-0.34564946816352904,-0.4621097842220758,0.04204557437648853,-0.1714831742583105,0.06361077356016036,0.05483685372774228,0.026864232401088553,0.3432429794221138,0.09723294517113319
0.44124020638153305,0.05291623428477338,-0.04972980619233272,0.09623731329156408,0.0005858277402701409,-0.13343720387181723,-0.03762563582380193,0.0387088950155854,-0.010023148545651677,-0.13582073567029215,0.09760594913804199,0.09062716975076111,0.0318301281835299,0.45008197695808416,0.127784483884531
0.1857318942667868,-0.023350091087177068,-0.06549503401578134,-0.11865352322710235,-0.01598572005071957,0.39024037593394234,0.4182623670767335,0.22442237771406803,-0.008263155682705015,0.1702469624222566,-0.07244345536252618,-0.11305126957200529,-0.02355464348973388,-0.3898048475961227,-0.09398524993457844
0.18447469787272508,-0.024613971040323777,-0.10062972179583954,0.06848195594992683,0.004419585602774785,0.5632682800725016,0.34494179579508316,0.32891292450257015,-0.0021602372402678253,-0.14379592724820628,0.10317881955097662,0.13131598851624163,0.035497443619260785,0.4662524713533702,0.15013049067967088
0.28618509694901983,0.018157737290566637,-0.07199574439276302,-0.14909331579239812,-0.02185430826481957,0.3625517643516119,0.4415936342565104,0.2912653641363607,-0.03798151759213683,0.1480559537628445,-0.024858167563301493,0.005037106777163101,-0.004862378428856021,0.0012275159347184886,-0.023849140732723553
0.20692239196888645,-0.017756615327307136,-0.10943361236785935,-0.3172071572131567,-0.01854928732799739,0.5319622142238954,0.5403841870964997,0.3573696780640522,-0.006220872141985698,-0.15237863697171647,0.09260498633327091,0.11857028721793997,0.032957275604426545,0.4332098828569662,0.13429519491422914
0.4283515538276699,0.06143391479485148,-0.06136150949192247,-0.2835691433604782,-0.03289320840124361,-0.010475312091109131,0.19029580320868125,0.045705973823386606,-0.012948463274239059,-0.19588518044565734,0.09101556570915842,0.09187385550627221,0.031485210525043716,0.43157189920518124,0.12220613825702684
0.08467065751590232,-0.03380236195127034,0.1378008649965257,-0.10491832434450961,0.07290032067994077,0.1501005568892273,-0.3772095361045385,-0.3674365045147445,0.0838109978864321,0.09053521103229036,-0.03900476782849816,-0.06009468704081524,-0.022741131311954335,-0.36215504593221515,-0.08073810615103849
0.08279172228523364,-0.03392247592985554,0.13753712000054638,-0.15465817753249123,0.07957745194135174,0.15093975092436393,-0.3490644550613664,-0.36104538459422764,0.09300069877388503,0.09048009293612579,-0.03829858815151266,-0.05805673573009927,-0.02281276768909106,-0.3603008987136937,-0.0799805302103453
0.10038882335594766,-0.020378752787266786,0.1364432102885909,-0.026575587857695676,0.08354063443817836,-0.044048023019240615,-0.4773785208828123,-0.40756882403412764,0.10995431126459841,0.08897552712516532,-0.034520396214755306,-0.06815481925631175,-0.021724260575937966,-0.3373914927861258,-0.08095777234224706
0.09196145775563126,-0.02284318186723384,0.13449406849414625,-0.14003132973389043,0.0828802800836781,-0.02741873011522515,-0.44729706626389126,-0.40543178679540987,0.10510723465899983,0.08060318818546168,-0.03318086543461367,-0.06527694627976655,-0.02321878269796422,-0.33266730736254096,-0.0801397783589131
0.11094479628643245,-0.045371833597822396,0.15549218072466134,-0.12396457623676863,0.04523187664491357,0.1527568364003305,-0.43868154803386056,-0.4607493160206708,0.07125889911122062,0.09110140411955532,-0.032201138635031365,-0.003305491026923032,-0.006386456580083197,-0.029631764872630008,-0.0294021559277753
0.10801802184826814,-0.04637660664437502,0.15390511251800376,-0.18410167435875238,0.05223993038191883,0.15366754395141935,-0.4043073568989482,-0.45065204560476635,0.08164725260686402,0.0902387363525904,-0.03174458859144375,-0.0027966550878121537,-0.0063431736950495445,-0.028938850367646624,-0.029040970340042924
0.12399795007450051,-0.03239377370927277,0.1540096108860114,-0.028990721346100846,0.06211305296494266,-0.05033495535712868,-0.5524785774575625,-0.4999321185799748,0.10123006863188502,0.08989949846358401,-0.03027402305374601,0.0013126820251022457,-0.006589268773761111,-0.031587938700806825,-0.027215111122001617
0.11228595661469135,-0.03817956739325764,0.15186926535539524,-0.16132788537769033,0.06140466552601565,-0.03224935919630304,-0.5132337379443315,-0.4933039555812293,0.09743783297607564,0.08220966297960781,-0.030092257593238393,0.000464025483766773,-0.006786945712166587,-0.03116007204625311,-0.026330593431708328
0.2451893805034116,0.05123479846646322,-0.024642505888247925,-0.10484772793108076,-0.023507751876579427,0.17376557627113517,-0.37276814078318177,-0.4710904866201333,0.03682023965334381,-0.17455211701445392,0.06626535977853797,0.05796255577735256,0.02712923614480553,0.34872630752291245,0.10015125676869949
0.23620687781385274,0.050972170094130693,-0.0168760645156856,-0.20935210373407587,-0.017762921540589456,0.1731899485020508,-0.3136959703148142,-0.4515944886345053,0.04715793019893058,-0.17057308825372808,0.06131234707482092,0.05137906430015112,0.02685221764969531,0.33887547827426096,0.09464150120166487
0.24113320470366936,0.05757103999854358,-0.03684448026575192,-0.017349846223580476,-0.011457989372503903,-0.0670893659859831,-0.4727330761244548,-0.5357540117991466,0.054376419283442536,-0.16063378174796714,0.057542812233719064,0.053308528441224835,0.027893057730139975,0.3242658315200268,0.09107818701133764
0.22430609094679624,0.050528057368175415,-0.03650073600692681,-0.14311438373351912,-0.016003522323943847,-0.0453041888009847,-0.4420422997094285,-0.5274924996280684,0.044439311834512316,-0.1444938159492856,0.05271563030657111,0.04359719838966114,0.02533697454216431,0.3118463336260428,0.0858372059030474
-0.026292378061812616,0.23012353392228516,-0.09244070011390233,0.2378276107463883,-0.004669988315914652,0.5662816664548354,0.35718867456180864,0.3127454888019035,-0.0495300713551008,0.1679874563656971,-0.04987129527112198,-0.05868897018166001,-0.014621924416474705,-0.16802625476876623,-0.06628354178948564
-0.0640907459952626,0.07032043301513984,-0.07989052165508077,-0.055915570021624686,-0.02705968135422985,-0.8385392584445068,-0.5836530081992096,-0.3015209332478278,-0.03471889033410189,0.08991942227255935,-0.04705212300262271,-0.003698993919826853,-0.02070511409410973,-0.23725350770350287,-0.05497263460174397
-0.03678551383508891,0.0633327685716429,-0.07648582172194313,-0.14939029464866269,0.08650457030792709,0.11717930000509665,-0.5591733865338131,-0.49189718160655477,0.10705666906333101,0.13696163526522998,-0.03617785214159693,-0.03406831923233924,-0.014020404623534285,-0.14500174477539032,-0.051967992691144826
-0.027158305266751503,0.21436559241726852,-0.08759004339973069,-0.12711490917751406,-0.011710541137178508,0.4905675110519679,0.5537427171613614,0.30306651688403063,-0.001500563196881818,0.15206250480184236,-0.06569911036856757,-0.06986228435796915,-0.022590306422145594,-0.32511455296500763,-0.08816955270109855
-0.03076393131513333,0.015148743284936183,-0.061333347562856876,-0.14123914740728616,0.06432879399066382,0.11772407531996144,-0.5534506709808423,-0.4920080187275051,0.13272834045287296,0.08279993093230022,-0.027731691489468004,-0.013602704166006441,-0.0027159145500881988,0.01104822817409734,-0.01645833752980648
-0.06102817764323343,-0.05001013658668727,-0.05046699007688718,0.5942070278880526,0.013078037388473839,-1.138278001976181,-0.8123564692060169,-0.3298972215158502,-0.006809836789675999,-0.08162352842297534,0.012395081498152211,-0.02158683395823488,0.010806691702048872,0.1339446118628142,0.023209849301281803
-0.02371871992575003,0.22507624673233056,-0.09394089735058768,-0.1482901796220047,-0.01861277153359017,0.5332033762647608,0.5487120758740999,0.31357341487953067,-0.018811582003040072,0.15443177247421846,-0.04723366319565524,-0.05582013734980833,-0.012234510059513742,-0.16085459430104693,-0.06287508942983751
-0.014217092279258825,0.06732820897536358,-0.010110534614361833,0.30039992315564823,0.06566568945911341,0.692614644328308,0.3497340555710594,0.40729660884146435,-0.040152783138289995,-0.23857141418413394,0.07710859920024625,0.0650851400898448,0.025886469763836517,0.3451038827891475,0.09868322142579718
-0.01849452061552964,0.07800604254746396,-0.042542916642186325,-0.48950687125573317,-0.04931719865240773,0.5854023949233801,0.769253210244838,0.39593687888364537,0.007670273419860216,-0.12715354742436885,0.034156297518561626,0.018419011132206058,0.016911867087885127,0.20938313754790128,0.05214650762874694
-0.06610580372807323,0.04831893386691285,-0.08731695007873837,-0.060015127586084904,-0.02606997825435122,-0.8875723214313566,-0.5941706137265118,-0.3103840893344023,-0.031972040613397715,0.0746220069613421,-0.03752908102356622,-0.020525187479997514,-0.012813426360721126,-0.11723946234653802,-0.04233710802621565
-0.02789936824025721,0.23378029006319184,-0.09493483493783736,0.22366295355872012,-0.0024163416560435552,0.548234911789815,0.3562533943199669,0.3084929685327608,-0.04025287883927238,0.16319014823303857,-0.05607767326094242,-0.07334845638780489,-0.018085844038846825,-0.22947308058629115,-0.07882884493846222
-0.07994974499688465,-0.06597822108078709,-0.035398952005968244,-0.025415538630199512,-0.026918299848273954,-0.9738812498994822,-0.435091173356637,-0.30194166593935245,-0.02737897996981078,-0.13857529413992098,0.04867061043663444,-0.016652394900501445,0.02075899976654689,0.24400149007620398,0.05167090081940351
-0.03857868598995173,0.058556576666479565,-0.07364599010074002,-0.15078786265091193,0.08636474579883124,0.11895337199488622,-0.5678562565615879,-0.5051898995365474,0.12080904474908229,0.14307584227590545,-0.03439383391089605,-0.025362531777824056,-0.010435562822639972,-0.0872968979839073,-0.04009406166939998
-0.05690766302605904,-0.02628726094401019,-0.06763776660310646,-0.04141575915762709,-0.02559998749308523,-0.9216263294301187,-0.5271225631699518,-0.3036056797261504,-0.030299311007975532,-0.033414006284220796,-0.007026903030710942,-0.040970573860872134,0.003923958287478288,0.0681118824729209,-0.002569132539865156
-0.009535840492510661,0.20450624591341504,-0.07494404619204649,-0.15167618193453222,-0.016643849880365286,0.5852021951015913,0.5719477331016167,0.338603534553599,-0.016148753915927974,0.12713907629927584,-0.022930954062138527,-0.007682154974187371,-0.0019186558886760633,0.020061345123630947,-0.015526822026129887
0.18883636139131582,-0.033052698557127835,0.19327443737800998,-0.13272607647522938,-0.006568161566269033,0.5395858682385184,0.4988623171225377,0.37393985211581726,-0.017583950506956873,-0.07741331555269616,0.03612602962742092,0.021275185376381005,0.014438393231641146,0.20829050125712603,0.05292772542439148
-0.23709699653209246,-0.04250884134711118,-0.046285264277491966,0.5756902248442387,0.008572164228640416,-1.1970227253098213,-0.7684408787441905,-0.3143507010338904,-0.020547792770760624,-0.08628949388830955,0.011135290485362135,-0.017441968546397818,0.010610465569922262,0.13243995554797952,0.022424367593436523
-0.09928932349556305,0.03883281511519168,-0.04902987307612054,-0.16122334881237874,-0.01509600554827355,0.6502812300885862,0.5180217531011639,0.35781034262917366,-0.028056715811809803,-0.0754006359768873,0.013667402103860731,0.012195578744405123,0.010710934471974434,0.15342329913082609,0.03249049649259377
-0.08350469998167157,-0.10000687482602807,-0.0847016054378844,0.20879838463820338,-0.03299845431151187,0.5300560123271535,0.3447512912614652,0.3020623337157746,-0.04383397971098452,0.12111879281736267,-0.05989607286464757,-0.09544862709876528,-0.02195427006021014,-0.31185376380264407,-0.08927557434782567
-0.18151565245147275,-0.02072684360081182,-0.06058318147753857,-0.036452165681504334,-0.02196690036726771,-0.9464084574441158,-0.5057843392536492,-0.2828119644638234,-0.022577143296262828,-0.030902359275702212,-0.008356951467083467,-0.038055599934089634,0.003794119022032399,0.06764505624398347,-0.003446306418769352
0.052885784192618496,-0.1098456269059857,0.272358006275318,0.1905421973863389,0.020938938641545557,0.4556588369018432,0.3350370528980971,0.3081560437179931,0.019160049485406165,0.05931077672448123,-0.07668854777784703,-0.08066693907630784,-0.02587069544924664,-0.33546077010023906,-0.09671515404937837
-0.09540726338695929,0.026702690126461495,-0.07238839206535481,-0.14315170814209338,0.11320760000534336,0.12042714556324072,-0.5289182695675289,-0.46620735903770527,0.11572990177175294,0.12503233643752987,-0.031987606537601215,-0.03569471037242723,-0.01834110885951251,-0.2278600192814834,-0.06095385660397018
-0.09579842645442507,0.01806335790854764,-0.06189904461887645,-0.14329432213095447,0.11439678955138793,0.11963225323596452,-0.5068989581995451,-0.44474766328235726,0.1014235039334636,0.1326764103058773,-0.03008710756816544,-0.03353340638491839,-0.02377827576436304,-0.3291363453044479,-0.07287322940049443
-0.18946340915101204,-0.004143501318617519,-0.0733291330505657,0.6266521777406219,-0.010174898832174964,-1.121319364376664,-0.917204950338022,-0.3195523428018474,-0.010722347617737866,0.13424566758053988,-0.035252270895121625,-0.0241873469322091,-0.009523114939100585,-0.07642283573733832,-0.0375555350354204
0.20261909189330918,0.00394110042487107,0.18250456233788215,0.6589560087681456,-0.003936525152757659,-0.902685765941273,-0.7869596903282644,-0.3013552152303902,-0.007835911076735237,0.11110523225345717,-0.033148081778802074,-0.010678104365827414,-0.008996029064879597,-0.06859710979218793,-0.03513154633069623
-0.32489271838521716,-0.02670134971533182,-0.055953738403373615,0.6070386382941396,-0.00018512522657692689,-1.1231982509007952,-0.8021305147769539,-0.3047736951921346,-0.03323219764652673,0.020650678655675235,-0.011354266251715067,-0.018452076345873238,0.0019341721027222886,0.049225977862575473,-0.005391024817125736
-0.08213197944129266,-0.09704735087533307,-0.080905893179582,-0.1315083144991535,-0.024016026083698593,0.5022057473700462,0.5246142281301731,0.3083036636331265,-0.013026777195157565,0.11574109987767868,-0.05508239770744132,-0.08253681506907946,-0.01947142135337178,-0.28219954092048627,-0.07740843812623117
-0.07722175924963642,0.05838538151483205,-0.07254511002666472,0.2552368407229776,-0.019632865031039275,0.6322646735456342,0.3505482511805861,0.31564638061225636,-0.0839292881490716,0.11867614451429223,-0.029019847041875994,-0.016703647494684094,-0.0026440658756464192,0.011027452120729291,-0.023435719444238702
-0.3621051296462734,-0.009368975018367663,-0.03357813424425312,-0.03162823045399139,-0.027098083247327175,-0.9958305582865369,-0.3991182041374767,-0.28901690932580437,-0.01794311741566443,-0.15451350301990985,0.050852195749298224,0.00766300857321249,0.023476178549720478,0.24570033719997236,0.061100385037398675
0.13584257710407177,-0.018459773459226607,0.20629124420808112,-0.06039495866594791,-0.02752437549240569,-0.6585918813583549,-0.4988160653164724,-0.2843376336188893,-0.03934673251665856,0.06361517760070468,-0.0619973062855553,-0.028950066527593313,-0.023402295299307655,-0.2893366380451375,-0.07573109492958305
-0.05721050729037813,0.07427931565665831,-0.08321111426586807,-0.12872385828196053,-0.020563986178989052,0.4947410929856688,0.5228708935875005,0.2852052583337137,-0.004114563580315766,0.13269648855402882,-0.06509660456136511,-0.07076438507833915,-0.025929698074826986,-0.3382057824035891,-0.08941863306683374
-0.2501271684010864,-0.04698290191821137,-0.03957857984756899,0.555553034678986,0.0135778533615546,-1.2201170186597667,-0.7400589708824847,-0.3231524272671772,-0.02148298009580913,-0.14494774831954965,0.026351359404784974,-0.01130432160194139,0.015555700065010412,0.17655473939886174,0.03836699384230337
-0.24182868842867203,-0.04698621937708154,-0.06255381483334671,0.5727086597661666,-0.020795944378582114,-0.9779447302588429,-0.8438898053417484,-0.29592062465991475,-0.02005651946404014,0.12510742218212484,-0.05298253960235347,-0.024553070052732218,-0.021123262765075194,-0.25430545104356295,-0.06620947872938121
-0.098725935109966,0.02819593270602066,-0.07559634356403923,-0.14976012306348657,0.11357586940168454,0.11869636571620751,-0.5452287505382246,-0.49027902816596813,0.1269413172882908,0.1301117335364588,-0.0341451908554494,-0.03285099213209708,-0.013443098969218362,-0.14256110538728012,-0.050102894577261185
-0.15699878900470524,-0.05466811845914355,-0.07982871875766555,-0.14548810577730203,0.12355608813005774,0.10921847327462406,-0.5024887569897458,-0.4530206646252195,0.15559898313629694,0.12054378207675441,-0.03509585558337104,-0.04598081261594359,-0.016562758338341015,-0.1978302757968689,-0.0609277540794999
0.2161012584098644,-0.019749876037612038,0.14034044790887015,0.247857445335785,0.04631364705817502,0.5870313459481044,0.2957165739412194,0.35942822829449544,-0.04941676052145507,-0.12131744280331717,0.06746103926076309,0.05027108522932281,0.024170679907974932,0.29117420597653154,0.0861539376878285
0.22194950534459848,0.002695623324141654,0.1360674566531348,-0.4352994429316442,-0.03718809642207798,0.5479085440508155,0.680034617816874,0.39201151579850857,0.003962410011639024,-0.11893286133515736,0.07132134266112411,0.05560295245766896,0.02493202271163933,0.3166849219014333,0.0927708096115971
-0.09661017589096701,0.028054791454955465,-0.059608748713107056,-0.4742606157687639,-0.029526872059117748,0.5795652979754641,0.7009591136343605,0.3269769624276001,0.013339327631884303,0.011081051713504281,-0.007228739037637565,-0.007029968248453566,0.005519313777984307,0.08604483808302263,0.007759174315301227
-0.41672463886032773,0.0059348273541846505,-0.02135933942930669,0.5528864251748907,0.014999180450728705,-1.2217938077934851,-0.6709670042408764,-0.3298421724636642,-0.02456119577875084,-0.23631774877569045,0.06394780488369699,0.017649598741303153,0.02490181424409222,0.2831007506550947,0.07579693203419216
-0.0722184172223112,0.0758877552689587,-0.07423359479833544,-0.05773942445294682,-0.028334261495058154,-0.8211132935186872,-0.5777435389008827,-0.29420767774710355,-0.03704330396226818,0.0998341473211831,-0.05201603225690698,0.009099078495276676,-0.024244014480774928,-0.307284607050808,-0.06339688703104317
-0.1301437337225281,-0.07006519354131642,-0.05653760887999171,-0.1575142389867477,-0.030090808777215573,0.6027180355196254,0.5312420211632654,0.33792023000165905,-0.034412525786327294,0.05627946337892613,-0.01636166002918888,-0.0016412540363077762,0.0011142861324082553,0.06146087918382179,-0.004475904987756716
-0.02252398879306705,0.22426431768141217,-0.09262925101549938,-0.13568634663630116,-0.016201702158563234,0.5055621363687357,0.5495722103177965,0.3057392823942271,-0.01051635223304347,0.14746667441238423,-0.05575999658006156,-0.07172430968887997,-0.017898706442771813,-0.2576200548904962,-0.07839879843320062
-0.28295529393535324,-0.04777732594660083,-0.07209819349325716,0.6012609313186478,-0.008098085547605396,-1.0808636091437158,-0.8673383821851142,-0.30656011012207746,-0.02426872343693595,0.12116889994867965,-0.03654504851182728,-0.0308922959202031,-0.009800999447090643,-0.08951838339549316,-0.04319608172203256
-0.1552843639655083,-0.0060955417494225565,-0.07282243055815682,-0.04709869367701491,-0.023397230979706127,-0.9302142489448604,-0.5590726284826601,-0.29325323615280774,-0.0237829188358459,0.036056729532391085,-0.022668249472043753,-0.02889405167414844,-0.0023000492635055613,0.011384952372035257,-0.018727686915252645
-0.12328315559852918,0.025703221623326923,-0.0791495820317843,-0.05056715859391709,-0.02319815989237115,-0.8497624401522825,-0.5694602920726977,-0.2955899714330912,-0.029634690841031378,0.08934945024603562,-0.04281863877865809,-0.014097920805218205,-0.018511564317884664,-0.19808698240546965,-0.0516526064367883
-0.12903800022194747,-0.07568131336816362,-0.058110369180328705,-0.4762577284603826,-0.015911052605006967,0.5511362717760816,0.6923882103363557,0.3221740405463758,0.01641779808982006,0.09809610489270726,-0.021169859498699477,-0.00696766025011223,-0.0013945897453782816,0.020487325857368316,-0.015192616264733295
-0.15460237758298664,-0.052621097263424385,-0.04665771664540812,0.2729304886505603,0.011133695399029274,0.6748487951566506,0.33940643812792276,0.3640815315339479,-0.08825060541895316,-0.07379924533520746,0.01825100027220925,0.00988132145370096,0.012558255883361989,0.17189743195070922,0.03516772828719015
-0.23750369187702866,-0.043756378418121106,-0.057625696854627546,0.5681616614302608,-0.024682993465459904,-0.9618109724036544,-0.8385246376709831,-0.29050790595950204,-0.02180275960240291,0.12549873193937106,-0.054688355511329875,-0.018907597126169424,-0.02252840330478415,-0.2843369489152152,-0.06837787290378905
-0.06806935856118398,0.07327575562894924,-0.07764011419452686,-0.05638586981297629,-0.02797685281102443,-0.8284234227603343,-0.5804111563232756,-0.2982675259469287,-0.036214051624465116,0.09233646728419699,-0.04997938739378653,0.002392754914433217,-0.02278562775140773,-0.2742399135621921,-0.06021020627794309
0.1607169008754285,-0.06347377846557443,0.24794079373404584,-0.13744848018221711,-0.007679610037398304,0.5121414884507111,0.5253742768741009,0.3697730929760145,-0.019367739458329834,-0.011496243537262113,0.008798911841700173,0.004587158466713764,0.006587263804253734,0.1184494742817075,0.02135561644327768
-0.15896818154399187,-0.054679260239860215,-0.07046690006684679,-0.13555382345825306,0.13061414130090016,0.11696150885930139,-0.4768623623411228,-0.4216855505352508,0.13332491002556673,0.11527686767224597,-0.03032859000665534,-0.04109994314612122,-0.02183068958816354,-0.2891846570659364,-0.07231867514325263
-0.0720210799743167,-0.07863337395668149,-0.03312155625549387,0.5600913210770642,0.025399974482527753,-1.177751203167698,-0.757973520169207,-0.34222014182626337,-0.005422235006952691,-0.18615873351716328,0.04929293593962759,-0.006409244148679544,0.021317354762588434,0.22925166276130154,0.056429333459458914
0.20560880167219545,0.021628013557862945,0.20506868694921074,-0.05916671341734333,-0.023865335162840298,-0.744326940367468,-0.4816159000181921,-0.3006390564971838,-0.023159717514109418,0.03400001582992217,-0.008076468969499873,-0.009842743315934863,0.0009809217706135704,0.056617183888429005,-0.002673801751344832
0.20518370045786144,-0.015075879799493652,-0.0858155677503812,0.20371774544787652,0.013158913753760697,0.4589682594624945,0.2985901232572024,0.299551875131674,-0.07991725046409534,0.1469801226403951,-0.07567769625823977,-0.12734423091603853,-0.023020305100565158,-0.32151186115443214,-0.10239243195481802
0.27291028375613585,0.04903405177898124,0.06469116421255566,-0.04141018445030001,-0.02300793333460984,-0.8216548789490334,-0.43072022190037557,-0.31044536867154626,-0.025315340492180136,-0.09950884698430004,0.05672547449781449,0.024725769249528302,0.02109143163874562,0.26828967937663445,0.06749333142670604
-0.13513359617872026,-0.06429330997607874,-0.05332216564169595,0.26623168986482576,-0.011578423087630105,0.655491553462039,0.34487145139081077,0.34632775042641245,-0.0938096489792337,-0.011344632717558801,-0.004809124456850824,-0.004401353626626239,0.0057470783337492184,0.11141681906044668,0.010880224503116133
0.07246094493005831,-0.1118369204338364,0.2896436669925123,0.2119203229372838,0.013213873045097206,0.4806501246394271,0.3329197208173635,0.31510929047497477,-0.021308362181723585,0.06623048627042129,-0.05153636016845876,-0.06827250346109706,-0.01636593006622725,-0.20032790919904142,-0.07008201295709508
0.12905444230124835,-0.08955497740954098,0.2676706345845049,-0.14217794896510713,-0.013431139193284277,0.49687721041245747,0.5373223526183345,0.3663508678029718,-0.025965613492832267,0.05343667019633735,-0.01422579828773313,-0.005464054174487249,-0.00047669640579011373,0.034003943858942245,-0.009399136766892234
-0.08637382890998,-0.09846003945108564,-0.0812492373238528,-0.14056161608461948,-0.02625218610649508,0.5084147671752085,0.5233027973915299,0.3106797641541726,-0.01913409280178253,0.11552445939896407,-0.05151488065488415,-0.08504385301407169,-0.01710576515712134,-0.2512312295418378,-0.0764091927421046
0.08524053999228198,-0.09510299611803093,0.28601530579687817,-0.3790922515380558,-0.023700285694705843,0.4381087102216956,0.7330586786450662,0.3441068292904086,-0.0072509171061985265,0.05939336876408397,-0.05025462456434852,-0.049813314812258716,-0.016079955286668186,-0.18164213948100097,-0.0637071444754799
0.19384738814988822,-0.025001338316825647,0.19858730803036245,-0.42263675189845656,-0.031412650514766854,0.5178284033613816,0.7081027640627978,0.38432712662110596,0.006876005832718182,-0.0574933160868536,0.036111714006508304,0.022374309117030568,0.015389138279964356,0.20627506387202937,0.052476642672082054
0.10686005854092512,-0.0902299453824093,0.2636182046396415,-0.4259570320378555,-0.02301349743310723,0.45417614939146966,0.7351940249979401,0.3544799630142569,-0.0025876304060072994,0.0713786002736248,-0.03462653176095584,-0.03145248047357116,-0.00860669808201039,-0.07503409306177919,-0.042634208630428556
-0.235929556574451,0.008920778476179732,-0.03516475267251374,-0.12629192869039424,0.016418173491925765,0.12044168646266536,-0.4167838091987123,-0.4929507414769433,0.15501056744284097,-0.1136493473064413,0.0031707851476126953,0.019280920954305118,0.014793855518698117,0.18268716085421438,0.04288018014427187
-0.35846895278783153,-0.014695478593734204,-0.04240099534438448,0.5826356522672599,0.006968185449369946,-1.153319347157843,-0.739555393280569,-0.30737261018619166,-0.032415522519931066,-0.09532795465174476,0.013081616463503289,-0.012510685094548567,0.010346485307629008,0.131209534461266,0.025372670996686372
-0.10583503322725815,-0.09355486550920594,-0.07313750831099375,-0.44986642246266445,-0.011916646023751042,0.5021469834673704,0.6900673631001716,0.30963924012459365,0.00559331913420116,0.1117941182812465,-0.04117567015053923,-0.05559905913048413,-0.012652578095759679,-0.14364512678178187,-0.05686722260089864
0.1327248408450665,-0.021203954771803202,0.1928171607653688,-0.06185237839049346,-0.028428572952990887,-0.659723031378024,-0.5000347902234441,-0.28244328324480844,-0.041464110451958566,0.06475946326382091,-0.06587831147788331,-0.027337752712348992,-0.025272088150666387,-0.32332855078064004,-0.0803111309559846
-0.3226767175812526,-0.01994638040001783,-0.052530672981603216,-0.03428887218160259,-0.024622000316800854,-0.9442306448742867,-0.4327513427695737,-0.2902992793645753,-0.019501684975117693,-0.1059871491453072,0.019067998055597283,-0.016023319617692867,0.013818780685447986,0.1468898652661097,0.026884038585040966
0.29301754164350446,0.04322822834064516,-0.03464008270160907,-0.18192800938684028,0.08289971549034394,0.09344918823913494,-0.5030523271881535,-0.5183509695384496,0.19034328027813274,0.04849488999231717,-0.02477771109143167,0.007795002989604113,-0.004259358674500353,0.018410161346314426,-0.01578854691711097
0.2233734931865744,-0.00198957305912258,-0.08720804632458304,-0.13376259817438785,-0.011016119835809248,0.45023269705424723,0.46726967717909423,0.3274268838814307,-0.03771261652490247,0.14707374837864476,-0.06504653400391852,-0.10284648448108608,-0.018863175960627195,-0.2576244737406795,-0.08776899250502784
0.1742863002046362,-0.016336023830002124,-0.12142780199783915,-0.13831374572436939,-0.009112743251216075,0.5133872401315179,0.4756445259550882,0.3582810581365918,-0.0171020298199161,-0.16644768058905154,0.052944951125433765,0.07498822351863153,0.018434937866337524,0.28896076807399396,0.07871527697410566
0.22400581166063915,-0.008491270105215405,-0.08307514346726072,0.20897518119891817,0.011917542639856657,0.4729676169108469,0.29593463958587624,0.3058250058537576,-0.09509306184991094,0.14592086336277618,-0.06604129472765982,-0.10906328703312117,-0.020058657995150712,-0.26947870419948905,-0.09298784191822575
0.18761909026984644,0.034302884127041695,0.027282985925262,-0.15698294837332166,0.024605141709254437,0.09994693996358975,-0.45250278494685714,-0.5373566298768101,0.08973486853668425,-0.10651191841565529,0.019023613911632785,0.01885886650653138,0.014771777827541242,0.21171240750570394,0.05275638970057319
0.08152974334496635,-0.033319314168361695,0.16376906729800098,-0.15064323553131242,0.09135165040318093,0.09927771904609259,-0.4632763639676731,-0.44935314919694697,0.1441473319057024,0.07868894689780769,-0.0366763925060036,-0.044585816750761335,-0.017069279920090243,-0.21340849674519136,-0.06322433041371306
0.13033722718481588,-0.008531697945609767,0.11181601077671001,-0.169364593642822,0.07017333648444232,0.0926248463911779,-0.49408535540192305,-0.5193421520894899,0.12069760954353854,0.02006976648566721,-0.01958099587981168,0.0016754617553201376,0.00012463668367879328,0.044930296804669596,-0.003610990916610624
0.08217942058204211,-0.0246537040466238,0.14379301610744452,-0.14633356212804344,0.09860540233901173,0.09771043191319949,-0.44435594994625505,-0.43014265429481957,0.14057738190734212,0.08308418284115937,-0.03622259783299379,-0.06016298192413597,-0.020902854224400177,-0.2799218978223444,-0.07448564300062974
0.08757699727452982,-0.036993574633348826,0.16537932865975827,-0.15716482162915987,0.0879846235819098,0.09703317419831038,-0.48367280994265716,-0.47040622799893894,0.1357190042891128,0.07728205797944566,-0.035115896955966154,-0.02217402472910559,-0.01252253599680905,-0.13308199206799445,-0.046635118382883166
-0.025369183194432238,0.1891367761337909,-0.08470373774688664,-0.353561458359488,-0.020385801521332292,0.4647222688341745,0.7722387280035062,0.29760494120449404,-0.01864979147286417,0.11267356333655366,-0.0647265655870466,-0.044825672563302874,-0.024504087003374555,-0.3084077100113929,-0.08170280951260396
-0.03390090447818944,0.04261508133051126,-0.038784720222146775,-0.5012001581077153,-0.04646823863034642,0.6013466377362182,0.7535637986318602,0.40972674871021103,0.0022723770511246487,-0.23972321018053677,0.05242481045168748,0.021745411022194898,0.02071229443752947,0.24234913474455788,0.07001959298916756
-0.027370208735706753,0.08193180260909444,-0.06470661263267674,-0.46817345733294247,-0.0356786190140392,0.5592146417680769,0.7963387064733575,0.37691339586426303,-0.009815868433193046,-0.15130921690665655,0.009345903015492199,-0.017556309340878415,0.0075524495965523086,0.09231736287841373,0.020307457664868668
-0.017330267733572075,0.11760422711191672,-0.08141740377740937,-0.43823162659914827,-0.031123528048890438,0.5269617428872369,0.821531618266283,0.349324223245016,-0.021020443212718454,-0.08961723276583135,-0.01572328822414151,-0.03537682215847084,-0.001021583323861831,-0.01679118859594253,-0.01102943116077233
-0.008970207758832643,0.1748479830915141,-0.08814380977151781,0.23707945483664333,0.017728678676891173,0.5683528221044186,0.38750896444250843,0.34857904130591255,0.009000036753294102,-0.04876500698762373,-0.03430017494728204,-0.049761440752955535,-0.008445362808637533,-0.1268432156865431,-0.03701678996456661
-0.023326119348943408,0.04473020696138921,-0.016818750361355154,0.30505698948292076,0.06338459386548947,0.6910538481015848,0.34057687058806035,0.40136614573680357,-0.025387987599513703,-0.2852430404780855,0.07188815372865423,0.05209315664063158,0.024127129190577412,0.3073001171714943,0.09346457584573349
-0.026404995733088493,0.21288130660372495,-0.08822865008936516,0.20312834294123694,0.006229165829356209,0.5177065241231488,0.3720377713901912,0.30970166170018526,0.019348704016097514,0.13131286618881868,-0.07218921452702988,-0.06105869135321513,-0.024750657712884445,-0.35183543011305196,-0.0874177549160648
-0.059547288465008535,0.0008856881969270605,-0.06062755739655094,-0.014113667320340046,-0.024202249896135012,-0.8606033155153371,-0.46417763578080506,-0.27605755221299183,-0.028544860963802203,-0.05442203750420715,0.0038839236842735155,-0.030378685841316824,0.006376195405042083,0.078095789641125,0.00850375374691406
-0.21292714046482578,-0.02414544038678347,-0.035755641839542635,0.2870021469500841,0.042486462191566744,0.7046059426043818,0.31193355166354286,0.3731119915223254,-0.04045725608706384,-0.21483768924355218,0.06672137922970298,0.041084721527754914,0.02219402979285362,0.28924541992796315,0.08705144585131991
-0.04374010344451343,0.06770226139908238,-0.08442895972323138,-0.3590072256446001,-0.012885733818698083,0.49696818344786386,0.7476576715677246,0.28713057421730026,-0.011798453283036968,0.07761959983391654,-0.0476618317429736,-0.04107664703506558,-0.01950224487601525,-0.23309081626200998,-0.06210396283857048
-0.04877438823835967,0.07067150135857778,-0.08073685865746423,-0.3514576570080896,-0.01363348333598071,0.4827927193392433,0.726177179061008,0.2816953607703434,-0.012987503571451661,0.10349160965382906,-0.05601879715665052,-0.04604974652114277,-0.02479798324718408,-0.2901234279833722,-0.07608026257767757
-0.13314422544328555,0.02310255606765304,-0.04199365804336686,-0.49150405889869464,-0.043163232642118306,0.6434032413322602,0.6828440600926112,0.3820594360667917,0.007354399948323112,-0.21207999169582537,0.04623877147339691,0.03370221788847319,0.020977377333912285,0.23541907565378561,0.07132249958462994
-0.10585132338749134,0.01913580068312267,-0.06543478144609513,-0.46131080633885424,-0.027410800399083245,0.6008110673045486,0.7245060977887567,0.3473880875543848,0.0002142259720958415,-0.12614628305676157,0.0028333796922872505,-0.012778995752242903,0.007558624996521008,0.08075788277281322,0.017986505270911494
-0.07997231096439505,0.029056148983381692,-0.07911442864784057,-0.42784879471600523,-0.01721707520744616,0.5650408192894963,0.7587418839002187,0.32040504020965577,-0.008638867354199213,-0.06569172247373548,-0.018810455359441876,-0.030649110317847117,-0.0015705171161566923,-0.020609278373335944,-0.012985920232179165
-0.06313036576711242,0.05300686793688225,-0.0859496706849501,0.23103396588320357,-0.011830767594405338,0.6065988800694684,0.3696053233282699,0.3231783284198506,-0.023939657259741634,-0.037854570564227794,-0.034782809181035074,-0.04568044304436684,-0.00890872535291973,-0.12711946908685723,-0.037487938876104104
-0.08381906468435887,0.038821763233944595,-0.07471670363663595,0.25488183790946106,-0.0036245664276840592,0.6394043201786699,0.35926571039651334,0.3354363311116274,-0.029909566780075416,-0.09684758622659914,-0.020872643551379848,-0.03419510790272094,-0.0018601872627532299,-0.027846319838071534,-0.013370145445378801
-0.1020624174081318,0.0449748855279645,-0.051762841476549255,0.28384527328935083,0.024147331777750046,0.68732383861737,0.343519991185681,0.3634949551586859,-0.03986815650191797,-0.16712536874730566,0.01750899843296972,0.0025725584851906975,0.010090402988111095,0.11875721312125592,0.0343066072771149
-0.0468374118867316,0.07913100240750713,-0.08875775640814969,0.20537550325837076,-0.014622536681894135,0.5547366238302935,0.3689481382272469,0.30428631513848203,0.0023868821609647674,0.08938316512336912,-0.05515082353180495,-0.06125779756137523,-0.0193725797862125,-0.2718615977569626,-0.06816747495319007
-0.04925738146934788,0.07017450896335822,-0.0896159337836205,0.2162096673832478,-0.01190468861542061,0.5790978916932227,0.3737044509913158,0.3132772133245718,-0.00803793260090783,0.03404686630726061,-0.04499893087945228,-0.054476047923050316,-0.014142295463574974,-0.20203653686180365,-0.05338043982710532
0.575572561277328,0.08695074201103935,-0.046220924900309934,0.6707426736825645,0.008663465345104447,-0.8230345309695754,-0.6243599013117879,-0.2745732716800428,-0.004295778155998072,-0.09361742195713711,-0.005865218513244886,-0.010575938197428114,-0.0017371001995480431,-0.015324284377018075,-0.004563622836130741
0.10349040278482659,-0.002095765819684575,0.16714064338140927,-0.1424336355979784,0.08175617794037605,0.09178515940025006,-0.4510447411951837,-0.4396181823800047,0.08328737742158142,-0.018561991346015782,-0.03571412645801853,-0.04062532804101902,-0.01405439619965199,-0.17986433771459617,-0.04900289603929667
0.05607194561928844,-0.09146434414652872,0.29390572494276607,-0.11392249767484884,-0.0068400086702714545,0.44521310995556773,0.5361503664752972,0.32806491293655593,0.006449679450800055,0.023263851546231493,-0.06010606050692395,-0.05973702426357405,-0.01916110958486645,-0.25960937443267174,-0.07229710704207185
0.18553322733245278,0.007316218889381783,-0.10498223393431523,-0.13366350961793091,-0.010034803423475975,0.47594842336937315,0.4985963892498247,0.3440970803425597,-0.023584339896613685,-0.10447334401741247,-0.02953484491804708,-0.04677326633821355,-0.009329123602644025,-0.12326411040579643,-0.03681877984529863
0.12932301094494064,-0.024949757724483497,0.18079819339870776,-0.08512541804615077,-0.016246918711721264,-0.5183542560584036,-0.5085386817816527,-0.3319378168151808,-0.018271065804342186,0.07591497540347794,-0.056491492978395334,-0.03473558399807762,-0.023431343338882513,-0.34316108470879303,-0.07651242590441763
0.11739999944458494,-0.027132026682334102,0.17406219610192028,-0.10984174724826107,0.01551010540810691,-0.34877742056721056,-0.49542138796779683,-0.3695005897162011,0.02762927347422372,0.08148668960158699,-0.044619217278364806,-0.05279769256580598,-0.02252751214559391,-0.3328496192140286,-0.07477005140871971
0.09658592710197468,-0.028300059235843993,0.1456415894279127,-0.13457889441256765,0.0545785776578566,-0.14910051955916193,-0.468375416162132,-0.39930549539367466,0.07565147677170322,0.07680413735955532,-0.037362002749482835,-0.06805600564200771,-0.023469617047929638,-0.3361429306974124,-0.08196420444672738
0.34290912494527603,0.019459502858421966,-0.057009177909855796,-0.11868672607548254,0.012012060506238358,-0.3590649326049759,-0.499849752810351,-0.3764343004749245,0.02613135536270059,0.09711433541451957,-0.042898274256546076,-0.04569588196147291,-0.019390690434723162,-0.3280737906530895,-0.06617796476832348
0.2985665006747994,0.018185685836104363,-0.048809600845546405,-0.14135723125827393,0.062143388921804196,-0.15529895685294978,-0.46874643610720357,-0.3963045825855076,0.07872608257903767,0.09634563166938141,-0.03207151542242227,-0.05922359891739344,-0.020273930093990908,-0.33153491632593735,-0.07354042960569379
0.08317906297536168,-0.02231157498725649,0.13661021797272294,-0.14598069149218437,0.10120206456814006,0.0967572641140743,-0.4395040667505775,-0.4256061100847563,0.13684799660093047,0.08436564687701832,-0.03590575939991202,-0.0629148958268519,-0.02203056726589736,-0.2989395436654178,-0.07738977558521228
0.08163393421184274,-0.027310625649115725,0.1510236642847557,-0.14725585674931682,0.09596978997208189,0.0985778027114826,-0.44993773057615366,-0.43537438815197793,0.14331701356478987,0.08141686338721493,-0.0364308685658949,-0.05601152796222372,-0.019703935505829613,-0.25943223353149336,-0.07117415038064957
0.0846368261193537,-0.03643628074303454,0.1708036075524202,-0.15460518614691326,0.0894635623155464,0.09887858621278912,-0.47696183048088514,-0.4632830286514078,0.13943013032020776,0.07824882562044434,-0.0358297226466171,-0.029720004596411588,-0.014069223007006193,-0.16130116998727173,-0.05234317574448089
-0.03497230973476573,0.06255964074914545,-0.0707445617840429,-0.13985192640951255,0.08324629722591419,0.12087228603545457,-0.5406458430816877,-0.4635192180584889,0.10060278428286913,0.13925300516472994,-0.034272249771614735,-0.03443265433531887,-0.018722307556629673,-0.2291328424629531,-0.06116061591959277
-0.03341408697750278,0.06612018635056444,-0.07492438456339727,-0.14424186844910905,0.08628727219971238,0.12087453227150326,-0.5513137193527451,-0.4784329956435941,0.10542138761537666,0.1398209411042316,-0.034205066167673326,-0.03204237097785067,-0.015272691121933702,-0.17323541106193463,-0.053264822097052106
-0.05244368759077944,0.09315501014782061,-0.058289139273405864,-0.09985680392522713,0.018129517182823338,-0.4031924613260109,-0.5527346222439141,-0.3649953652929813,0.011896750978772396,0.13569450819888498,-0.03327588485547303,-0.014395582808953384,-0.022237656775047816,-0.3367417613460595,-0.06440138119864872
-0.07155271475812247,0.0584969357284395,-0.058991497911807377,0.2921164150408459,-0.026588565200909305,-0.9077397704142335,-0.7449801234791908,-0.30186732743821504,-0.031368348316593776,0.12977895258902208,-0.048092384960536985,0.011919959480293339,-0.02408164244611658,-0.33534488874806007,-0.0580779188435229
-0.07144113534507332,0.021858369587315997,-0.08212952319344057,0.12861124025379347,-0.021878464831718562,-1.006160524062468,-0.6838026303892152,-0.3209377265183234,-0.025530633500681382,0.0841029110376166,-0.029866125482384633,-0.021870575447116302,-0.005934651134399433,-0.020996871315388604,-0.027429369521230255
-0.0851294603953405,0.0033838935395905326,-0.07911660629966766,0.48128719517116003,-0.018394924422117126,-1.1032056773002554,-0.8721226177710816,-0.34273650856014537,-0.018763159545712553,0.10929047277588425,-0.03314513494764477,-0.025709322949798833,-0.006769275448345556,-0.030082869829185677,-0.03130387170168103
0.6535030154081265,0.09328114924881879,-0.022935046729468535,0.6921375582326313,0.017986984087378314,-0.9476232051964445,-0.5974304002770344,-0.2852727244415879,0.010229429137476771,-0.06668972213693672,0.0876629388400904,0.07842467076113548,0.032359165639211124,0.39703947118208816,0.11261855906280538
0.5396211882493032,0.06149796088901821,-0.05553920966681068,0.7932078927789953,-0.0025000467777280787,-0.8968250678883967,-0.7191425347492175,-0.29634008765046804,-0.027971596928401985,0.08646163236341028,-0.023622799783088115,-0.00303927903022563,-0.005608975861132692,-0.006717763884502755,-0.025709353351961048
0.42818279918349056,0.03250774011403136,-0.061691647874188696,0.6483876105198386,-0.02669049645651753,-0.7690989632949378,-0.7222027513697267,-0.26495483754898097,-0.01912561466428893,0.10194398934356523,-0.06723143626894537,-0.036673995326057696,-0.023366204690001634,-0.3627438593221042,-0.07625182891478266
0.5714485349644626,0.07682426235003238,-0.03057940283787038,-0.06670630680972404,-0.020320642143232558,-0.7894927712318106,-0.38396105480187903,-0.28346788149838803,-0.02180122678312512,0.016084782415709365,0.07808082200281725,0.07898517696317471,0.02721163822934618,0.3727835821011139,0.10608843638870595
0.4190536370367185,0.052008877271155704,-0.0696712212923803,-0.09106361601993612,-0.021648055259705794,-0.7698896643355784,-0.5013498556787915,-0.31922238609356696,-0.020133498499120692,0.05341047930619057,-0.023970476419047756,-0.013732754148556974,-0.005962138597403029,-0.02199822310205608,-0.026603571423507985
0.3234358778008021,0.03736138411666229,-0.04622160056314234,-0.1581901044173681,0.009922982263154419,0.09775565514098128,-0.38761902513774676,-0.4702458047438519,0.04215494478742578,-0.08335834744183068,0.05037039272978258,0.09209836341826373,0.023079805061280764,0.3548287259828692,0.09992862647477843
0.19870511715761405,-0.021973772168529252,-0.10456111091784831,-0.13859424431272585,-0.008054117846408087,0.5482873255080175,0.4369187778870259,0.34328185414132967,-0.004075287139587599,-0.14925499256057942,0.09934465484424695,0.1271225793749112,0.033905002770826045,0.44952978371973895,0.14254738669436934
