,train_f5_mae,train_f5_rmse,train_x1tox8_mae,train_x1tox8_rmse,total_train_loss,l1_weight_loss,l2_weight_loss,l1_bias_loss,l2_bias_loss
0,1.2057170271873474,1.3675661832094193,0.7892817668616772,1.0870090164244175,2.0277991965413094,0.032800410175696015,0.0,0.0,0.0
1,1.1663287468254566,1.3185016326606274,0.7590781785547733,1.0404338613152504,1.9578927233815193,0.03248580312356353,0.0,0.0,0.0
2,1.121522344648838,1.269891981035471,0.7349378727376461,0.9986909776926041,1.8886280208826065,0.032167802564799786,0.0,0.0,0.0
3,1.0829812064766884,1.2391113564372063,0.734577476978302,0.9714553244411945,1.8494688495993614,0.03191014705225825,0.0,0.0,0.0
4,1.0518819503486156,1.2130406312644482,0.7397676259279251,0.9503628127276897,1.8233721777796745,0.03172260010614991,0.0,0.0,0.0
5,1.0236435681581497,1.1815458871424198,0.7439885195344687,0.9371375478804111,1.7991962060332298,0.03156414604745805,0.0,0.0,0.0
6,0.996018324047327,1.1629803702235222,0.7506601698696613,0.9319687522947788,1.778064802289009,0.031386304181069136,0.0,0.0,0.0
7,0.96652652323246,1.1396779268980026,0.7584392167627811,0.9221175797283649,1.7561813220381737,0.03121557109989226,0.0,0.0,0.0
8,0.9390984028577805,1.1271041966974735,0.7673630639910698,0.9282330274581909,1.7375050261616707,0.03104353486560285,0.0,0.0,0.0
9,0.9113958366215229,1.0980965793132782,0.7785371281206608,0.9267647974193096,1.7207883670926094,0.030855392920784652,0.0,0.0,0.0
10,0.8850198332220316,1.0626195035874844,0.7911956086754799,0.9287275411188602,1.706882692873478,0.030667234444990754,0.0,0.0,0.0
11,0.8602942489087582,1.0639268569648266,0.8025752902030945,0.9287691973149776,1.6933680176734924,0.030498480540700257,0.0,0.0,0.0
12,0.8418438769876957,1.0153067894279957,0.811719287186861,0.9384399615228176,1.6839523166418076,0.030389137798920274,0.0,0.0,0.0
13,0.826808413490653,1.0437679030001163,0.8189477734267712,0.94307691603899,1.6760997623205185,0.030343578080646694,0.0,0.0,0.0
14,0.8128337729722261,1.0251858420670033,0.8263826910406351,0.9550699442625046,1.6695118844509125,0.03029541578143835,0.0,0.0,0.0
15,0.7988774180412292,1.0434558894485235,0.8345697745680809,0.9592614732682705,1.6636932045221329,0.030246014124713838,0.0,0.0,0.0
16,0.7853609342128038,1.0310849230736494,0.8428736254572868,0.9698421731591225,1.6584294587373734,0.030194922699593008,0.0,0.0,0.0
17,0.7764563150703907,1.0198830142617226,0.8469832874834538,0.9763279370963573,1.6535775512456894,0.03013797360472381,0.0,0.0,0.0
18,0.7688463293015957,1.025209916755557,0.8502667583525181,0.9848304912447929,1.6491923108696938,0.030079212272539735,0.0,0.0,0.0
19,0.7642399612814188,1.0312302950769663,0.8524892590939999,0.9834247529506683,1.6467474400997162,0.030018224264495075,0.0,0.0,0.0
20,0.7613501101732254,1.0433495603501797,0.8530462011694908,0.9862456619739532,1.6443505436182022,0.02995423716492951,0.0,0.0,0.0
21,0.7608043756335974,1.025351682677865,0.8520323447883129,0.9859594479203224,1.64272440969944,0.029887675191275775,0.0,0.0,0.0
22,0.7609473057091236,1.0516868270933628,0.8497034795582294,0.9807305634021759,1.6404698714613914,0.02981907711364329,0.0,0.0,0.0
23,0.7622652035206556,1.05135652795434,0.8468080908060074,0.9758330136537552,1.6388228088617325,0.02974954212550074,0.0,0.0,0.0
24,0.7633958477526903,1.0452661700546741,0.8443115390837193,0.9752769507467747,1.6373869553208351,0.029679578496143222,0.0,0.0,0.0
25,0.763642555102706,1.0607840958982706,0.8427915871143341,0.9655919708311558,1.636043630540371,0.02960949914995581,0.0,0.0,0.0
26,0.764373853802681,1.0742720812559128,0.8411419913172722,0.9747242406010628,1.6350545138120651,0.029538684408180416,0.0,0.0,0.0
27,0.7640794795006514,1.061312137171626,0.8397896513342857,0.9740096442401409,1.6333369761705399,0.02946784533560276,0.0,0.0,0.0
28,0.7639654614031315,1.0654643550515175,0.8384622186422348,0.9705845415592194,1.6318235099315643,0.029395844670943916,0.0,0.0,0.0
29,0.7669001035392284,1.0446411352604628,0.834195289760828,0.9591082483530045,1.630420669913292,0.029325282317586243,0.0,0.0,0.0
30,0.7698014443740249,1.0229385290294886,0.830295093357563,0.9646481685340405,1.6293826326727867,0.029286093777045608,0.0,0.0,0.0
31,0.7697763480246067,1.0775166768580675,0.8283475674688816,0.9588921293616295,1.627355895936489,0.029231983236968517,0.0,0.0,0.0
32,0.7731257099658251,1.0558265931904316,0.8236002177000046,0.9542372450232506,1.6259269416332245,0.029201002442277968,0.0,0.0,0.0
33,0.7748831138014793,1.0748540628701448,0.8199037648737431,0.9434489421546459,1.6239472851157188,0.029160388046875596,0.0,0.0,0.0
34,0.7776290643960238,1.0842091925442219,0.8149904198944569,0.9484682194888592,1.6217455342411995,0.02912605192977935,0.0,0.0,0.0
35,0.7792107667773962,1.1049422454088926,0.8107244949787855,0.9353980608284473,1.6190202236175537,0.02908494439907372,0.0,0.0,0.0
36,0.7785134240984917,1.095996467396617,0.8090001903474331,0.9363466240465641,1.6165322288870811,0.02901863493025303,0.0,0.0,0.0
37,0.7803557235747576,1.0693880952894688,0.8042812086641788,0.9237878583371639,1.613613910973072,0.028976974659599364,0.0,0.0,0.0
38,0.7857610918581486,1.0933675449341536,0.7953026928007603,0.9269245527684689,1.6100285276770592,0.02896471437998116,0.0,0.0,0.0
39,0.7901325635612011,1.1199932843446732,0.7871466316282749,0.9166912287473679,1.6062211953103542,0.028942005592398345,0.0,0.0,0.0
40,0.7938155103474855,1.1122413724660873,0.7779849544167519,0.9151224792003632,1.6007245630025864,0.02892411733046174,0.0,0.0,0.0
41,0.8001525960862637,1.1421255506575108,0.765960369259119,0.9007517769932747,1.5950326398015022,0.02891968679614365,0.0,0.0,0.0
42,0.8060258980840445,1.1466317027807236,0.752936314791441,0.887956727296114,1.5878805592656136,0.028918346506543458,0.0,0.0,0.0
43,0.8125704443082213,1.1558449901640415,0.7371973693370819,0.880007479339838,1.5786921083927155,0.028924301965162158,0.0,0.0,0.0
44,0.8236676510423422,1.1520817838609219,0.714168032631278,0.8607262223958969,1.5668103024363518,0.028974628425203264,0.0,0.0,0.0
45,0.835805831477046,1.155588949099183,0.6848173812031746,0.8442669957876205,1.5496716424822807,0.0290484280558303,0.0,0.0,0.0
46,0.8484437447041273,1.1851565688848495,0.6504436731338501,0.8288418836891651,1.5280311182141304,0.029143688385374844,0.0,0.0,0.0
47,0.858464015647769,1.1654672734439373,0.616132652387023,0.7971469089388847,1.5038223639130592,0.02922567760106176,0.0,0.0,0.0
48,0.8581223599612713,1.1730828061699867,0.5902614071965218,0.7875944711267948,1.477603055536747,0.029219262301921844,0.0,0.0,0.0
49,0.857036666944623,1.1739027108997107,0.5611578971147537,0.766541501507163,1.4474076963961124,0.02921313140541315,0.0,0.0,0.0
50,0.8521535117179155,1.1833917554467916,0.540746046230197,0.7490786239504814,1.4220697209239006,0.029170174850150943,0.0,0.0,0.0
51,0.8430648408830166,1.1855207234621048,0.5254113934934139,0.7399022169411182,1.3975791484117508,0.029102936619892716,0.0,0.0,0.0
52,0.8362608812749386,1.1469604074954987,0.5076329000294209,0.7209067493677139,1.3729474246501923,0.02905364439357072,0.0,0.0,0.0
53,0.8292378019541502,1.1730339527130127,0.4899917524307966,0.7066792603582144,1.3482308462262154,0.02900127845350653,0.0,0.0,0.0
54,0.8237445894628763,1.1698200218379498,0.46851328015327454,0.6926210001111031,1.3212359994649887,0.02897812717128545,0.0,0.0,0.0
55,0.8193192407488823,1.1719206050038338,0.44473662972450256,0.6755990609526634,1.2930312976241112,0.028975416207686067,0.0,0.0,0.0
56,0.8119659312069416,1.1702260188758373,0.42358880676329136,0.65488675609231,1.264488097280264,0.028933365712873638,0.0,0.0,0.0
57,0.8012607432901859,1.169568419456482,0.4076915867626667,0.6403986010700464,1.2377936094999313,0.02884127979632467,0.0,0.0,0.0
58,0.7929814979434013,1.15563097409904,0.392015615478158,0.625275507569313,1.2137644030153751,0.028767313109710813,0.0,0.0,0.0
59,0.7864311840385199,1.1604386381804943,0.3756133243441582,0.6113604363054037,1.190743699669838,0.028699182090349495,0.0,0.0,0.0
60,0.7814620919525623,1.1383952423930168,0.35912802815437317,0.5971123240888119,1.1692250296473503,0.028634912916459143,0.0,0.0,0.0
61,0.7754463292658329,1.137575052678585,0.3477069912478328,0.5836028140038252,1.151694905012846,0.028541612206026912,0.0,0.0,0.0
62,0.7700433917343616,1.1089954171329737,0.3385207913815975,0.5720825381577015,1.137021578848362,0.02845739235635847,0.0,0.0,0.0
63,0.7655378263443708,1.1176189770922065,0.33021671138703823,0.5551835540682077,1.1241322942078114,0.028377749607898295,0.0,0.0,0.0
64,0.7617098186165094,1.1340127065777779,0.32257747836411,0.5436646454036236,1.112594150006771,0.028306819032877684,0.0,0.0,0.0
65,0.7585155386477709,1.0939174015074968,0.31376641895622015,0.5327888876199722,1.1005166657269,0.028234697529114783,0.0,0.0,0.0
66,0.755218081176281,1.118833888322115,0.30500422790646553,0.5191939361393452,1.0883918590843678,0.02816955535672605,0.0,0.0,0.0
67,0.7523315940052271,1.0907587241381407,0.29667211417108774,0.5059783291071653,1.0771144330501556,0.02811070845928043,0.0,0.0,0.0
68,0.7494950834661722,1.1193801388144493,0.2879319600760937,0.49223391339182854,1.065480813384056,0.028053778340108693,0.0,0.0,0.0
69,0.7461774162948132,1.1238329820334911,0.2793587474152446,0.4782980252057314,1.0535392127931118,0.028003033949062228,0.0,0.0,0.0
70,0.7434044443070889,1.1134560648351908,0.2702924981713295,0.46512641571462154,1.041650079190731,0.02795314067043364,0.0,0.0,0.0
71,0.7405231092125177,1.0961544159799814,0.26135801430791616,0.4511628821492195,1.029789425432682,0.02790829469449818,0.0,0.0,0.0
72,0.7379643190652132,1.0908537991344929,0.2520379568450153,0.43543365970253944,1.0178673192858696,0.02786503708921373,0.0,0.0,0.0
73,0.7353759128600359,1.0678948797285557,0.242849831469357,0.42315944842994213,1.0060517080128193,0.027825973578728735,0.0,0.0,0.0
74,0.7325489297509193,1.0795980654656887,0.23338576685637236,0.4065979663282633,0.9937224239110947,0.027787742437794805,0.0,0.0,0.0
75,0.730119570158422,1.041105761192739,0.22354029025882483,0.3956325463950634,0.9814093001186848,0.027749437605962157,0.0,0.0,0.0
76,0.7273237947374582,1.077454723417759,0.21405011508613825,0.3833473641425371,0.9690905660390854,0.027716652606613934,0.0,0.0,0.0
77,0.7246734220534563,1.0480208992958069,0.20338104758411646,0.366202037781477,0.9557382836937904,0.027683816151693463,0.0,0.0,0.0
78,0.7226198576390743,1.0561465471982956,0.1932176067493856,0.35253223311156034,0.9434950053691864,0.027657529688440263,0.0,0.0,0.0
79,0.7201306857168674,1.0624499879777431,0.18209848459810019,0.3389295320957899,0.9298563674092293,0.02762719802558422,0.0,0.0,0.0
80,0.7178291399031878,1.0420564394444227,0.17102869180962443,0.32175925094634295,0.9164576083421707,0.027599775814451277,0.0,0.0,0.0
81,0.7163889985531569,1.028329599648714,0.1596596366725862,0.30851677246391773,0.9036224707961082,0.02757384581491351,0.0,0.0,0.0
82,0.7142808400094509,1.0592363625764847,0.15180008439347148,0.2939267670735717,0.8936213776469231,0.027540450799278915,0.0,0.0,0.0
83,0.7129685804247856,1.0405212230980396,0.14396275067701936,0.27937623765319586,0.884435024112463,0.0275036838138476,0.0,0.0,0.0
84,0.7119709216058254,0.9809437971562147,0.13628507079556584,0.26634847186505795,0.8757263608276844,0.027470360975712538,0.0,0.0,0.0
85,0.710240725427866,0.9785141004249454,0.128276857547462,0.25066935922950506,0.8659562040120363,0.027438619756139815,0.0,0.0,0.0
86,0.7088128253817558,1.0177930314093828,0.11996080400422215,0.23703212570399046,0.856182087212801,0.027408461668528616,0.0,0.0,0.0
87,0.7077647857367992,1.0103224236518145,0.11199771892279387,0.2223519142717123,0.8471442013978958,0.02738169056829065,0.0,0.0,0.0
88,0.7063002362847328,0.9964746572077274,0.10324486112222075,0.20676341000944376,0.8368986546993256,0.027353556011803448,0.0,0.0,0.0
89,0.7049665730446577,1.0203050300478935,0.09502237942069769,0.1897319434210658,0.8273191377520561,0.027330176439136267,0.0,0.0,0.0
90,0.7042561136186123,0.9724917039275169,0.08633875311352313,0.17355404188856483,0.8179004210978746,0.0273055552970618,0.0,0.0,0.0
91,0.7038131207227707,1.0128800049424171,0.07708649057894945,0.16092535154893994,0.8081817962229252,0.027282195980660617,0.0,0.0,0.0
92,0.7034307066351175,0.9905747547745705,0.06797067914158106,0.1462743552401662,0.798662144690752,0.027260757284238935,0.0,0.0,0.0
93,0.7027530781924725,0.9902510270476341,0.05835527274757624,0.12995189148932695,0.7883497551083565,0.027241394738666713,0.0,0.0,0.0
94,0.7022164911031723,0.9971233084797859,0.04913113475777209,0.1145631680265069,0.7785722222179174,0.02722460695076734,0.0,0.0,0.0
95,0.7017221003770828,0.9617144092917442,0.03982881223782897,0.10136685008183122,0.768755042925477,0.02720414102077484,0.0,0.0,0.0
96,0.7009997963905334,0.9941365160048008,0.033700501546263695,0.08936439687386155,0.7618771623820066,0.027176863397471607,0.0,0.0,0.0
97,0.7005205750465393,0.9756742678582668,0.027882712427526712,0.07759109581820667,0.7555511016398668,0.027147816377691925,0.0,0.0,0.0
98,0.7000782173126936,0.973810538649559,0.0223006826126948,0.0666581925470382,0.7494998089969158,0.02712091791909188,0.0,0.0,0.0
99,0.699349220842123,0.9720740281045437,0.01820549851981923,0.05775951244868338,0.7446439638733864,0.027089246083050966,0.0,0.0,0.0
100,0.6991205476224422,0.9846812672913074,0.015538635954726487,0.04853049828670919,0.7417124807834625,0.027053296915255487,0.0,0.0,0.0
101,0.6984126046299934,0.968753807246685,0.014145561959594488,0.04014549474231899,0.7395796477794647,0.02702147315721959,0.0,0.0,0.0
102,0.6979310214519501,0.9803018160164356,0.010002500261180103,0.031135166063904762,0.7349211405962706,0.02698761923238635,0.0,0.0,0.0
103,0.6975926980376244,0.9424552042037249,0.007202223321655765,0.022245661355555058,0.7317521516233683,0.02695723995566368,0.0,0.0,0.0
104,0.6969047393649817,0.9620691407471895,0.005016358831198886,0.013426763354800642,0.7288484256714582,0.026927340193651617,0.0,0.0,0.0
105,0.6964871548116207,0.9768831077963114,0.0026425928517710418,0.004992785499780439,0.7260255217552185,0.02689578349236399,0.0,0.0,0.0
106,0.6960701253265142,0.9618372172117233,0.0015376257215393707,0.002008696352277184,0.7244716826826334,0.02686393423937261,0.0,0.0,0.0
107,0.6958278343081474,0.9469182901084423,0.000956475345446961,0.0011541640560608357,0.7236128691583872,0.02682856109458953,0.0,0.0,0.0
108,0.6952804643660784,0.9417117964476347,0.0009568690256855916,0.0011353842710377648,0.7230300158262253,0.026792667689733207,0.0,0.0,0.0
109,0.6949187628924847,0.9587723109871149,0.0005901596359763062,0.0007185669164755382,0.7222680151462555,0.026759084197692573,0.0,0.0,0.0
110,0.6945836525410414,0.9875501357018948,0.0006505203673441429,0.0008025394454307389,0.7219595033675432,0.02672533004079014,0.0,0.0,0.0
111,0.6941811870783567,0.9612510595470667,0.0008132485836540582,0.0010128709163836902,0.7216852195560932,0.02669079217594117,0.0,0.0,0.0
112,0.6940577961504459,0.9497748129069805,0.0007680042781430529,0.0009784804606169928,0.721483314409852,0.026657517650164664,0.0,0.0,0.0
113,0.6936372183263302,0.9470005705952644,0.000881933674463653,0.001069657904736232,0.7211429309099913,0.026623775134794414,0.0,0.0,0.0
114,0.6933574844151735,0.9649985879659653,0.0007177844527177513,0.0009009920941025484,0.7206659130752087,0.02659065613988787,0.0,0.0,0.0
115,0.6932093426585197,0.9288263525813818,0.0006066814457881264,0.0007764715410303324,0.7203742489218712,0.026558211771771312,0.0,0.0,0.0
116,0.6928355917334557,0.9358699508011341,0.0006952488110982813,0.0008317068350152113,0.7200561612844467,0.026525329099968076,0.0,0.0,0.0
117,0.6925317384302616,0.9366649873554707,0.000685006940329913,0.0008313674643432023,0.7197102457284927,0.02649351069703698,0.0,0.0,0.0
118,0.6921338252723217,0.951989121735096,0.0011954995316045824,0.0014390294527402148,0.7197915818542242,0.026462259818799794,0.0,0.0,0.0
119,0.6919525694102049,0.947037223726511,0.0022254438626987394,0.0025947042486222927,0.7206069957464933,0.026428973651491106,0.0,0.0,0.0
120,0.6918022762984037,0.935293385758996,0.0019185244564141612,0.0022597843562834896,0.7201216686517,0.026400869013741612,0.0,0.0,0.0
121,0.6913687959313393,0.9525183998048306,0.0014636361374869011,0.0017414989197277464,0.7192030008882284,0.026370571926236153,0.0,0.0,0.0
122,0.6910977531224489,0.9185013063251972,0.0012068374344380572,0.0013711342944588978,0.7186438422650099,0.02633924491237849,0.0,0.0,0.0
123,0.6911306269466877,0.939405282959342,0.0006031425746186869,0.0006988110435486306,0.7180445846170187,0.026310824556276202,0.0,0.0,0.0
124,0.6907172612845898,0.919459180906415,0.0009725381660246057,0.0011761491950892378,0.7179709784686565,0.026281177648343146,0.0,0.0,0.0
125,0.6904538664966822,0.9185118675231934,0.0007564465195173398,0.0009356185364595149,0.7174625098705292,0.026252198731526732,0.0,0.0,0.0
126,0.6902597397565842,0.9444541074335575,0.0008239458366006147,0.0010361899148847442,0.7173056174069643,0.02622194297146052,0.0,0.0,0.0
127,0.6901552341878414,0.932423597201705,0.0006030455006111879,0.0007635784149897518,0.7169502303004265,0.026191951939836144,0.0,0.0,0.0
128,0.6900092791765928,0.9273551814258099,0.0006102765855757752,0.000772830520872958,0.7167827542871237,0.026163196191191673,0.0,0.0,0.0
129,0.689876202493906,0.936365956440568,0.0006554242645506747,0.0008067173839663155,0.7166653703898191,0.026133739738725126,0.0,0.0,0.0
130,0.689601045101881,0.9321107473224401,0.0007624529243912548,0.0009209337422362296,0.7164688352495432,0.02610532834660262,0.0,0.0,0.0
131,0.6894012484699488,0.9441094547510147,0.0004996147345082136,0.0005952930732746609,0.7159774359315634,0.026076566893607378,0.0,0.0,0.0
132,0.6892145797610283,0.9136341623961926,0.0004551722067844821,0.0005736407129006693,0.7157173231244087,0.02604757237713784,0.0,0.0,0.0
133,0.6891302019357681,0.9507860243320465,0.0005544999658013694,0.0007067974493111251,0.7157037872821093,0.026019086479209363,0.0,0.0,0.0
134,0.6889592874795198,0.9344373382627964,0.0007774793466523988,0.0009680483090050984,0.7157274894416332,0.025990717229433358,0.0,0.0,0.0
135,0.6887522172182798,0.9178061112761497,0.0009588790817360859,0.0012220974349475,0.7156733963638544,0.025962294545024633,0.0,0.0,0.0
136,0.6886093728244305,0.9407953321933746,0.0007469929314538604,0.0009060076063178713,0.7152905464172363,0.025934182573109865,0.0,0.0,0.0
137,0.688536399975419,0.9124643318355083,0.000729718825823511,0.0008936956037359778,0.7151717767119408,0.02590566861908883,0.0,0.0,0.0
138,0.6883615218102932,0.9093130100518465,0.0010687215126381489,0.0012718831439997302,0.7153072729706764,0.025877029402181506,0.0,0.0,0.0
139,0.6883153133094311,0.9237891472876072,0.0009439616642339388,0.0011424018448451534,0.7151105422526598,0.025851260172203183,0.0,0.0,0.0
140,0.687990128993988,0.9245825260877609,0.001706334469417925,0.001978256732400041,0.7155198063701391,0.025823345873504877,0.0,0.0,0.0
141,0.6880580373108387,0.9198520891368389,0.0018107124560629018,0.0021036440593888983,0.7156663518399,0.025797604001127183,0.0,0.0,0.0
142,0.6876618061214685,0.9188058972358704,0.0011994154046988115,0.0014463025727309287,0.7146321963518858,0.025770970387384295,0.0,0.0,0.0
143,0.6875175461173058,0.92144157551229,0.0011327951106068213,0.0013389652231126092,0.714395459741354,0.025745119783096015,0.0,0.0,0.0
144,0.6876630149781704,0.9255522172898054,0.0009493826910329517,0.0011366270955477376,0.7143333666026592,0.025720967329107225,0.0,0.0,0.0
145,0.6871895175427198,0.9131465908139944,0.002396618412603857,0.0027908436059078667,0.7152814250439405,0.025695289368741214,0.0,0.0,0.0
146,0.6871738340705633,0.8984647616744041,0.0015494382423639763,0.0017950641667994205,0.7143939901143312,0.025670701754279435,0.0,0.0,0.0
147,0.6871780846267939,0.9131223596632481,0.00082154478332086,0.00100754707455053,0.713643629103899,0.02564400597475469,0.0,0.0,0.0
148,0.6870787814259529,0.9328279495239258,0.0005639947594318073,0.000697987396051758,0.7132617458701134,0.02561896701809019,0.0,0.0,0.0
149,0.6871436182409525,0.927332678809762,0.0004323489556554705,0.0005671801645803498,0.7131699472665787,0.02559398696757853,0.0,0.0,0.0
150,0.6871198117733002,0.8970898054540157,0.0007158857843023725,0.0008913197707443032,0.7134038992226124,0.02556820574682206,0.0,0.0,0.0
151,0.6871079429984093,0.9126380905508995,0.001094357645342825,0.0012983287779206876,0.7137435991317034,0.025541291455738246,0.0,0.0,0.0
152,0.6870183013379574,0.9368021748960018,0.001367444767311099,0.0016358801349269925,0.7139024492353201,0.02551670535467565,0.0,0.0,0.0
153,0.687017435207963,0.9228186998516321,0.0013481050882546697,0.0015797241212567315,0.7138587050139904,0.025493158493191004,0.0,0.0,0.0
154,0.6872462201863527,0.9016732424497604,0.0008209338375309017,0.0009997788547480013,0.7135337144136429,0.02546655898913741,0.0,0.0,0.0
155,0.6871157269924879,0.9310613200068474,0.0005678743655153085,0.0006835819513071328,0.7131245695054531,0.025440957862883806,0.0,0.0,0.0
156,0.6869337372481823,0.9068407956510782,0.0009281301427108701,0.0010759700235212222,0.713277181610465,0.02541531133465469,0.0,0.0,0.0
157,0.6870157886296511,0.9385628961026669,0.001068646612111479,0.0012619136869034264,0.7134752925485373,0.025390854221768677,0.0,0.0,0.0
158,0.6870065275579691,0.9167868867516518,0.0004904755260213278,0.0006162617100926582,0.712863290682435,0.02536629547830671,0.0,0.0,0.0
159,0.6869928855448961,0.9169983975589275,0.00048059970504255034,0.0006252253024285892,0.7128156665712595,0.025342176435515285,0.0,0.0,0.0
160,0.6869227755814791,0.9038112536072731,0.000554986572751659,0.0006782521122659091,0.7127953916788101,0.02531763177830726,0.0,0.0,0.0
161,0.6869292035698891,0.8922206740826368,0.0005993218255753163,0.0007346616002905648,0.7128208670765162,0.02529233566019684,0.0,0.0,0.0
162,0.686902116984129,0.9372901991009712,0.0007437037911586231,0.0008994848740258021,0.7129141800105572,0.025268369005061686,0.0,0.0,0.0
163,0.6868516560643911,0.9211637377738953,0.0008137427976180334,0.0009555663255014224,0.712909271940589,0.025243871263228357,0.0,0.0,0.0
164,0.6868959479033947,0.8966296724975109,0.0005225300483289175,0.000624904776486801,0.712637772783637,0.02521929459180683,0.0,0.0,0.0
165,0.6868396289646626,0.9161567930132151,0.0003468179602350574,0.00044256626915739616,0.7123814690858126,0.025195011286996305,0.0,0.0,0.0
166,0.6868348084390163,0.9130634646862745,0.00041747971135919215,0.0005522264364117291,0.7124224007129669,0.025170109351165593,0.0,0.0,0.0
167,0.6867824848741293,0.9044550210237503,0.0004981703023076989,0.0006338775656331563,0.7124264054000378,0.02514574839733541,0.0,0.0,0.0
168,0.6868293285369873,0.9094514474272728,0.0006780800649721641,0.0008439601861027768,0.7126280684024096,0.025120658334344625,0.0,0.0,0.0
169,0.686902604997158,0.9004325866699219,0.0009020125726237893,0.0011018884397344664,0.712900772690773,0.025096167344599962,0.0,0.0,0.0
170,0.6867561396211386,0.9157062694430351,0.000496994400236872,0.0006401608497981215,0.7123253736644983,0.025072231306694448,0.0,0.0,0.0
171,0.6867167502641678,0.91567088291049,0.0005715977622458013,0.0007264690848387545,0.7123357988893986,0.025047460687346756,0.0,0.0,0.0
172,0.686739306896925,0.9222849681973457,0.0005575127524934942,0.0007063548146106768,0.7123189978301525,0.02502218133304268,0.0,0.0,0.0
173,0.6868165787309408,0.9212694801390171,0.0004970290301571367,0.0006328144972940208,0.7123113535344601,0.024997755885124207,0.0,0.0,0.0
174,0.6867366433143616,0.9282938726246357,0.000464113774796715,0.0005757732415077044,0.7121735997498035,0.02497283846605569,0.0,0.0,0.0
175,0.6867059636861086,0.9184896890074015,0.0005406512500485405,0.0006702079772367142,0.7121948301792145,0.024948216159828007,0.0,0.0,0.0
176,0.6867676079273224,0.9111318849027157,0.0009271795534004923,0.001098199725674931,0.7126188538968563,0.024924065684899688,0.0,0.0,0.0
177,0.6866865083575249,0.9016648381948471,0.0006317776405921904,0.0007506172860303195,0.7122174147516489,0.024899141397327185,0.0,0.0,0.0
178,0.6866453625261784,0.9201617911458015,0.00037536547461058944,0.0004680158417613711,0.7118952330201864,0.024874503491446376,0.0,0.0,0.0
179,0.6867287512868643,0.9273169375956059,0.00040343239197682124,0.0004917063961329404,0.7119824830442667,0.024850295041687787,0.0,0.0,0.0
180,0.6866593100130558,0.8991211876273155,0.00039293071677093394,0.00047977615577110555,0.7118778824806213,0.02482564188539982,0.0,0.0,0.0
181,0.6867058798670769,0.919091684743762,0.0007425678886647802,0.0009162299829768017,0.7122487127780914,0.024800272774882615,0.0,0.0,0.0
182,0.6867331899702549,0.9213912058621645,0.0004440286284079775,0.0005585948565567378,0.711952518671751,0.024775295052677393,0.0,0.0,0.0
183,0.6866145171225071,0.9158160984516144,0.00039166245278465794,0.0004887021968897898,0.7117570694535971,0.024750895681791008,0.0,0.0,0.0
184,0.6866477746516466,0.906344136223197,0.0003799011428782251,0.00048111941941897385,0.7117547150701284,0.024727044044993818,0.0,0.0,0.0
185,0.6868842784315348,0.9068282134830952,0.000528310782101471,0.000661973132082494,0.7121141366660595,0.024701543268747628,0.0,0.0,0.0
186,0.6865990422666073,0.921485748142004,0.0008735716291994322,0.0011106367346656043,0.7121502254158258,0.024677618639543653,0.0,0.0,0.0
187,0.6864959970116615,0.9196878168731928,0.0007201655280368868,0.0009271845774492249,0.7118688449263573,0.024652690393850207,0.0,0.0,0.0
188,0.6865693032741547,0.9228738956153393,0.0006079934246372432,0.0007840997168386821,0.7118048500269651,0.024627555045299232,0.0,0.0,0.0
189,0.6866174340248108,0.9129371885210276,0.0007196665210358333,0.0008945041245169705,0.7119395118206739,0.024602417834103107,0.0,0.0,0.0
190,0.6865454688668251,0.9009195528924465,0.0009050989010574995,0.0010652306773408782,0.712028382346034,0.02457782975398004,0.0,0.0,0.0
191,0.6865681894123554,0.9127827323973179,0.0011120075178041589,0.001321505538726342,0.7122334465384483,0.024553245049901307,0.0,0.0,0.0
192,0.6865311674773693,0.9142956640571356,0.0005513738542504143,0.0006835625790699851,0.7116109300404787,0.024528389098122716,0.0,0.0,0.0
193,0.6865378506481647,0.9003811627626419,0.0005602473102044314,0.0006687322838843102,0.7116019409149885,0.024503843626007438,0.0,0.0,0.0
194,0.6864749602973461,0.89334318600595,0.0003642105311882915,0.0004490857354539912,0.711318776011467,0.024479589774273336,0.0,0.0,0.0
195,0.6864903904497623,0.9010976031422615,0.0004545708816294791,0.000576324004214257,0.7114003673195839,0.024455403327010572,0.0,0.0,0.0
196,0.686482235789299,0.9050234239548445,0.000753044188968488,0.000930615897232201,0.7116656396538019,0.024430362158454955,0.0,0.0,0.0
197,0.6864469759166241,0.9119368549436331,0.00044696262739307713,0.0005614862093352713,0.7112996764481068,0.024405744043178856,0.0,0.0,0.0
198,0.6866086013615131,0.9118750728666782,0.00041652661820990033,0.000522139722306747,0.7114074435085058,0.024382316507399082,0.0,0.0,0.0
199,0.6864327546209097,0.9061782285571098,0.0006112711162131745,0.0007314287176996004,0.7114010732620955,0.02435704634990543,0.0,0.0,0.0
200,0.6864316035062075,0.9034618381410837,0.00039083828232833184,0.0004825301084565581,0.711154343560338,0.024331902037374675,0.0,0.0,0.0
201,0.6863788850605488,0.9246764145791531,0.0006408969766198425,0.0007824244366929634,0.7113270405679941,0.024307265994139016,0.0,0.0,0.0
202,0.6864222269505262,0.8837357945740223,0.00046047172691032756,0.0005685876531060785,0.7111658286303282,0.02428312471602112,0.0,0.0,0.0
203,0.6863461676985025,0.8996392488479614,0.0006448426574934274,0.0007721665479039075,0.7112493589520454,0.024258342804387212,0.0,0.0,0.0
204,0.6864262018352747,0.9152749665081501,0.0007190625074144918,0.0008813386120891664,0.7113794200122356,0.02423415903467685,0.0,0.0,0.0
205,0.686290031298995,0.9175009690225124,0.0009295302716054721,0.0011324605311529012,0.7114292755723,0.02420971915125847,0.0,0.0,0.0
206,0.6865529716014862,0.8994626253843307,0.0009829552291193977,0.001204120122565655,0.7117217406630516,0.024185823276638985,0.0,0.0,0.0
207,0.6863331608474255,0.9002329036593437,0.0013779157488897908,0.0016386377210437786,0.7118730768561363,0.024162008543498814,0.0,0.0,0.0
208,0.6863665916025639,0.9140416420996189,0.0011345918701408664,0.0013715686200157506,0.7116387449204922,0.024137553526088595,0.0,0.0,0.0
209,0.6862928289920092,0.9023936279118061,0.0010320228029740974,0.0012508104118751362,0.7114370428025723,0.024112198152579367,0.0,0.0,0.0
210,0.6863061767071486,0.9087247159332037,0.0010218934949079994,0.0012689347640844062,0.7114170473068953,0.024088975857011974,0.0,0.0,0.0
211,0.6863054390996695,0.9110317602753639,0.0009191983808705118,0.0011128095648018643,0.711290467530489,0.02406583190895617,0.0,0.0,0.0
212,0.6862407028675079,0.8746882062405348,0.00045480461631086655,0.0005451534398162039,0.7107378952205181,0.024042378063313663,0.0,0.0,0.0
213,0.6862879544496536,0.9147913455963135,0.00047371066102641635,0.0005704565419364371,0.7107819244265556,0.024020255892537534,0.0,0.0,0.0
214,0.6862297039479017,0.9030434340238571,0.00043217481561441673,0.0005464368841785472,0.7106631901115179,0.024001313839107752,0.0,0.0,0.0
215,0.686229083687067,0.9097745586186647,0.0005646453209919855,0.0006952878757147118,0.7107763215899467,0.02398258598987013,0.0,0.0,0.0
216,0.6863203123211861,0.9173048567026854,0.0006198148057592334,0.0007696581888012588,0.7109049689024687,0.02396484953351319,0.0,0.0,0.0
217,0.68638233281672,0.9033637940883636,0.0004755330755870091,0.0006335316957120085,0.7108026836067438,0.023944825865328312,0.0,0.0,0.0
218,0.686264293268323,0.9013604335486889,0.0004331769905547844,0.0005435445218608947,0.7106240354478359,0.023926576832309365,0.0,0.0,0.0
219,0.6862086709588766,0.8915414288640022,0.0011938640509470133,0.0014072993653826416,0.71131088770926,0.023908360162749887,0.0,0.0,0.0
220,0.6862592864781618,0.9114278480410576,0.000944909690588247,0.0011164121260662796,0.7110940180718899,0.023889819160103798,0.0,0.0,0.0
221,0.6862287521362305,0.8986978176981211,0.0007779652987665031,0.0009205688729707617,0.7108795028179884,0.02387279027607292,0.0,0.0,0.0
222,0.6861807461827993,0.9118312112987041,0.0007675927699892782,0.000927119097468676,0.710801100358367,0.02385276067070663,0.0,0.0,0.0
223,0.6862253118306398,0.89389917999506,0.0006978461324251839,0.0008574525145377265,0.7107584401965141,0.023835280677303672,0.0,0.0,0.0
224,0.6862377598881721,0.9051330089569092,0.0008292800066556083,0.0009934423032973427,0.7108857501298189,0.023818709421902895,0.0,0.0,0.0
225,0.6861881539225578,0.9064915738999844,0.0004446952962098294,0.0005585634935414419,0.7104322873055935,0.02379944606218487,0.0,0.0,0.0
226,0.686192661523819,0.9290300868451595,0.00033721081672410946,0.0004321552987676114,0.7103104963898659,0.02378062449861318,0.0,0.0,0.0
227,0.6861762907356024,0.9124415442347527,0.0003951163816964254,0.000484072577819461,0.7103334050625563,0.023761997697874904,0.0,0.0,0.0
228,0.6862244810909033,0.9022150095552206,0.0007194989939307561,0.0008544152296963148,0.7106878105551004,0.02374382666312158,0.0,0.0,0.0
229,0.6862080171704292,0.9009686317294836,0.0010467915180925047,0.0012554935419757385,0.7109813336282969,0.023726514540612698,0.0,0.0,0.0
230,0.6862350329756737,0.8980895727872849,0.0006812690990045667,0.0008479435655317502,0.7106242403388023,0.02370792778674513,0.0,0.0,0.0
231,0.6863265261054039,0.9063354097306728,0.0009180868364637718,0.0010785547128762119,0.7109340839087963,0.023689464200288057,0.0,0.0,0.0
232,0.6862252317368984,0.9112138636410236,0.0005606950835499447,0.000717236936907284,0.7104561571031809,0.023670230410061777,0.0,0.0,0.0
233,0.6862336080521345,0.9148743785917759,0.0005656451057802769,0.0006833662482677028,0.7104506585747004,0.023651399882510304,0.0,0.0,0.0
234,0.6861233115196228,0.9063846338540316,0.0005199319803068647,0.000641236525552813,0.7102770749479532,0.02363382384646684,0.0,0.0,0.0
235,0.6863329634070396,0.9039256386458874,0.0005920232961216243,0.0007409268873743713,0.7105403430759907,0.023615350597538054,0.0,0.0,0.0
236,0.6863792706280947,0.906447721645236,0.0007856064912630245,0.0009671559237176552,0.7107622660696507,0.02359739365056157,0.0,0.0,0.0
237,0.686174750328064,0.9174967482686043,0.0005622034859698033,0.0006958160847716499,0.7103171590715647,0.023580208653584123,0.0,0.0,0.0
238,0.6862644981592894,0.9137917533516884,0.0008658558017486939,0.001075333773769671,0.7106920834630728,0.023561724461615086,0.0,0.0,0.0
239,0.6862452886998653,0.8831081409007311,0.0007580033325211843,0.0009114950753428275,0.7105487287044525,0.02354543679393828,0.0,0.0,0.0
240,0.6861630845814943,0.9024286158382893,0.000372109249838104,0.0004918899294352741,0.7100624032318592,0.023527202080003917,0.0,0.0,0.0
241,0.6861263457685709,0.9097786080092192,0.0007221430205390789,0.0008670836468809284,0.7103565074503422,0.023508019279688597,0.0,0.0,0.0
242,0.6862127222120762,0.9128350224345922,0.0008057145714701619,0.0009626812425267417,0.7105072848498821,0.023488849285058677,0.0,0.0,0.0
243,0.6862021749839187,0.9015473257750273,0.0008522213502146769,0.0010158182976738317,0.7105258256196976,0.023471430758945644,0.0,0.0,0.0
244,0.6861171294003725,0.8930654209107161,0.000677798565448029,0.0008029143755265977,0.7102487199008465,0.023453792440705,0.0,0.0,0.0
245,0.686152970418334,0.9055599942803383,0.0007251201204780955,0.0009096818284888286,0.7103145271539688,0.023436433752067387,0.0,0.0,0.0
246,0.6861969884485006,0.9020744003355503,0.0004977416356268805,0.0006580903736903565,0.7101117372512817,0.023417013813741505,0.0,0.0,0.0
247,0.6861440185457468,0.905859949067235,0.0005821829581691418,0.0007272517177625559,0.7101244404911995,0.023398243472911417,0.0,0.0,0.0
248,0.6861979551613331,0.8933860901743174,0.0007055129408399807,0.0008633269244455732,0.7102854158729315,0.023381938342936337,0.0,0.0,0.0
249,0.6862496379762888,0.8983972072601318,0.001068478233719361,0.00129343383378,0.7106807921081781,0.023362675332464278,0.0,0.0,0.0
250,0.6860920283943415,0.8955618813633919,0.0006447955947805895,0.0007896779825387057,0.7100824154913425,0.02334559743758291,0.0,0.0,0.0
251,0.6860626917332411,0.9194184876978397,0.0006738046740792925,0.0008268674391729292,0.7100654095411301,0.02332889987155795,0.0,0.0,0.0
252,0.6861014738678932,0.8763539046049118,0.0005047550966992276,0.0006157292536954628,0.709917675703764,0.023311452008783817,0.0,0.0,0.0
253,0.6861809771507978,0.8998142890632153,0.000666359923343407,0.0007773806337354472,0.71013961173594,0.02329227700829506,0.0,0.0,0.0
254,0.6860835887491703,0.9078385215252638,0.0003379149211468757,0.00041778703416639473,0.7096963785588741,0.02327487908769399,0.0,0.0,0.0
255,0.6861010137945414,0.9165417030453682,0.0006092181129133678,0.0007238084326672833,0.7099681943655014,0.0232579552102834,0.0,0.0,0.0
256,0.6861468348652124,0.9039809927344322,0.000444167743808066,0.0005465338035719469,0.7098294515162706,0.023238445166498423,0.0,0.0,0.0
257,0.6860917434096336,0.9168107323348522,0.0004629880713764578,0.00059297944244463,0.7097766883671284,0.023221947834827006,0.0,0.0,0.0
258,0.6861536428332329,0.8988610878586769,0.0005860504606971517,0.0007477659855794627,0.7099433094263077,0.02320361731108278,0.0,0.0,0.0
259,0.6860566167160869,0.8809697087854147,0.0005342432832549093,0.0006603252713830443,0.7097763484343886,0.023185490514151752,0.0,0.0,0.0
260,0.6860809745267034,0.8878729287534952,0.00054067311793915,0.0006943212974874768,0.7097903732210398,0.02316872274968773,0.0,0.0,0.0
261,0.6861052196472883,0.887078327126801,0.0003974043193011312,0.0005076619872852461,0.7096533812582493,0.023150761611759663,0.0,0.0,0.0
262,0.6861610002815723,0.9041767287999392,0.00038363127623597393,0.0004667618868552381,0.709678141400218,0.023133508046157658,0.0,0.0,0.0
263,0.6860301680862904,0.8991259578615427,0.000502210125887359,0.0006086903322284343,0.7096478883177042,0.023115494870580733,0.0,0.0,0.0
264,0.6859910953789949,0.9202565588057041,0.0006809239857830107,0.0008326369243150111,0.7097701039165258,0.023098087054677308,0.0,0.0,0.0
265,0.6860976573079824,0.9040646590292454,0.0011059371809096774,0.001331705876509659,0.7102837599813938,0.023080162820406258,0.0,0.0,0.0
266,0.685949768871069,0.9095929134637117,0.0010201475452049635,0.001202860556077212,0.7100307252258062,0.023060809122398496,0.0,0.0,0.0
267,0.6860092952847481,0.9123649429529905,0.0008485520111207734,0.0010152965096494881,0.7099018841981888,0.02304403332527727,0.0,0.0,0.0
268,0.6859709899872541,0.9011212065815926,0.0007109120469976915,0.0008684324347996153,0.7097094990313053,0.02302759641315788,0.0,0.0,0.0
269,0.6859968490898609,0.8932094983756542,0.0008297476615553023,0.000988405970929307,0.709836795926094,0.02301020047161728,0.0,0.0,0.0
270,0.6860560197383165,0.908441511914134,0.0007306475381483324,0.00087632481881883,0.7097791880369186,0.02299252396915108,0.0,0.0,0.0
271,0.6864576544612646,0.9087006561458111,0.0005093326799396891,0.0006164676378830336,0.7099441941827536,0.02297720219939947,0.0,0.0,0.0
272,0.6858931817114353,0.8902733065187931,0.0008767681592871668,0.001038655002048472,0.7097300887107849,0.02296014514286071,0.0,0.0,0.0
273,0.6859658323228359,0.8989588543772697,0.0007412955128529575,0.0008662294740133802,0.7096487041562796,0.02294156840071082,0.0,0.0,0.0
274,0.6860176641494036,0.9161950349807739,0.0006545023588842014,0.0007537748988397652,0.7095980774611235,0.0229259030893445,0.0,0.0,0.0
275,0.685947610065341,0.8917402923107147,0.0011899055389221758,0.0014199862926034257,0.7100450582802296,0.022907547187060118,0.0,0.0,0.0
276,0.6858970317989588,0.9180922843515873,0.0009805090448935516,0.0011657540744636208,0.7097664978355169,0.022888957639224827,0.0,0.0,0.0
277,0.685954762622714,0.888591043651104,0.0005700595593225444,0.0006956425349926576,0.7093978766351938,0.022873063571751118,0.0,0.0,0.0
278,0.6859429888427258,0.9135925322771072,0.0005831851485709194,0.0007267062446771888,0.7093822490423918,0.022856076597236097,0.0,0.0,0.0
279,0.6860001049935818,0.9142116438597441,0.0006614735648327041,0.0008138614357449114,0.7094995994120836,0.02283802325837314,0.0,0.0,0.0
280,0.6859416197985411,0.8979821363463998,0.0009311405774496961,0.0011117419053334743,0.7096935855224729,0.022820812766440213,0.0,0.0,0.0
281,0.6859135963022709,0.9123715795576572,0.0009961894247680902,0.001150462598161539,0.7097161039710045,0.02280631719622761,0.0,0.0,0.0
282,0.6859666481614113,0.915063850581646,0.0010286583565175533,0.0012350857286946848,0.7097838222980499,0.02278852742165327,0.0,0.0,0.0
283,0.6859280429780483,0.9146174117922783,0.0006714913179166615,0.0008063121495069936,0.7093716338276863,0.02277208911255002,0.0,0.0,0.0
284,0.6860447004437447,0.8990505114197731,0.0005836094032929395,0.000737753784051165,0.7093844376504421,0.02275612880475819,0.0,0.0,0.0
285,0.6858730614185333,0.8969257324934006,0.0006204003875609487,0.0007501577292714501,0.709232609719038,0.02273915137629956,0.0,0.0,0.0
286,0.6858732178807259,0.9050413221120834,0.0005966021562926471,0.000731211926904507,0.7091923784464598,0.022722559282556176,0.0,0.0,0.0
287,0.6858076937496662,0.9054275862872601,0.0007204367466329131,0.0008669148137414595,0.7092329654842615,0.022704841336235404,0.0,0.0,0.0
288,0.6858225967735052,0.9171115010976791,0.0006834501582488883,0.0008165567469404778,0.7091949619352818,0.022688926779665053,0.0,0.0,0.0
289,0.6858280319720507,0.8994421884417534,0.000397893255467352,0.0004925065586576238,0.7088968940079212,0.022670971578918397,0.0,0.0,0.0
290,0.6857869662344456,0.9218941405415535,0.000405762159061851,0.0005248805500741582,0.7088468559086323,0.022654126747511327,0.0,0.0,0.0
291,0.6857669055461884,0.9087571278214455,0.0003519344309097505,0.00044937306847714353,0.7087573651224375,0.022638531518168747,0.0,0.0,0.0
292,0.6857278160750866,0.910990746691823,0.0005067019628768321,0.000633279772955575,0.7088559567928314,0.022621443844400346,0.0,0.0,0.0
293,0.6857988350093365,0.9071663059294224,0.0005991433345116093,0.0007426607135130325,0.7090043220669031,0.02260634978301823,0.0,0.0,0.0
294,0.6859081722795963,0.8873394802212715,0.0005879115324205486,0.0007433401187881827,0.70908566378057,0.022589576430618763,0.0,0.0,0.0
295,0.6857432089745998,0.8958298955112696,0.0010004503892560024,0.001197856694489019,0.7093166876584291,0.022573029971681535,0.0,0.0,0.0
296,0.6857411358505487,0.9049232471734285,0.0013734907770412974,0.0016236557748925406,0.709670202806592,0.022555571049451828,0.0,0.0,0.0
297,0.6859388034790754,0.8983935471624136,0.0012319839552219491,0.0014557523754774593,0.7097115740180016,0.02254078257828951,0.0,0.0,0.0
298,0.6857576984912157,0.9030626453459263,0.000954137351072859,0.0011090463049185928,0.7092341091483831,0.02252228243742138,0.0,0.0,0.0
299,0.6856947280466557,0.9247814975678921,0.0008697498851688579,0.0010302616392436903,0.7090713456273079,0.022506871609948575,0.0,0.0,0.0
300,0.6857788302004337,0.894610146060586,0.0008542346149624791,0.001025647492497228,0.7091216687113047,0.022488612681627274,0.0,0.0,0.0
301,0.6855999324470758,0.9113714434206486,0.0007852971575630363,0.0009443036287848372,0.7088600434362888,0.022474813158623874,0.0,0.0,0.0
302,0.6856743162497878,0.8954433239996433,0.0005287905805744231,0.0006774677913199412,0.7086601853370667,0.02245708426926285,0.0,0.0,0.0
303,0.6857783105224371,0.8982482235878706,0.0005109083103889134,0.000642447510472266,0.708728265017271,0.022439050837419927,0.0,0.0,0.0
304,0.6856802608817816,0.9115636311471462,0.00046366642527573276,0.000579226407353417,0.7085673660039902,0.022423436981625855,0.0,0.0,0.0
305,0.6857407689094543,0.9204286150634289,0.00039141279376053717,0.00048036082080216147,0.7085398845374584,0.022407711250707507,0.0,0.0,0.0
306,0.6856128517538309,0.9007125832140446,0.00037256681480357656,0.000458680275187362,0.7083758860826492,0.022390478872694075,0.0,0.0,0.0
307,0.6858264729380608,0.8998894672840834,0.0003115696008535451,0.00038871872311574407,0.7085096668452024,0.02237161959055811,0.0,0.0,0.0
308,0.6855358872562647,0.9054840039461851,0.00029220886426628567,0.00038385167135857046,0.7081833239644766,0.02235523099079728,0.0,0.0,0.0
309,0.6855513043701649,0.9037070609629154,0.00041909100764314644,0.0005406043092079926,0.7083094846457243,0.022339092334732413,0.0,0.0,0.0
310,0.6855476647615433,0.91850171610713,0.0005157647119631292,0.0006328239815047709,0.7083873338997364,0.02232390409335494,0.0,0.0,0.0
311,0.6857304889708757,0.9221408329904079,0.0004137213018111652,0.0005268688510113861,0.7084497977048159,0.022305593942292035,0.0,0.0,0.0
312,0.6855536233633757,0.9146164208650589,0.00041475804391666315,0.0005188594914216083,0.7082565855234861,0.022288195439614356,0.0,0.0,0.0
313,0.6857124753296375,0.9026562385261059,0.0004612678158082417,0.0005823646743010613,0.7084465138614178,0.022272781119681895,0.0,0.0,0.0
314,0.6854335218667984,0.9205673597753048,0.0005470406103995629,0.0006975737487664446,0.708236575126648,0.022256008815020323,0.0,0.0,0.0
315,0.6854270938783884,0.9078763704746962,0.00032294582706526853,0.0004128593445784645,0.7079881746321917,0.022238133125938475,0.0,0.0,0.0
316,0.685550800524652,0.9004521835595369,0.000841655926706153,0.0009941035459632985,0.7086142329499125,0.02222178573720157,0.0,0.0,0.0
317,0.6853804010897875,0.898172115907073,0.0010935922291537281,0.0012822975222661626,0.7086788527667522,0.022204851149581373,0.0,0.0,0.0
318,0.6853995528072119,0.9062957428395748,0.0008141528123815078,0.0009236744663212448,0.7084017898887396,0.02218808315228671,0.0,0.0,0.0
319,0.6855333391577005,0.8946939427405596,0.0006161734081615577,0.0007193421297415625,0.7083182670176029,0.022168749943375587,0.0,0.0,0.0
320,0.6853946857154369,0.8840796500444412,0.000369033469723945,0.0004644859845939209,0.7079154495149851,0.02215173002332449,0.0,0.0,0.0
321,0.6854611150920391,0.9110861644148827,0.0003682443166326266,0.00046759331598877907,0.7079655528068542,0.02213618764653802,0.0,0.0,0.0
322,0.6853001303970814,0.9095036648213863,0.0005507860405487008,0.000706057044226327,0.7079712394624949,0.022120313718914986,0.0,0.0,0.0
323,0.6853267997503281,0.8940968289971352,0.0006651118783338461,0.000834300273709232,0.7080947831273079,0.022102865972556174,0.0,0.0,0.0
324,0.6853636223822832,0.8978305347263813,0.000532643402038957,0.000655514204481733,0.7079824358224869,0.022086165263317525,0.0,0.0,0.0
325,0.6852379273623228,0.9124120399355888,0.0008267576286016265,0.0009943806326191407,0.7081333007663488,0.02206860261503607,0.0,0.0,0.0
326,0.6855510026216507,0.8973000310361385,0.0005686474123649532,0.0007058761966618476,0.7081686537712812,0.022049002698622644,0.0,0.0,0.0
327,0.6852705888450146,0.8872615210711956,0.000610714147114777,0.0007701910217292607,0.7079122792929411,0.02203098637983203,0.0,0.0,0.0
328,0.6852810028940439,0.8981230072677135,0.0010124314576387405,0.0012174098992545623,0.708312364295125,0.02201891562435776,0.0,0.0,0.0
329,0.6852142680436373,0.9104610681533813,0.0007919111376395449,0.0009492623576079495,0.708005765452981,0.021999580902047455,0.0,0.0,0.0
330,0.6852466128766537,0.8974411766976118,0.0011707768335327273,0.0014162347069941461,0.7084015794098377,0.02198419428896159,0.0,0.0,0.0
331,0.6852774303406477,0.8902838137000799,0.0008095956436591223,0.0009543642427161103,0.7080503515899181,0.021963327541016042,0.0,0.0,0.0
332,0.6852862909436226,0.9097541011869907,0.0007522440628235927,0.0009227689479303081,0.7079861480742693,0.021947620902210474,0.0,0.0,0.0
333,0.6851932108402252,0.9136445801705122,0.0004883479014097247,0.0006201631167641608,0.7076100744307041,0.021928511443547904,0.0,0.0,0.0
334,0.6852688379585743,0.915295273065567,0.0004947506313328631,0.0006119563931861194,0.7076742723584175,0.021910690935328603,0.0,0.0,0.0
335,0.6854795087128878,0.9044796340167522,0.0005604643101833062,0.0006958532758289948,0.707931824028492,0.021891855634748936,0.0,0.0,0.0
336,0.685197290033102,0.9128761291503906,0.0005328257757355459,0.0006680359656456858,0.7076036669313908,0.02187356911599636,0.0,0.0,0.0
337,0.6851614937186241,0.8800815399736166,0.0004697288604802452,0.0005803036510769743,0.7074871454387903,0.021855914616025984,0.0,0.0,0.0
338,0.6852897759526968,0.9060098621994257,0.0007602958812640281,0.0009143976021732669,0.7078881915658712,0.021838122396729887,0.0,0.0,0.0
339,0.6852949745953083,0.9197548553347588,0.0005895944623262039,0.0007095820992617519,0.7077050730586052,0.021820503170602024,0.0,0.0,0.0
340,0.6852112952619791,0.8930097222328186,0.0011599293720792048,0.0013576508608821314,0.7081759944558144,0.021804774762131274,0.0,0.0,0.0
341,0.6852083317935467,0.9199453592300415,0.0007116907981981058,0.0008648528382764198,0.7077053766697645,0.021785352611914277,0.0,0.0,0.0
342,0.685257475823164,0.9058984369039536,0.0006294743507169187,0.0007778104627504945,0.7076536789536476,0.021766723599284887,0.0,0.0,0.0
343,0.6852042637765408,0.8898564670234919,0.00046505586033163127,0.0005836110885866219,0.70741743221879,0.02174811903387308,0.0,0.0,0.0
344,0.6852378528565168,0.8998909126967192,0.0004509376176429214,0.0005609795953205321,0.7074192054569721,0.021730416221544147,0.0,0.0,0.0
345,0.6853088326752186,0.9105311892926693,0.0007371395186055452,0.0009085790570679819,0.7077578753232956,0.0217118983855471,0.0,0.0,0.0
346,0.6853068564087152,0.9055765550583601,0.0006603810033993796,0.0007839373811293626,0.7076619602739811,0.021694717346690595,0.0,0.0,0.0
347,0.685241075232625,0.8942083958536386,0.00043986337550450116,0.0005302970839693444,0.7073600627481937,0.021679129684343934,0.0,0.0,0.0
348,0.6852873768657446,0.8900281749665737,0.0005804612646898022,0.0007064117053232621,0.7075277082622051,0.02165986632462591,0.0,0.0,0.0
349,0.6851617936044931,0.9058687090873718,0.0009919389012793545,0.001216862410728936,0.7077966202050447,0.02164288959465921,0.0,0.0,0.0
350,0.6853517070412636,0.9028642401099205,0.0015693040350015508,0.0018475146280252375,0.7085463013499975,0.021625288645736873,0.0,0.0,0.0
351,0.6854724772274494,0.8957609627395868,0.0017597859696252272,0.0021123061451362446,0.708837166428566,0.021604912471957505,0.0,0.0,0.0
352,0.685207687318325,0.9177068248391151,0.0010425360687804641,0.0012073941061316873,0.7078395187854767,0.021589302690699697,0.0,0.0,0.0
353,0.6852361150085926,0.9077137280255556,0.0006322501867543906,0.000763649846703629,0.7074392326176167,0.02157087402883917,0.0,0.0,0.0
354,0.6852224320173264,0.8893641643226147,0.00044506791527965106,0.0005587972864304902,0.7072202898561954,0.02155279484577477,0.0,0.0,0.0
355,0.6852946765720844,0.8873793296515942,0.0005177428320166655,0.0006345430483634118,0.7073474358767271,0.021535007166676223,0.0,0.0,0.0
356,0.6852392498403788,0.899684889242053,0.0005438907828647643,0.0006933269887667848,0.7073007337749004,0.02151759620755911,0.0,0.0,0.0
357,0.6852276809513569,0.904944309964776,0.0007633639197592856,0.0009766896582732443,0.7074923310428858,0.02150129561778158,0.0,0.0,0.0
358,0.6852700021117926,0.9110834561288357,0.0006012818603267078,0.0007404008092635195,0.7073533367365599,0.0214820554247126,0.0,0.0,0.0
359,0.6852900590747595,0.9066416453570127,0.0004409404755278956,0.0005996248255542014,0.7071953117847443,0.021464314311742783,0.0,0.0,0.0
360,0.6852309796959162,0.9032360725104809,0.0005046128480898915,0.0006601177537959302,0.7071830481290817,0.02144745399709791,0.0,0.0,0.0
361,0.6852173693478107,0.9081647358834743,0.00046427047345787287,0.0005718361207982525,0.7071106489747763,0.02142902452033013,0.0,0.0,0.0
362,0.6852200105786324,0.9107220191508532,0.0006139400684332941,0.0007766153612465132,0.7072445284575224,0.021410565241239965,0.0,0.0,0.0
363,0.6852762922644615,0.919769212603569,0.0009310163441114128,0.001102086196624441,0.7075988762080669,0.021391571150161326,0.0,0.0,0.0
364,0.6851989850401878,0.9102358873933554,0.0019173267355654389,0.0022352002597472165,0.708496518433094,0.021380207734182477,0.0,0.0,0.0
365,0.6852480787783861,0.8902489896863699,0.0007674885146116139,0.0009073630499187857,0.707372272387147,0.021356714190915227,0.0,0.0,0.0
366,0.6852725055068731,0.9123475216329098,0.0004963511855748948,0.0005916175623497111,0.7071085050702095,0.0213396541075781,0.0,0.0,0.0
367,0.6851969938725233,0.9024029094725847,0.0006361075847962638,0.0007749881096970057,0.7071544863283634,0.02132138959132135,0.0,0.0,0.0
368,0.6851772125810385,0.9038825873285532,0.000661623709675041,0.0008141703347064322,0.707144483923912,0.021305658272467554,0.0,0.0,0.0
369,0.6855604331940413,0.8610267546027899,0.0007636958598595811,0.0009249900595023064,0.7076130658388138,0.021288934512995183,0.0,0.0,0.0
370,0.685245843604207,0.9015411697328091,0.0005857662508788053,0.0007157997661124682,0.707101309671998,0.02126969664823264,0.0,0.0,0.0
371,0.6852120868861675,0.9099166058003902,0.0003524682942952495,0.000445165358541999,0.7068153284490108,0.021250773454084992,0.0,0.0,0.0
372,0.6852544937282801,0.9130962826311588,0.0003461246042206767,0.0004340829618740827,0.7068347409367561,0.0212341221049428,0.0,0.0,0.0
373,0.6853067204356194,0.9195670485496521,0.0008710938673175406,0.0010596406646072865,0.7073941193521023,0.021216314285993576,0.0,0.0,0.0
374,0.6854308862239122,0.9088973291218281,0.0008915751732274657,0.0010592123899186845,0.7075232323259115,0.021200771909207106,0.0,0.0,0.0
375,0.6852053254842758,0.8923956546932459,0.0005916991431149654,0.0007055652313283645,0.7069788724184036,0.021181854885071516,0.0,0.0,0.0
376,0.6852650120854378,0.9017931688576937,0.0006491256408480695,0.0007882806476118276,0.7070775050669909,0.02116336766630411,0.0,0.0,0.0
377,0.6852089893072844,0.9026691019535065,0.0005032763465351309,0.0005889326384931337,0.7068572025746107,0.021144934464246035,0.0,0.0,0.0
378,0.6852017790079117,0.8962727654725313,0.0010054614849650534,0.0011861843067890732,0.7073370963335037,0.021129858447238803,0.0,0.0,0.0
379,0.685292761772871,0.9024097993969917,0.0007472147462976864,0.0009056588241946883,0.7071525026112795,0.021112517919391394,0.0,0.0,0.0
380,0.685288779437542,0.916285578161478,0.001446050302547519,0.0017149070881714579,0.7078320533037186,0.021097223390825093,0.0,0.0,0.0
381,0.6852653715759516,0.9114464018493891,0.0011418932444939855,0.0013788409232802223,0.7074834574013948,0.02107618667650968,0.0,0.0,0.0
382,0.6851480081677437,0.8998629003763199,0.001183671365652117,0.001411939891113434,0.7073904778808355,0.021058800630271435,0.0,0.0,0.0
383,0.6852690931409597,0.9083683416247368,0.0005507016976480372,0.000644209223537473,0.7068605422973633,0.021040741470642388,0.0,0.0,0.0
384,0.6853971537202597,0.8832338787615299,0.0004048926512041362,0.0005010815239074873,0.7068261709064245,0.021024121902883053,0.0,0.0,0.0
385,0.6851827576756477,0.9108699634671211,0.000624308797341655,0.0007589306060253875,0.7068144287914038,0.021007371717132628,0.0,0.0,0.0
386,0.6853331532329321,0.8979375287890434,0.001077658096619416,0.0012789792544936063,0.7073996942490339,0.02098888484761119,0.0,0.0,0.0
387,0.6851922422647476,0.8951735235750675,0.0007188317922555143,0.0008752291960263392,0.7068831585347652,0.02097208413761109,0.0,0.0,0.0
388,0.6852258983999491,0.8972820863127708,0.0005758353227065527,0.0006971658222028054,0.7067565713077784,0.020954825216904283,0.0,0.0,0.0
389,0.6852047797292471,0.8959691952914,0.000480096290630172,0.0005944057593296748,0.7066228296607733,0.020937941153533757,0.0,0.0,0.0
390,0.6853580642491579,0.9086292013525963,0.0006104085387050873,0.0007222180629469221,0.7068880498409271,0.02091957814991474,0.0,0.0,0.0
391,0.6852447260171175,0.9142952263355255,0.0004354212160251336,0.0005569172735704342,0.7065832186490297,0.020903066266328096,0.0,0.0,0.0
392,0.6852367706596851,0.8776064217090607,0.0006980416528676869,0.0008979036720120348,0.706820810213685,0.020885998383164406,0.0,0.0,0.0
393,0.6852354407310486,0.9046626556664705,0.0005857198138983222,0.0007490726311516482,0.7066884189844131,0.02086725307162851,0.0,0.0,0.0
394,0.6852347031235695,0.9099522102624178,0.0006735204915457871,0.000820665529317921,0.7067584823817015,0.020850265282206237,0.0,0.0,0.0
395,0.6852212399244308,0.9020316284149885,0.000398780463001458,0.0004974663497705478,0.7064522337168455,0.020832219161093235,0.0,0.0,0.0
396,0.6852234229445457,0.8965427633374929,0.00045378505092230625,0.0005545022995647741,0.7064921595156193,0.020814952324144542,0.0,0.0,0.0
397,0.6851927284151316,0.8975616842508316,0.0003542304648362915,0.00044864354640594684,0.70634357444942,0.020796625642105937,0.0,0.0,0.0
398,0.6853403896093369,0.8900292906910181,0.000611518729783711,0.0007427011041727383,0.7067314349114895,0.020779520156793296,0.0,0.0,0.0
399,0.685196053236723,0.8994368277490139,0.0009003578707051929,0.0010657979692041408,0.7068570237606764,0.02076060778927058,0.0,0.0,0.0
