-4.407897591590881348e-01,7.477495819330215454e-02,2.776549458503723145e-01,7.401164174079895020e-01,-1.374667584896087646e-01,-3.302385807037353516e-01,-7.915714755654335022e-03,1.715528219938278198e-01,7.287692278623580933e-03,1.099739223718643188e-01
-2.343582212924957275e-01,2.928662300109863281e-01,6.609351634979248047e-01,1.579785048961639404e-01,-1.973658651113510132e-01,2.119094431400299072e-01,1.839676648378372192e-01,6.591731905937194824e-01,-3.972194492816925049e-01,-4.730059579014778137e-02
4.463692605495452881e-01,7.987279444932937622e-02,-5.180321931838989258e-01,6.970996409654617310e-02,1.193132102489471436e-01,3.642320632934570312e-01,-1.299999058246612549e-01,-1.188925951719284058e-01,-1.148894503712654114e-01,-3.945622146129608154e-01
-7.341295480728149414e-01,4.944913387298583984e-01,3.779996037483215332e-01,5.816876888275146484e-01,-1.558504998683929443e-01,1.653475314378738403e-01,-3.610199391841888428e-01,1.580501645803451538e-01,-1.523724198341369629e-01,2.824496328830718994e-01
2.395396977663040161e-01,-2.531880736351013184e-01,3.612130880355834961e-02,8.736844360828399658e-02,-6.694992184638977051e-01,1.724472939968109131e-01,9.805093705654144287e-02,-8.474958688020706177e-02,2.862708084285259247e-02,6.281324625015258789e-01
5.346602201461791992e-01,-4.930039346218109131e-01,1.057030409574508667e-01,-2.126734107732772827e-01,-3.731287419795989990e-01,-2.235512584447860718e-01,2.366318851709365845e-01,-2.230954915285110474e-01,-2.659099698066711426e-01,5.894970297813415527e-01
9.055263996124267578e-01,-1.704992055892944336e-01,-2.125331461429595947e-01,-1.154104918241500854e-01,-1.043152213096618652e-01,1.207230389118194580e-01,-3.482656478881835938e-01,-6.330540180206298828e-01,4.089537560939788818e-01,-6.232331395149230957e-01
-2.745278179645538330e-03,8.722551912069320679e-02,-1.056479066610336304e-01,-5.033447146415710449e-01,1.852414906024932861e-01,6.071859598159790039e-01,-6.572555899620056152e-01,1.057575270533561707e-01,4.113489016890525818e-02,9.389595687389373779e-02
3.235977590084075928e-01,2.962718009948730469e-01,6.862203776836395264e-02,-1.854175478219985962e-01,4.412079155445098877e-01,7.823502644896507263e-03,-2.613089382648468018e-01,1.823401600122451782e-01,1.308960169553756714e-01,-6.954049468040466309e-01
9.952140972018241882e-03,3.723400533199310303e-01,1.554670035839080811e-01,-2.859162390232086182e-01,-7.548750042915344238e-01,2.636362612247467041e-01,-1.315538734197616577e-01,-2.822517752647399902e-01,-1.226333007216453552e-01,-2.187321931123733521e-01
3.418133258819580078e-01,5.813269019126892090e-01,2.047199308872222900e-01,7.564400136470794678e-02,4.909682571887969971e-01,-1.547469943761825562e-01,-3.377712368965148926e-01,1.632038876414299011e-02,5.258049368858337402e-01,-6.287041306495666504e-01
-1.928852498531341553e-01,1.669734567403793335e-01,4.731562733650207520e-01,-1.845673844218254089e-02,1.888868510723114014e-01,5.338749289512634277e-01,-4.317710399627685547e-01,5.256487131118774414e-01,-4.398846030235290527e-01,1.022029817104339600e-01
-3.914651870727539062e-01,-5.710422247648239136e-02,8.091755211353302002e-02,9.850580245256423950e-02,-3.524323403835296631e-01,1.076679378747940063e-01,-1.834284812211990356e-01,4.060396179556846619e-02,-1.161889918148517609e-02,5.696828961372375488e-01
-3.993329703807830811e-01,2.713460028171539307e-01,7.617125660181045532e-02,-5.642676949501037598e-01,2.110316157341003418e-01,3.890184760093688965e-01,2.867907099425792694e-02,8.004526048898696899e-02,-2.966997623443603516e-01,-5.534048676490783691e-01
4.432356059551239014e-01,-3.477539122104644775e-01,-2.013902366161346436e-01,-2.735009416937828064e-02,-7.606710195541381836e-01,6.480028629302978516e-01,6.315489765256643295e-03,-3.618799149990081787e-01,-1.981445699930191040e-01,-4.616501554846763611e-02
3.792618215084075928e-01,-2.025489956140518188e-01,-5.243367552757263184e-01,6.494596004486083984e-01,-5.665231943130493164e-01,-3.323957622051239014e-01,2.023267745971679688e-01,-2.583560049533843994e-01,3.329445421695709229e-01,7.642526924610137939e-02
-5.214958190917968750e-01,3.491445630788803101e-02,-2.899798564612865448e-02,2.465614527463912964e-01,2.436254918575286865e-01,4.906953275203704834e-01,-5.752222537994384766e-01,1.898033320903778076e-01,2.153880596160888672e-01,-5.381974577903747559e-01
4.202179014682769775e-01,-7.455355022102594376e-03,2.394354529678821564e-02,4.957221820950508118e-02,4.827973991632461548e-02,-1.362399309873580933e-01,4.936508238315582275e-01,4.307124316692352295e-01,2.125460654497146606e-01,-3.791516423225402832e-01
7.425197213888168335e-02,-2.352037280797958374e-01,-1.342865526676177979e-01,1.379007548093795776e-01,-3.787914514541625977e-01,-1.769101321697235107e-01,-3.858380317687988281e-01,7.147219777107238770e-01,5.758565384894609451e-05,3.130977973341941833e-02
1.419946700334548950e-01,-1.106597110629081726e-01,1.288552433252334595e-01,1.821889579296112061e-01,-2.858680784702301025e-01,1.714461743831634521e-01,-1.046702638268470764e-01,5.944781899452209473e-01,1.746790558099746704e-01,-1.929664909839630127e-01
-1.951687335968017578e-01,-7.428698986768722534e-02,1.384482979774475098e-01,-2.110072225332260132e-01,3.949052393436431885e-01,5.484697222709655762e-01,-3.702501952648162842e-01,3.631680905818939209e-01,2.792427241802215576e-01,-9.687680006027221680e-02
1.497729867696762085e-01,-5.735613703727722168e-01,2.353388369083404541e-01,5.655506253242492676e-01,-1.590974330902099609e-01,-8.146871924400329590e-01,-6.382558494806289673e-02,-5.379193425178527832e-01,-5.192402601242065430e-01,4.771280288696289062e-01
6.346498727798461914e-01,3.821217715740203857e-01,1.982053220272064209e-01,-3.216981589794158936e-01,2.091965228319168091e-01,-1.542157679796218872e-01,1.941583603620529175e-01,2.260725796222686768e-01,-2.608080506324768066e-01,-3.731586933135986328e-01
-6.403348445892333984e-01,2.012273855507373810e-02,-5.762035250663757324e-01,-3.879278004169464111e-01,-1.460378468036651611e-01,-1.014337316155433655e-02,-2.351517677307128906e-01,-8.291238546371459961e-02,6.760279089212417603e-02,-7.953205704689025879e-02
-2.661626935005187988e-01,-2.286658436059951782e-01,-4.278598427772521973e-01,8.961283415555953979e-02,1.197813749313354492e-01,2.695828676223754883e-01,1.795816868543624878e-01,1.660280972719192505e-01,2.652179896831512451e-01,9.055994451045989990e-02
1.403538286685943604e-01,3.370574712753295898e-01,3.280134201049804688e-01,-4.605417251586914062e-01,1.512863021343946457e-02,5.362474918365478516e-01,7.626041024923324585e-02,-7.565589249134063721e-02,-2.970814518630504608e-02,3.783751726150512695e-01
-3.407569825649261475e-01,-2.113805264234542847e-01,-6.289203464984893799e-02,-1.456123441457748413e-01,-2.378482818603515625e-01,-2.254530638456344604e-01,-6.539365649223327637e-01,-2.414727956056594849e-01,-2.973791658878326416e-01,4.826406538486480713e-01
-3.055786788463592529e-01,-1.082406565546989441e-01,5.787041783332824707e-01,1.502905040979385376e-01,-1.580359786748886108e-02,-2.516143023967742920e-01,-5.884043574333190918e-01,2.375717908143997192e-01,-3.006337583065032959e-01,-7.068209350109100342e-02
-3.114800751209259033e-01,-1.251667141914367676e-01,3.016404509544372559e-01,-4.565579295158386230e-01,3.820070028305053711e-01,-9.843026101589202881e-02,-2.356532663106918335e-01,9.421752691268920898e-01,-6.944932937622070312e-01,2.022686302661895752e-01
-3.218919038772583008e-01,-1.050489470362663269e-01,3.549316525459289551e-01,7.831973582506179810e-02,-2.187330573797225952e-01,1.410828977823257446e-01,5.551127791404724121e-01,3.381676673889160156e-01,2.698232829570770264e-01,3.210776150226593018e-01
3.446100652217864990e-01,-8.035304397344589233e-02,-1.220939904451370239e-01,3.022280633449554443e-01,9.598596952855587006e-03,-2.448014914989471436e-03,5.187869071960449219e-01,-3.735606372356414795e-01,-4.011618718504905701e-02,4.372495114803314209e-01
2.187633514404296875e-01,5.670678615570068359e-02,4.303876757621765137e-01,3.777827918529510498e-01,-1.533282697200775146e-01,-6.946948170661926270e-02,1.358840167522430420e-01,2.654521167278289795e-01,1.897959709167480469e-01,6.302282214164733887e-02
7.330926060676574707e-01,1.555135995149612427e-01,2.811026573181152344e-01,2.491712570190429688e-01,1.057673394680023193e-01,-8.516626060009002686e-02,4.019236937165260315e-02,3.842989504337310791e-01,-6.668450236320495605e-01,6.888636350631713867e-01
-1.280733346939086914e-01,4.595582783222198486e-01,3.943181931972503662e-01,-2.219562381505966187e-01,1.874944865703582764e-01,1.210569143295288086e-01,5.658909082412719727e-01,-1.002328544855117798e-01,-3.830261528491973877e-01,2.538698539137840271e-02
3.000475764274597168e-01,-1.640720665454864502e-01,1.424503475427627563e-01,7.709459215402603149e-02,3.431255221366882324e-01,1.887946873903274536e-01,-5.409060716629028320e-01,2.680966258049011230e-01,-2.175743505358695984e-02,2.771736979484558105e-01
2.672680914402008057e-01,-2.162044048309326172e-01,-2.820204198360443115e-01,-1.920931786298751831e-01,-1.920818388462066650e-01,3.913903608918190002e-02,-6.213265061378479004e-01,-3.649170994758605957e-01,-1.617966145277023315e-01,-2.399803251028060913e-01
-5.174598693847656250e-01,1.293786615133285522e-01,-8.103146553039550781e-01,2.093548923730850220e-01,-1.099404692649841309e-01,-4.603964984416961670e-01,7.391515970230102539e-01,-2.296763360500335693e-01,-2.022183984518051147e-01,1.235755253583192825e-02
2.643095143139362335e-02,-5.322417616844177246e-02,-8.376316726207733154e-02,4.984768927097320557e-01,-3.635779619216918945e-01,-2.906962037086486816e-01,5.603721365332603455e-02,-2.112146168947219849e-01,4.341973960399627686e-01,1.465774029493331909e-01
1.395048573613166809e-03,-2.056554146111011505e-02,-3.048917464911937714e-02,1.773192733526229858e-01,-2.710572481155395508e-01,3.675946295261383057e-01,-5.200355052947998047e-01,6.211284920573234558e-02,3.059403002262115479e-01,1.763341277837753296e-01
6.203684210777282715e-01,-2.909964621067047119e-01,4.588070213794708252e-01,-9.098189324140548706e-02,2.922273576259613037e-01,-9.628384709358215332e-01,-3.235440850257873535e-01,-1.028321743011474609e+00,1.851835846900939941e-01,-1.715896725654602051e-01
5.566219091415405273e-01,-2.237464487552642822e-01,-1.427021622657775879e-01,-4.429777860641479492e-01,-1.644043326377868652e-01,2.052309215068817139e-01,-1.591596752405166626e-01,-2.642997205257415771e-01,-1.356758028268814087e-01,-1.226778179407119751e-01
-3.191382288932800293e-01,-3.002074062824249268e-01,-2.955847382545471191e-01,9.772778302431106567e-02,1.543837487697601318e-01,-3.413282930850982666e-01,2.154257446527481079e-01,9.005095064640045166e-02,-8.182053267955780029e-02,5.690218880772590637e-03
-7.971426472067832947e-03,8.233524113893508911e-02,1.916422545909881592e-01,7.679182887077331543e-01,2.995507121086120605e-01,-1.530189514160156250e-01,-6.585825085639953613e-01,2.430636808276176453e-02,-6.479668617248535156e-02,1.283530741930007935e-01
6.379587054252624512e-01,2.762666642665863037e-01,2.762276232242584229e-01,1.736300066113471985e-02,2.930349409580230713e-01,-8.285798132419586182e-02,-2.932936251163482666e-01,8.085501939058303833e-02,-1.178013458847999573e-01,-2.706556916236877441e-01
2.730705440044403076e-01,3.607363402843475342e-01,-7.892204448580741882e-03,4.736203849315643311e-01,1.578423380851745605e-02,3.221911787986755371e-01,-7.793909311294555664e-01,2.492201477289199829e-01,-6.299628615379333496e-01,5.575492382049560547e-01
1.577807813882827759e-01,-1.949437856674194336e-01,4.056895673274993896e-01,2.668644487857818604e-01,-1.463425457477569580e-01,-2.748877704143524170e-01,2.716333866119384766e-01,6.154381111264228821e-02,-2.089629918336868286e-01,3.955512940883636475e-01
-3.142014145851135254e-01,-2.578297071158885956e-02,2.655282616615295410e-01,-4.215015470981597900e-01,-3.649616241455078125e-02,-1.600769311189651489e-01,7.643910646438598633e-01,6.501780152320861816e-01,4.977504014968872070e-01,-4.134301543235778809e-01
-5.363507270812988281e-01,5.682411789894104004e-01,4.899441897869110107e-01,4.718727469444274902e-01,7.997152209281921387e-02,-1.571622863411903381e-02,-9.106627106666564941e-01,1.707933843135833740e-01,-2.500705420970916748e-01,4.642863869667053223e-01
3.359894752502441406e-01,-2.094497084617614746e-01,-2.418910861015319824e-01,-1.452767997980117798e-01,-8.227836489677429199e-01,1.883358657360076904e-01,-1.641817241907119751e-01,-6.786524653434753418e-01,-1.829278618097305298e-01,-6.110042929649353027e-01
1.932099461555480957e-01,2.534138262271881104e-01,-4.779284000396728516e-01,7.045228965580463409e-03,3.493592441082000732e-01,2.638255059719085693e-01,2.762042880058288574e-01,-5.442983508110046387e-01,4.784333407878875732e-01,-2.924257814884185791e-01
4.947563409805297852e-01,2.631025910377502441e-01,7.889044284820556641e-02,-5.389346480369567871e-01,1.115728497505187988e+00,-4.194660484790802002e-02,-2.281962633132934570e-01,5.331037044525146484e-01,1.961457543075084686e-02,-1.084186881780624390e-01
-2.033206373453140259e-01,-1.344919353723526001e-01,1.075563579797744751e-01,-2.695473730564117432e-01,-1.524122525006532669e-02,-1.260567009449005127e-01,-4.172099828720092773e-01,-4.312692955136299133e-02,-3.626098856329917908e-02,-9.434121847152709961e-02
4.958207160234451294e-02,5.476365685462951660e-01,2.423920333385467529e-01,7.607462257146835327e-02,5.961551666259765625e-01,4.433816671371459961e-01,-1.120584644377231598e-02,-5.250537768006324768e-02,5.573295950889587402e-01,-1.001269742846488953e-02
-5.438585877418518066e-01,-4.083478152751922607e-01,-3.669355511665344238e-01,-1.593131124973297119e-01,-2.346876263618469238e-02,-8.720037937164306641e-01,-2.031175792217254639e-01,-3.361916169524192810e-02,-3.531566560268402100e-01,-1.610341668128967285e-01
4.590884149074554443e-01,2.605458199977874756e-01,3.650583624839782715e-01,-2.250329852104187012e-01,6.739138625562191010e-03,-3.363284096121788025e-02,1.633163243532180786e-01,3.436942398548126221e-01,-6.607478857040405273e-02,-3.313170373439788818e-01
-2.444157600402832031e-01,9.397543221712112427e-02,-4.302207231521606445e-01,-3.074159324169158936e-01,-4.587560594081878662e-01,-2.981790006160736084e-01,1.940458416938781738e-01,-4.915780127048492432e-01,3.515984117984771729e-01,-1.741933673620223999e-01
8.224076777696609497e-02,-1.468578726053237915e-01,5.053749084472656250e-01,-6.521441787481307983e-02,-1.451170537620782852e-02,8.280196785926818848e-02,-5.191786214709281921e-02,7.712401747703552246e-01,1.613269150257110596e-01,5.144962072372436523e-01
-8.982671499252319336e-01,5.329138636589050293e-01,-3.742486238479614258e-02,-7.776800543069839478e-02,-2.895193696022033691e-01,7.495811581611633301e-02,5.277220010757446289e-01,-3.579464256763458252e-01,-3.163380324840545654e-01,4.499100893735885620e-02
2.528244629502296448e-03,-2.298900038003921509e-01,-3.176059722900390625e-01,3.066159784793853760e-01,-1.114608526229858398e+00,-2.944889366626739502e-01,2.022083401679992676e-01,6.840378791093826294e-02,-1.118313819169998169e-01,2.560924589633941650e-01
-1.799991577863693237e-01,-2.046764492988586426e-01,-7.634935975074768066e-01,2.301536649465560913e-01,3.107809722423553467e-01,3.792291134595870972e-02,6.288460493087768555e-01,-4.546253755688667297e-02,2.266738116741180420e-01,7.873843610286712646e-02
-6.388145089149475098e-01,2.204401232302188873e-02,-4.093213006854057312e-03,1.053862497210502625e-01,4.558750092983245850e-01,5.658764243125915527e-01,1.823634803295135498e-01,3.426183946430683136e-03,7.307067513465881348e-01,-4.699902534484863281e-01
-1.969119459390640259e-01,4.809584319591522217e-01,6.235157251358032227e-01,-5.275882780551910400e-02,1.247815042734146118e-01,2.446800023317337036e-01,-1.168853715062141418e-01,8.264452219009399414e-02,-2.253430187702178955e-01,3.131301999092102051e-01
-7.423433661460876465e-01,-3.275427222251892090e-02,-1.872766613960266113e-01,-5.915512442588806152e-01,-7.074437737464904785e-01,-3.156326413154602051e-01,1.539063602685928345e-01,5.755537375807762146e-02,-3.604412078857421875e-02,-1.584056615829467773e-01
2.267901003360748291e-01,3.746821582317352295e-01,-6.415397524833679199e-01,5.177909731864929199e-01,1.643306314945220947e-01,6.504300832748413086e-01,1.125385835766792297e-01,6.382892280817031860e-02,-1.114940345287322998e-01,-8.275346457958221436e-02
7.131424546241760254e-01,2.334184050559997559e-01,1.978114098310470581e-01,-6.017780303955078125e-01,2.228316366672515869e-01,-1.259154528379440308e-01,3.204350825399160385e-03,9.719268977642059326e-02,2.697423798963427544e-03,-3.483923375606536865e-01
-5.884981751441955566e-01,-2.261569350957870483e-01,-4.016147851943969727e-01,2.421331256628036499e-01,-5.909802913665771484e-01,-2.979158051311969757e-02,-1.851532310247421265e-01,3.557089269161224365e-01,-3.199871480464935303e-01,2.512466311454772949e-01
-3.695194721221923828e-01,-1.117743328213691711e-01,1.852573752403259277e-01,6.735645979642868042e-02,5.688727498054504395e-01,-2.870926260948181152e-01,-6.455778479576110840e-01,-1.310572028160095215e-01,-1.049147695302963257e-01,-1.139487624168395996e-01
8.450379967689514160e-01,8.079648762941360474e-02,1.435496211051940918e-01,-4.555702209472656250e-01,4.310516417026519775e-01,-4.589084684848785400e-01,-3.070492483675479889e-02,-1.686869263648986816e-01,2.269613146781921387e-01,-3.733665943145751953e-01
8.529174923896789551e-01,-3.002515733242034912e-01,-4.204276204109191895e-02,-4.429605901241302490e-01,-1.497235987335443497e-02,-2.880722582340240479e-01,8.645864725112915039e-01,-2.213639169931411743e-01,1.847354918718338013e-01,2.268472909927368164e-01
2.752580642700195312e-01,-2.782239019870758057e-01,2.561757899820804596e-02,1.893651932477951050e-01,-5.545911788940429688e-01,-5.974553227424621582e-01,-4.148103892803192139e-01,-7.021588683128356934e-01,-1.235404163599014282e-01,-1.858495473861694336e-01
-5.147530436515808105e-01,-4.983826726675033569e-02,4.371254146099090576e-01,2.360806316137313843e-01,6.678523123264312744e-02,2.892107889056205750e-02,2.436872273683547974e-01,4.198268949985504150e-01,-3.313328623771667480e-01,4.692468419671058655e-02
6.359302997589111328e-01,8.038022369146347046e-02,1.164681613445281982e-01,-5.660224556922912598e-01,6.884315609931945801e-02,-7.745450735092163086e-02,5.917308926582336426e-01,-9.108362719416618347e-04,2.814313471317291260e-01,-2.500464022159576416e-01
-3.414500653743743896e-01,-4.884075820446014404e-01,1.510030478239059448e-01,3.458808362483978271e-01,4.567562602460384369e-03,-4.361031353473663330e-01,7.340181618928909302e-02,-1.709651201963424683e-01,-1.422042250633239746e-01,5.487839579582214355e-01
7.021456360816955566e-01,1.945339292287826538e-01,2.131356596946716309e-01,4.001899063587188721e-01,-3.678112924098968506e-01,2.372937053442001343e-01,2.725148759782314301e-02,1.299171894788742065e-01,5.570061206817626953e-01,-4.226237237453460693e-01
-4.553297907114028931e-02,3.654280900955200195e-01,2.684736847877502441e-01,-3.398233354091644287e-01,-2.902511656284332275e-01,-3.189829289913177490e-01,5.671526193618774414e-01,3.468057140707969666e-02,-1.491837650537490845e-01,-3.608823716640472412e-01
-5.285856127738952637e-01,2.926422655582427979e-01,1.330691874027252197e-01,1.634973138570785522e-01,5.328179001808166504e-01,2.836780548095703125e-01,-7.218841314315795898e-01,1.000722497701644897e-01,-8.900486677885055542e-02,-1.817592978477478027e-01
3.122007846832275391e-01,-3.444841504096984863e-01,-1.035690456628799438e-01,-5.780025124549865723e-01,1.051869392395019531e-01,-6.564211845397949219e-01,-3.262644410133361816e-01,-9.516939520835876465e-02,-3.306481242179870605e-02,-2.279030531644821167e-01
-3.890797197818756104e-01,8.119363337755203247e-02,1.923847496509552002e-01,-3.234195411205291748e-01,1.476713120937347412e-01,4.470178484916687012e-01,-4.028939604759216309e-01,2.120525985956192017e-01,9.432731568813323975e-02,-2.717461585998535156e-01
-2.342526018619537354e-01,2.510105073451995850e-01,5.261983722448348999e-02,-8.861857652664184570e-02,1.656901836395263672e-01,4.747256636619567871e-01,-2.411451637744903564e-01,6.168062612414360046e-02,2.384646981954574585e-01,-6.278190016746520996e-01
-3.693615198135375977e-01,-8.714485913515090942e-02,1.730692200362682343e-02,-1.118240784853696823e-02,6.850957870483398438e-02,-1.801184266805648804e-01,-2.255856543779373169e-01,3.248563408851623535e-01,4.236170649528503418e-01,-4.224195182323455811e-01
4.425545334815979004e-01,-1.256153732538223267e-01,-2.730298340320587158e-01,-1.128337904810905457e-01,2.945878356695175171e-02,2.661986649036407471e-01,-5.653583407402038574e-01,2.151975482702255249e-01,-2.362529784440994263e-01,-2.701884508132934570e-01
-2.625355422496795654e-01,-7.721222937107086182e-02,-7.737526893615722656e-01,2.600758373737335205e-01,2.602917850017547607e-01,-4.932613968849182129e-01,5.064335465431213379e-01,-1.318555772304534912e-01,-9.777507930994033813e-02,7.388306409120559692e-02
6.102249026298522949e-02,-8.526241034269332886e-02,1.699999868869781494e-01,-8.560289740562438965e-01,-1.668611764907836914e-01,-3.290857970714569092e-01,-2.686688899993896484e-01,2.096128761768341064e-01,-1.494627147912979126e-01,-1.546977758407592773e-01
-6.057724952697753906e-01,6.528505682945251465e-02,2.660698592662811279e-01,-3.585677444934844971e-01,2.855992615222930908e-01,7.878416776657104492e-01,4.548985958099365234e-01,5.060106143355369568e-02,-1.468125581741333008e-01,3.713006079196929932e-01
-8.785825967788696289e-02,3.476422131061553955e-01,9.970383718609809875e-03,-4.893924891948699951e-01,1.618022620677947998e-01,5.533378720283508301e-01,2.577779591083526611e-01,-2.114818692207336426e-01,-3.972087800502777100e-01,1.882262527942657471e-03
-2.272503674030303955e-01,-1.433574259281158447e-01,-1.949805021286010742e-01,2.387795746326446533e-01,3.077108561992645264e-01,6.650527715682983398e-01,-2.618973255157470703e-01,4.767760932445526123e-01,-2.976094782352447510e-01,2.879219055175781250e-01
-4.656507819890975952e-02,-4.866179525852203369e-01,-3.680059313774108887e-02,-2.137989848852157593e-01,1.514700055122375488e-01,-6.026936769485473633e-01,2.900249958038330078e-01,-6.390963196754455566e-01,2.234586030244827271e-01,5.129876136779785156e-01
6.339295953512191772e-02,-1.353006809949874878e-01,-6.260789632797241211e-01,-6.287708878517150879e-01,-1.558011472225189209e-01,2.154041081666946411e-03,-7.740018516778945923e-02,-2.492961660027503967e-02,1.487123519182205200e-01,-4.648723080754280090e-02
-3.434422016143798828e-01,-2.991638481616973877e-01,-3.511756956577301025e-01,2.682165205478668213e-01,-2.976619303226470947e-01,-3.454951345920562744e-01,6.883001923561096191e-01,2.379219979047775269e-01,-1.394337136298418045e-02,5.185950398445129395e-01
-2.989936433732509613e-02,-2.155511528253555298e-01,-4.194510579109191895e-01,1.413510888814926147e-01,-6.390101909637451172e-01,-2.252026647329330444e-01,5.911182165145874023e-01,-3.973564207553863525e-01,1.470098495483398438e-01,2.597460150718688965e-01
5.300693511962890625e-01,1.162272319197654724e-01,-3.194440007209777832e-01,6.065156459808349609e-01,-1.977925598621368408e-01,1.022128105163574219e+00,1.440160721540451050e-01,-5.123630538582801819e-02,1.052516549825668335e-01,-1.768090426921844482e-01
3.534239530563354492e-02,1.781335659325122833e-02,1.121443212032318115e-01,-3.312728703022003174e-01,-1.208635270595550537e-01,-4.922061860561370850e-01,1.613171994686126709e-01,-5.025642514228820801e-01,-5.031564235687255859e-01,-1.449141651391983032e-01
-2.260890901088714600e-01,-7.937067002058029175e-02,6.447765231132507324e-01,6.798993945121765137e-01,2.386516332626342773e-01,-1.905909031629562378e-01,3.893547132611274719e-02,-1.102495472878217697e-02,1.659969687461853027e-01,6.064781546592712402e-01
1.492647826671600342e-01,-1.043774560093879700e-01,-9.258529543876647949e-02,1.440006960183382034e-02,1.866284757852554321e-01,3.708797097206115723e-01,2.116927057504653931e-01,1.080148071050643921e-01,-1.333348453044891357e-01,2.423150390386581421e-01
3.495979905128479004e-01,-5.062361806631088257e-02,-4.956768155097961426e-01,8.240110874176025391e-01,-6.534467935562133789e-01,-5.793115496635437012e-02,1.051919087767601013e-01,-5.397658944129943848e-01,6.690681725740432739e-02,1.034301370382308960e-01
2.524856626987457275e-01,-2.392412871122360229e-01,4.587577581405639648e-01,4.854157567024230957e-01,-8.505791425704956055e-02,-2.622558772563934326e-01,1.509515494108200073e-01,1.928879171609878540e-01,-2.601744830608367920e-01,5.999283194541931152e-01
-2.121579200029373169e-01,-3.738258033990859985e-02,4.408441185951232910e-01,1.141896024346351624e-01,5.476413369178771973e-01,-1.533934623003005981e-01,1.414920687675476074e-01,-7.277052849531173706e-02,-1.300908178091049194e-01,1.416520923376083374e-01
-4.604031890630722046e-02,-8.749137818813323975e-02,-6.813413500785827637e-01,2.320923954248428345e-01,-5.191348791122436523e-01,-9.935638308525085449e-02,-1.734366267919540405e-01,-6.772056221961975098e-01,1.001053582876920700e-02,2.946949750185012817e-02
9.135581552982330322e-02,-2.344357371330261230e-01,-3.951177597045898438e-01,-1.054353266954421997e-01,4.125815331935882568e-01,3.421116769313812256e-01,1.394076198339462280e-01,3.003675937652587891e-01,7.349491119384765625e-02,1.281071901321411133e-01
4.906932711601257324e-01,2.232817560434341431e-01,-6.554166674613952637e-01,1.959160119295120239e-01,-5.870454013347625732e-02,-1.003990173339843750e+00,2.508766055107116699e-01,-2.521315813064575195e-01,5.171662569046020508e-02,-4.759065508842468262e-01
-1.102038696408271790e-01,-7.996843010187149048e-02,-4.481955170631408691e-01,-2.858334481716156006e-01,8.955663442611694336e-01,2.982369065284729004e-01,-1.117373183369636536e-01,1.203819215297698975e-01,2.760803997516632080e-01,-2.439834326505661011e-01
-2.932829968631267548e-02,1.730120033025741577e-01,-5.167438387870788574e-01,1.004052400588989258e+00,-9.374711662530899048e-02,5.223482251167297363e-01,2.098153382539749146e-01,2.824827134609222412e-01,5.648600310087203979e-02,1.166230440139770508e-01
1.126425042748451233e-01,4.253728091716766357e-01,1.489123106002807617e-01,-2.509110867977142334e-01,-2.385171800851821899e-01,8.215752840042114258e-01,4.372733533382415771e-01,-1.862485855817794800e-01,1.047069355845451355e-01,-2.112417817115783691e-01
-1.170791313052177429e-01,9.105506539344787598e-02,6.326304376125335693e-02,-7.750562578439712524e-02,-2.999014407396316528e-02,5.730527043342590332e-01,2.861149609088897705e-01,-7.129434496164321899e-02,-2.178019732236862183e-01,5.814434289932250977e-01
2.590960264205932617e-01,-2.339980453252792358e-01,-4.617361426353454590e-01,-3.894118368625640869e-01,-4.519673883914947510e-01,6.312863230705261230e-01,2.915197014808654785e-01,-2.473217397928237915e-01,3.276539966464042664e-02,4.117227792739868164e-01
-1.593435853719711304e-01,2.168856710195541382e-01,-5.379687547683715820e-01,2.880079746246337891e-01,-1.398060619831085205e-01,-2.015675902366638184e-01,1.452595740556716919e-01,-5.010624974966049194e-02,-6.061474680900573730e-01,1.141131222248077393e-01
3.838001489639282227e-01,-9.740946888923645020e-01,8.973477780818939209e-02,-3.754469752311706543e-01,-4.391227066516876221e-01,-1.027200579643249512e+00,-6.124843358993530273e-01,-1.660812258720397949e+00,-4.909855425357818604e-01,-2.322416454553604126e-01
2.496399283409118652e-01,2.144396454095840454e-01,9.525103867053985596e-02,-3.391130864620208740e-01,6.190080642700195312e-01,-2.235398292541503906e-01,2.849889695644378662e-01,3.487036526203155518e-01,-3.586915135383605957e-01,-1.566046178340911865e-01
3.783920407295227051e-02,-1.430463492870330811e-01,4.594371318817138672e-01,-1.342363208532333374e-01,4.918739497661590576e-01,2.398048341274261475e-02,2.985158264636993408e-01,9.042927622795104980e-01,-3.121239840984344482e-01,7.096976041793823242e-01
-1.452592015266418457e-01,3.710403144359588623e-01,1.291121989488601685e-01,4.276995956897735596e-01,1.964337229728698730e-01,2.861839905381202698e-02,3.492533564567565918e-01,-1.076060608029365540e-01,-2.145365774631500244e-01,1.729471534490585327e-01
-4.640601873397827148e-01,-5.251663327217102051e-01,2.351832091808319092e-01,1.617890745401382446e-01,4.335748553276062012e-01,-7.303080558776855469e-01,1.209396421909332275e-01,-3.248920142650604248e-01,4.950004816055297852e-01,2.198919802904129028e-01
-3.130089938640594482e-01,1.763760298490524292e-01,-3.495138585567474365e-01,5.098177194595336914e-01,-4.700442254543304443e-01,9.598915278911590576e-02,-5.340354442596435547e-01,-9.033709764480590820e-02,-4.804169237613677979e-01,4.802116155624389648e-01
-4.314608126878738403e-02,3.968777060508728027e-01,-2.689695358276367188e-01,3.311388790607452393e-01,-3.032625913619995117e-01,-6.014752984046936035e-01,2.157424204051494598e-02,-3.105956688523292542e-02,-1.744340807199478149e-01,-4.585223793983459473e-01
-2.852320969104766846e-01,4.276677593588829041e-02,-1.413695216178894043e-01,3.803696930408477783e-01,-3.722541630268096924e-01,3.343885391950607300e-02,-3.862765729427337646e-01,3.220575749874114990e-01,7.484413981437683105e-01,-1.576464921236038208e-01
-2.169245779514312744e-01,1.269662529230117798e-01,8.470685780048370361e-02,2.485793679952621460e-01,-2.588125765323638916e-01,-1.934706568717956543e-01,-3.844054639339447021e-01,2.565495371818542480e-01,1.536255180835723877e-01,-5.119541287422180176e-01
2.434704750776290894e-01,4.101268649101257324e-01,4.929400682449340820e-01,1.960515677928924561e-01,-5.958020091056823730e-01,8.172762393951416016e-01,2.980076372623443604e-01,5.115497708320617676e-01,3.799638450145721436e-01,4.605798050761222839e-02
-2.441515922546386719e-01,-3.083301484584808350e-01,5.942081809043884277e-01,2.448940724134445190e-01,-5.001172423362731934e-02,-3.973043859004974365e-01,-3.095651865005493164e-01,-5.769610032439231873e-02,4.082894325256347656e-01,7.597539424896240234e-01
1.145475730299949646e-01,-2.491220086812973022e-01,-3.381065279245376587e-02,4.225962162017822266e-01,4.878318607807159424e-01,-2.540148422122001648e-02,-6.858843564987182617e-01,1.647001057863235474e-01,2.797940075397491455e-01,3.754046186804771423e-02
-3.076958358287811279e-01,-2.741200625896453857e-01,3.148119151592254639e-01,-2.179891914129257202e-01,2.125693112611770630e-01,-1.576646417379379272e-01,-1.440513879060745239e-01,2.001991271972656250e-01,2.342298775911331177e-01,1.502821445465087891e-01
-3.285551071166992188e-01,4.014731943607330322e-02,2.409624606370925903e-01,-4.272014796733856201e-01,8.399619460105895996e-01,5.047960281372070312e-01,-7.286239266395568848e-01,5.505102872848510742e-01,-7.178436964750289917e-02,-1.536667048931121826e-01
-4.840551912784576416e-01,-1.310459375381469727e-01,-7.384412288665771484e-01,-4.787701666355133057e-01,3.005036711692810059e-02,4.999624788761138916e-01,5.674185231328010559e-02,1.020423173904418945e-01,-1.393827497959136963e-01,-4.942449629306793213e-01
-7.382190972566604614e-02,-2.503149770200252533e-02,6.067711114883422852e-01,-1.115214154124259949e-01,2.160887271165847778e-01,5.688307806849479675e-02,1.604679077863693237e-01,2.649245560169219971e-01,3.560008704662322998e-01,3.216208815574645996e-01
1.521196961402893066e-01,-4.728530645370483398e-01,-3.845099210739135742e-01,-2.158132642507553101e-01,-4.337425529956817627e-01,-8.228699564933776855e-01,4.698402285575866699e-01,-1.092569112777709961e+00,-4.159946143627166748e-01,6.548555195331573486e-02
-4.381570219993591309e-01,2.110570073127746582e-01,3.830209374427795410e-02,3.146016299724578857e-01,2.880264818668365479e-02,4.576994851231575012e-02,-6.711999420076608658e-03,-1.930006965994834900e-02,-2.995679378509521484e-01,-8.722305297851562500e-02
1.384900808334350586e-01,-1.561930179595947266e-01,-9.819938242435455322e-02,-1.765927225351333618e-01,2.493717670440673828e-01,-7.593815326690673828e-01,-1.407165378332138062e-01,-3.913014829158782959e-01,-6.725239157676696777e-01,-9.669870138168334961e-02
2.944414019584655762e-01,-2.957390844821929932e-01,-3.413447737693786621e-02,-4.204107224941253662e-01,-4.182268083095550537e-01,1.043352633714675903e-01,-1.027247495949268341e-02,-4.947513043880462646e-01,-3.694892823696136475e-01,2.370609194040298462e-01
8.056336641311645508e-02,-1.698048263788223267e-01,-5.070859938859939575e-02,-6.548575311899185181e-02,-5.751492381095886230e-01,-1.243762671947479248e-01,5.037778615951538086e-01,-7.504717707633972168e-01,-2.539472877979278564e-01,3.841712176799774170e-01
-4.824426174163818359e-01,-1.602779887616634369e-02,5.759276747703552246e-01,-1.969403624534606934e-01,1.009908020496368408e-01,3.857621848583221436e-01,-3.006344139575958252e-01,5.161841511726379395e-01,1.752184778451919556e-01,9.964707493782043457e-02
3.386504054069519043e-01,6.603684276342391968e-02,-1.827119104564189911e-02,-6.000661253929138184e-01,6.994513273239135742e-01,-4.768464863300323486e-01,-2.945485115051269531e-01,1.390594393014907837e-01,-3.015386760234832764e-01,-2.901079058647155762e-01
-5.320255160331726074e-01,-2.345142699778079987e-02,-3.995652496814727783e-01,-4.461377561092376709e-01,1.947553455829620361e-02,-5.336333066225051880e-03,-2.220593690872192383e-01,1.595031172037124634e-01,3.699455559253692627e-01,-3.289076387882232666e-01
1.888896822929382324e-01,9.712205082178115845e-02,5.137420892715454102e-01,-1.366056948900222778e-01,2.605574429035186768e-01,1.611703038215637207e-01,-8.576825261116027832e-01,4.979873299598693848e-01,1.949154399335384369e-02,-1.097273677587509155e-01
5.287321284413337708e-03,1.810572445392608643e-01,7.532928884029388428e-02,5.638147592544555664e-01,2.272453904151916504e-02,-3.157257437705993652e-01,5.773117542266845703e-01,-3.019210398197174072e-01,-1.234152987599372864e-01,3.895589709281921387e-01
1.385356485843658447e-01,-5.681484937667846680e-02,1.239521950483322144e-01,-6.574720740318298340e-01,5.227664709091186523e-01,-4.164728820323944092e-01,2.400315254926681519e-01,1.253040134906768799e-01,-5.445132255554199219e-01,1.186258196830749512e-01
-4.140357673168182373e-01,9.648583829402923584e-02,3.002963960170745850e-01,3.009609282016754150e-01,-2.918805778026580811e-01,5.907385349273681641e-01,-1.384554654359817505e-01,4.068478643894195557e-01,2.067227661609649658e-02,7.020320892333984375e-01
-6.747924536466598511e-02,-5.144902467727661133e-01,2.833282947540283203e-01,-5.669219419360160828e-02,-3.331305384635925293e-01,-9.667742252349853516e-01,-4.174550175666809082e-01,-2.766705751419067383e-01,2.098067998886108398e-01,-1.014357432723045349e-03
-1.145597696304321289e-01,1.179166659712791443e-01,2.826009690761566162e-01,-4.789605140686035156e-01,4.888641238212585449e-01,1.095211058855056763e-01,-4.143340885639190674e-01,7.367786765098571777e-02,1.483843475580215454e-01,6.390890479087829590e-02
4.375161528587341309e-01,3.183898031711578369e-01,7.217788696289062500e-01,7.875273823738098145e-01,2.162201553583145142e-01,-2.279711812734603882e-01,1.421826146543025970e-02,2.508162558078765869e-01,2.477099448442459106e-01,1.569326072931289673e-01
3.882721662521362305e-01,6.568283587694168091e-02,-3.179629445075988770e-01,1.808163672685623169e-01,-4.141639769077301025e-01,1.045052558183670044e-01,7.274590730667114258e-01,-8.882053494453430176e-01,2.897240221500396729e-01,-4.552480205893516541e-02
6.329911947250366211e-01,2.042662538588047028e-02,-3.183453977108001709e-01,1.399269849061965942e-01,3.110882639884948730e-01,-1.982177942991256714e-01,-1.044737994670867920e-01,-7.740894705057144165e-02,-1.598311960697174072e-01,-1.515589207410812378e-01
6.694377213716506958e-02,7.085931897163391113e-01,7.531770318746566772e-02,-4.654234647750854492e-01,3.401625156402587891e-02,2.570382356643676758e-01,-2.498745322227478027e-01,3.500294871628284454e-03,1.322434097528457642e-01,-7.298024892807006836e-01
1.241782158613204956e-01,1.282771825790405273e-01,8.952584862709045410e-02,-3.329284116625785828e-02,-2.417148649692535400e-02,2.812626063823699951e-01,5.408956855535507202e-02,-2.498513311147689819e-01,-3.501078188419342041e-01,6.254346966743469238e-01
-4.969395399093627930e-01,8.591901510953903198e-02,-6.852873563766479492e-01,2.838589847087860107e-01,5.914580821990966797e-01,-5.728852748870849609e-02,2.340102791786193848e-01,-1.779050976037979126e-01,3.299278616905212402e-01,-3.123577237129211426e-01
1.455183476209640503e-01,-9.993129968643188477e-02,-1.053811907768249512e-01,2.283223122358322144e-01,-3.701846301555633545e-02,4.548504650592803955e-01,1.846846006810665131e-02,-1.173173170536756516e-02,8.300657570362091064e-02,3.840212821960449219e-01
-1.126977652311325073e-01,-3.084246627986431122e-02,2.632074952125549316e-01,-2.579179108142852783e-01,-7.060068845748901367e-02,-6.831484436988830566e-01,-2.362482696771621704e-01,-2.825165688991546631e-01,-2.557298541069030762e-01,-3.488414585590362549e-01
8.841799199581146240e-02,2.777731418609619141e-01,3.339513540267944336e-01,1.530085206031799316e-01,-7.409472465515136719e-01,3.959268033504486084e-01,2.031188011169433594e-01,2.974821329116821289e-01,2.128583490848541260e-01,-1.276969164609909058e-01
6.739868968725204468e-02,1.720519810914993286e-01,3.322527706623077393e-01,-1.553059369325637817e-01,-1.530957221984863281e-01,2.722287178039550781e-01,2.756635546684265137e-01,-1.138020083308219910e-01,7.857200503349304199e-02,3.057575225830078125e-01
-5.071645602583885193e-03,-4.501498341560363770e-01,-4.408115893602371216e-02,3.878510594367980957e-01,-1.362371742725372314e-01,-6.922418475151062012e-01,2.310627102851867676e-01,-4.126825630664825439e-01,-2.896213233470916748e-01,3.989597856998443604e-01
-7.226403802633285522e-02,-1.028167754411697388e-01,-5.130531191825866699e-01,-8.801801800727844238e-01,-2.450983226299285889e-02,1.752031594514846802e-01,2.426127940416336060e-01,2.307835966348648071e-01,-1.545224785804748535e-01,-2.545378506183624268e-01
1.452872008085250854e-01,-2.597816586494445801e-01,-7.006986439228057861e-02,-2.437606900930404663e-01,-1.721386983990669250e-02,-6.860077381134033203e-01,2.770557701587677002e-01,-1.077821969985961914e+00,-7.218268513679504395e-01,3.435254395008087158e-01
9.029190987348556519e-02,-4.296576976776123047e-02,8.425020426511764526e-02,2.867560386657714844e-01,2.507685720920562744e-01,6.767136454582214355e-01,-3.741614222526550293e-01,4.487911760807037354e-01,8.246954083442687988e-01,-5.942035913467407227e-01
8.840446174144744873e-02,3.789880275726318359e-01,1.962493807077407837e-01,4.836141765117645264e-01,-2.975236177444458008e-01,8.297470211982727051e-02,-6.597197055816650391e-01,-1.772790700197219849e-01,1.645109057426452637e-02,1.031120270490646362e-01
-5.570187568664550781e-01,-8.183979243040084839e-02,1.113614439964294434e-01,2.447852194309234619e-01,-1.489982008934020996e-01,5.503805875778198242e-01,-2.274321615695953369e-01,3.581114709377288818e-01,3.370118141174316406e-01,-5.077853426337242126e-02
-1.333364546298980713e-01,3.760603070259094238e-01,2.697913534939289093e-02,4.845783412456512451e-01,-4.571762382984161377e-01,1.228786259889602661e-01,1.791323274374008179e-01,-2.072680369019508362e-02,-6.477752923965454102e-01,4.271769523620605469e-01
-8.465055376291275024e-02,1.246364340186119080e-01,-5.994630977511405945e-03,-4.159290790557861328e-01,2.084205448627471924e-01,2.052040845155715942e-01,-1.140713319182395935e-01,1.118243932723999023e-01,4.344736635684967041e-01,-5.313094258308410645e-01
3.934404551982879639e-01,-4.333157837390899658e-02,1.624405682086944580e-01,-3.438366353511810303e-01,-3.322736322879791260e-01,1.583909690380096436e-01,3.657352328300476074e-01,-1.650664359331130981e-01,-5.239002108573913574e-01,2.315346449613571167e-01
1.132260039448738098e-01,-1.017532572150230408e-01,-2.238839678466320038e-02,-4.236836433410644531e-01,2.608233690261840820e-02,4.366220533847808838e-01,9.380901604890823364e-02,6.342731118202209473e-01,3.032312961295247078e-03,6.761357784271240234e-01
-3.988580405712127686e-02,2.438642270863056183e-02,8.405216038227081299e-03,3.556785583496093750e-01,2.365722954273223877e-01,7.009708881378173828e-01,7.970971465110778809e-01,3.090110123157501221e-01,7.766619324684143066e-02,-1.018165946006774902e-01
-2.353488206863403320e-01,4.553385078907012939e-02,3.593770563602447510e-01,3.214598298072814941e-01,-2.637737244367599487e-02,4.954196512699127197e-01,-4.732505083084106445e-01,4.441058933734893799e-01,5.196149349212646484e-01,4.754217714071273804e-02
6.565307974815368652e-01,3.347696661949157715e-01,3.517527282238006592e-01,-3.232327401638031006e-01,1.594078093767166138e-01,4.424195587635040283e-01,-5.486051440238952637e-01,2.733489274978637695e-01,4.921912252902984619e-01,-2.245572805404663086e-01
1.407899260520935059e-01,1.075909361243247986e-01,-3.454718291759490967e-01,-6.045370697975158691e-01,2.840161323547363281e-02,-3.042365983128547668e-02,2.213647067546844482e-01,-2.944073379039764404e-01,1.969658210873603821e-02,-6.432155966758728027e-01
-7.079015374183654785e-01,8.497329801321029663e-02,-5.449929833412170410e-01,1.398218274116516113e-01,-1.680483818054199219e-01,-6.935745477676391602e-04,6.193060874938964844e-01,-3.116490542888641357e-01,-3.495580255985260010e-01,2.857674658298492432e-01
2.403411865234375000e-01,-1.446265429258346558e-01,6.976041793823242188e-01,-2.051709741353988647e-01,-2.750696837902069092e-01,-4.971718192100524902e-01,3.692530691623687744e-01,-4.628698527812957764e-01,6.263678520917892456e-02,5.924732089042663574e-01
7.509673237800598145e-01,1.532807201147079468e-01,1.255891323089599609e-01,4.549299478530883789e-01,-3.852257430553436279e-01,-2.324799299240112305e-01,3.900856971740722656e-01,1.087648887187242508e-02,8.451272547245025635e-02,-1.983477324247360229e-01
3.227606117725372314e-01,-1.403704434633255005e-01,-4.035538434982299805e-01,-3.605933189392089844e-01,7.018150687217712402e-01,2.366821020841598511e-01,2.421107143163681030e-01,4.035143554210662842e-01,1.452986150979995728e-01,-2.566266059875488281e-02
4.762579798698425293e-01,-4.833095520734786987e-02,-6.376310437917709351e-02,-2.646859586238861084e-01,1.220188587903976440e-01,5.548621416091918945e-01,-4.586559236049652100e-01,3.942366316914558411e-02,2.086026780307292938e-02,-1.414366811513900757e-01
9.812075495719909668e-01,-9.308020472526550293e-01,2.084535546600818634e-02,3.179885745048522949e-01,-1.356830000877380371e-01,-9.973171949386596680e-01,4.494951963424682617e-01,-1.318846106529235840e+00,4.015691876411437988e-01,3.132913410663604736e-01
-2.377496510744094849e-01,1.818617582321166992e-01,-4.837123751640319824e-01,5.688683390617370605e-01,-4.665546417236328125e-01,6.131730675697326660e-01,4.168494343757629395e-01,1.665194928646087646e-01,-4.194995164871215820e-01,1.522507965564727783e-01
-3.173105418682098389e-01,4.643565043807029724e-02,2.389776557683944702e-01,-5.646030418574810028e-03,3.905817270278930664e-01,1.485353261232376099e-01,-9.060733318328857422e-01,2.144543379545211792e-01,2.181041985750198364e-01,1.857068240642547607e-01
1.037996187806129456e-01,5.422914028167724609e-01,8.344760537147521973e-02,3.264492452144622803e-01,-2.668499350547790527e-01,-4.849112331867218018e-01,5.865109618753194809e-03,1.658324152231216431e-01,3.479236364364624023e-01,-5.311162471771240234e-01
1.860751807689666748e-01,-1.297926455736160278e-01,-3.801042139530181885e-01,1.394144594669342041e-01,-7.665426731109619141e-01,-3.815959990024566650e-01,7.056859135627746582e-01,2.802919447422027588e-01,2.306891679763793945e-01,2.048871219158172607e-01
-6.480298191308975220e-02,3.834332823753356934e-01,3.750090897083282471e-01,9.476236701011657715e-01,7.713483273983001709e-02,8.809222280979156494e-02,2.774800918996334076e-02,2.158586978912353516e-01,-1.314519494771957397e-01,5.005002021789550781e-01
-6.444571018218994141e-01,2.552682459354400635e-01,-1.435255557298660278e-01,1.828597858548164368e-02,-1.671734452247619629e-02,3.032459616661071777e-01,1.501163393259048462e-01,-1.246061772108078003e-01,3.966403901576995850e-01,-5.176822543144226074e-01
-2.286666333675384521e-01,-2.084570974111557007e-01,-5.990340560674667358e-02,3.950606659054756165e-02,-3.638706207275390625e-01,-1.128425896167755127e-01,-2.740941643714904785e-01,3.900938332080841064e-01,7.602683454751968384e-02,-6.696380674839019775e-02
2.724919021129608154e-01,1.048273071646690369e-01,1.113782078027725220e-01,-2.663601338863372803e-01,-2.742380276322364807e-02,1.122190207242965698e-01,-2.262334078550338745e-01,-3.851587176322937012e-01,-6.084199249744415283e-02,1.114301476627588272e-02
-3.117645382881164551e-01,-4.079047143459320068e-01,3.220592141151428223e-01,-6.261029094457626343e-02,-1.912955939769744873e-02,-8.123655319213867188e-01,2.375528365373611450e-01,-1.539520025253295898e-01,4.981538951396942139e-01,1.995023041963577271e-01
3.010286092758178711e-01,5.517367273569107056e-02,-7.422064542770385742e-01,1.074690148234367371e-01,-6.569468230009078979e-02,-1.638173907995223999e-01,-4.988691210746765137e-01,-8.088395595550537109e-01,1.836578994989395142e-01,-1.290513128042221069e-01
2.834866642951965332e-01,-6.126869842410087585e-02,4.897633492946624756e-01,1.253609824925661087e-02,-8.382923901081085205e-02,1.100106537342071533e-01,-9.803885594010353088e-03,3.886648640036582947e-02,-1.039906740188598633e-01,5.656493306159973145e-01
3.149156570434570312e-01,-2.177081108093261719e-01,-4.624539017677307129e-01,2.416380867362022400e-02,-7.279896736145019531e-01,6.727004647254943848e-01,7.097223401069641113e-02,-6.010382175445556641e-01,-2.978035509586334229e-01,-4.208916425704956055e-01
2.096601128578186035e-01,-5.267239212989807129e-01,6.511183977127075195e-01,2.066725939512252808e-01,5.635801553726196289e-01,-9.116145968437194824e-01,2.914859652519226074e-01,-1.035231828689575195e+00,-1.067710369825363159e-01,3.099766373634338379e-01
1.238164380192756653e-01,1.305211037397384644e-01,6.530654430389404297e-01,-3.607098162174224854e-01,7.541805505752563477e-02,-3.577665984630584717e-01,-2.885517179965972900e-01,5.276389718055725098e-01,2.871568799018859863e-01,-1.725841313600540161e-01
-7.211373001337051392e-02,-3.958751261234283447e-01,6.240604445338249207e-03,4.258522093296051025e-01,-3.033721446990966797e-01,-1.858225762844085693e-01,1.965049952268600464e-01,2.241400927305221558e-01,-1.557227671146392822e-01,8.933972120285034180e-01
-5.468941330909729004e-01,-5.075930058956146240e-02,-8.580731227993965149e-03,-9.135221689939498901e-02,3.656260073184967041e-01,3.063445165753364563e-02,9.898704290390014648e-01,1.628296971321105957e-01,1.941461488604545593e-02,-3.964231610298156738e-01
2.485815882682800293e-01,-5.365175604820251465e-01,1.059946119785308838e-01,9.626420587301254272e-02,-1.898579597473144531e-01,-4.670105576515197754e-01,-6.394168734550476074e-01,4.398429989814758301e-01,-1.233287528157234192e-02,5.584092140197753906e-01
5.613259673118591309e-01,-4.287926852703094482e-02,1.522136479616165161e-01,-2.607544958591461182e-01,-1.772505789995193481e-02,-3.122636973857879639e-01,9.562411308288574219e-01,-2.079022526741027832e-01,2.466527074575424194e-01,1.211823988705873489e-02
3.939123451709747314e-02,-1.621108800172805786e-01,-1.456800997257232666e-01,7.606472074985504150e-02,-3.142398595809936523e-02,8.607401251792907715e-01,9.546935558319091797e-02,4.364787042140960693e-01,3.637462556362152100e-01,1.834549754858016968e-01
-1.737665534019470215e-01,-6.173711270093917847e-02,6.041551828384399414e-01,3.517414033412933350e-01,8.761323690414428711e-01,6.978944540023803711e-01,2.434000521898269653e-01,5.230363607406616211e-01,3.857559859752655029e-01,2.389740794897079468e-01
-6.315951943397521973e-01,9.591482579708099365e-02,-4.720036685466766357e-02,-1.077387809753417969e+00,-1.272936761379241943e-01,-3.414649963378906250e-01,8.851846680045127869e-03,2.403409630060195923e-01,-2.419251948595046997e-01,-5.979761481285095215e-01
2.512952685356140137e-01,-1.958925463259220123e-02,-9.482143074274063110e-02,9.519214928150177002e-02,6.764463186264038086e-01,1.702170521020889282e-01,-8.760248422622680664e-01,9.491791576147079468e-02,1.636477410793304443e-01,6.139386072754859924e-02
4.213150143623352051e-01,-4.294607937335968018e-01,-1.405584067106246948e-01,-5.404107570648193359e-01,-4.153355062007904053e-01,2.123227901756763458e-02,1.038105711340904236e-01,-7.843143343925476074e-01,-4.162491559982299805e-01,3.583076000213623047e-01
5.196312814950942993e-02,-1.101927533745765686e-01,-1.142811477184295654e-01,7.216658443212509155e-02,1.002404689788818359e-01,-4.266803860664367676e-01,-5.539275333285331726e-02,3.145820796489715576e-01,-3.843782842159271240e-01,-1.959035694599151611e-01
-8.643952757120132446e-02,-6.329651921987533569e-02,-6.418620944023132324e-01,-2.360351830720901489e-01,-9.308362007141113281e-02,-7.365129888057708740e-02,4.802716672420501709e-01,-2.903502583503723145e-01,-2.227528244256973267e-01,-2.486482411623001099e-01
-7.368197292089462280e-02,-1.607528328895568848e-01,-3.694217801094055176e-01,-1.812950372695922852e-01,6.805392503738403320e-01,1.699632555246353149e-01,-1.230686828494071960e-01,4.155685305595397949e-01,2.843164466321468353e-02,-3.832379281520843506e-01
1.253727376461029053e-01,-2.660828456282615662e-02,-1.783981472253799438e-01,5.238857865333557129e-01,5.208550095558166504e-01,1.785099953413009644e-01,1.223776862025260925e-01,1.864196956157684326e-01,-1.630050241947174072e-01,1.024742126464843750e+00
-9.311017990112304688e-01,-7.758809719234704971e-03,1.328376531600952148e-01,5.850799679756164551e-01,-1.359482109546661377e-01,2.279379665851593018e-01,-1.658836007118225098e-01,2.402696013450622559e-01,1.099599301815032959e-01,1.527793854475021362e-01
2.519493401050567627e-01,2.382680475711822510e-01,6.786618232727050781e-01,6.588108092546463013e-02,-1.977970749139785767e-01,-3.104968369007110596e-01,4.275027215480804443e-01,2.231722325086593628e-01,1.560142189264297485e-01,1.639732122421264648e-01
-7.807576060295104980e-01,-1.567233055830001831e-01,7.530682533979415894e-02,-1.939332634210586548e-01,9.177404642105102539e-02,-2.949383556842803955e-01,-1.421125978231430054e-01,4.344405531883239746e-01,6.214913725852966309e-02,-5.029366016387939453e-01
1.979529261589050293e-01,1.018617451190948486e-01,-5.653221160173416138e-04,2.442245930433273315e-01,2.367518395185470581e-01,7.785266637802124023e-01,-2.224940359592437744e-01,1.217151358723640442e-01,8.750841766595840454e-02,-1.136922538280487061e-01
6.608691215515136719e-01,3.549609482288360596e-01,4.578120112419128418e-01,-8.404404520988464355e-01,7.217443734407424927e-02,-1.769703924655914307e-01,-6.384819746017456055e-01,5.105934143066406250e-01,-7.079645991325378418e-02,-1.945294737815856934e-01
-1.090115867555141449e-02,2.656095623970031738e-01,7.903458476066589355e-01,2.516530826687812805e-02,-2.995064258575439453e-01,-6.967099010944366455e-02,4.647590517997741699e-01,6.791765093803405762e-01,1.467924714088439941e-01,2.043352872133255005e-01
-5.389444828033447266e-01,2.572463825345039368e-02,-2.281707338988780975e-02,-1.013555526733398438e-01,-3.169202506542205811e-01,2.017156332731246948e-01,2.998073101043701172e-01,3.205295205116271973e-01,7.378563284873962402e-01,-2.994641065597534180e-01
