val_f5_mae,val_f5_rmse,total_val_loss,epoch,step,train_f5_mae,train_f5_rmse,total_train_loss,l1_weight_loss,l2_weight_loss,l1_bias_loss,l2_bias_loss
0.8139618635177612,0.9974735379219055,0.8139618635177612,0,15,,,,,,,
,,,0,15,0.971028208732605,1.1767154932022095,1.0802478790283203,0.10921968519687653,0.0,0.0,0.0
0.740606427192688,0.9212921261787415,0.740606427192688,1,31,,,,,,,
,,,1,31,0.8980768322944641,1.090681791305542,1.0076266527175903,0.10954971611499786,0.0,0.0,0.0
0.6811697483062744,0.8710867166519165,0.6811697483062744,2,47,,,,,,,
,,,2,47,0.8499353528022766,1.031211256980896,0.9597387313842773,0.10980335623025894,0.0,0.0,0.0
0.6491045951843262,0.8401163220405579,0.6491045951843262,3,63,,,,,,,
,,,3,63,0.8116579055786133,0.9721705317497253,0.9215102195739746,0.10985235869884491,0.0,0.0,0.0
0.6398863792419434,0.8241313695907593,0.6398863792419434,4,79,,,,,,,
,,,4,79,0.7928251624107361,0.9698875546455383,0.9029397964477539,0.11011461168527603,0.0,0.0,0.0
0.6372132301330566,0.817004382610321,0.6372132301330566,5,95,,,,,,,
,,,5,95,0.7811855673789978,0.9631128311157227,0.8911115527153015,0.1099260076880455,0.0,0.0,0.0
0.6363279223442078,0.8096439242362976,0.6363279223442078,6,111,,,,,,,
,,,6,111,0.7747341990470886,0.9508288502693176,0.8840075731277466,0.10927335917949677,0.0,0.0,0.0
0.6343095898628235,0.8076604008674622,0.6343095898628235,7,127,,,,,,,
,,,7,127,0.768587052822113,0.953421413898468,0.8772217631340027,0.10863453149795532,0.0,0.0,0.0
0.6317043304443359,0.8031258583068848,0.6317043304443359,8,143,,,,,,,
,,,8,143,0.7655359506607056,0.9397303462028503,0.87347012758255,0.10793416202068329,0.0,0.0,0.0
0.632836103439331,0.7989765405654907,0.632836103439331,9,159,,,,,,,
,,,9,159,0.7622843980789185,0.9301618337631226,0.8696566820144653,0.10737226903438568,0.0,0.0,0.0
0.6338521242141724,0.7972769141197205,0.6338521242141724,10,175,,,,,,,
,,,10,175,0.7587188482284546,0.9362772107124329,0.8656110763549805,0.10689233243465424,0.0,0.0,0.0
0.6325133442878723,0.7944245338439941,0.6325133442878723,11,191,,,,,,,
,,,11,191,0.7550889253616333,0.9241312742233276,0.8614668846130371,0.10637803375720978,0.0,0.0,0.0
0.6325951814651489,0.7919877171516418,0.6325951814651489,12,207,,,,,,,
,,,12,207,0.7516309022903442,0.9239554405212402,0.8575464487075806,0.1059156060218811,0.0,0.0,0.0
0.632763147354126,0.789860725402832,0.632763147354126,13,223,,,,,,,
,,,13,223,0.74849933385849,0.9235637784004211,0.8539039492607117,0.10540459305047989,0.0,0.0,0.0
0.6308229565620422,0.7879872918128967,0.6308229565620422,14,239,,,,,,,
,,,14,239,0.7454441785812378,0.9258043169975281,0.8504359126091003,0.10499171167612076,0.0,0.0,0.0
0.6314083933830261,0.7864726185798645,0.6314083933830261,15,255,,,,,,,
,,,15,255,0.7422156929969788,0.9148577451705933,0.8467622995376587,0.10454653203487396,0.0,0.0,0.0
0.6305257081985474,0.7857879996299744,0.6305257081985474,16,271,,,,,,,
,,,16,271,0.7398244738578796,0.9096748232841492,0.8439149856567383,0.10409042984247208,0.0,0.0,0.0
0.6298376321792603,0.7833822965621948,0.6298376321792603,17,287,,,,,,,
,,,17,287,0.7373163104057312,0.9094905853271484,0.8409581184387207,0.10364179313182831,0.0,0.0,0.0
0.6290507316589355,0.7805560827255249,0.6290507316589355,18,303,,,,,,,
,,,18,303,0.7367082238197327,0.8854340314865112,0.8399364352226257,0.10322816669940948,0.0,0.0,0.0
0.6255983710289001,0.7787896394729614,0.6255983710289001,19,319,,,,,,,
,,,19,319,0.7336262464523315,0.9021745920181274,0.8363181352615356,0.10269193351268768,0.0,0.0,0.0
0.625679612159729,0.7781328558921814,0.625679612159729,20,335,,,,,,,
,,,20,335,0.7309703826904297,0.8925798535346985,0.8332041501998901,0.10223369300365448,0.0,0.0,0.0
0.6232537031173706,0.7759860157966614,0.6232537031173706,21,351,,,,,,,
,,,21,351,0.7289739847183228,0.9016190767288208,0.8307595252990723,0.10178561508655548,0.0,0.0,0.0
0.6194270253181458,0.7732329368591309,0.6194270253181458,22,367,,,,,,,
,,,22,367,0.7271715998649597,0.9008941650390625,0.8284831047058105,0.10131148993968964,0.0,0.0,0.0
0.6247502565383911,0.7740816473960876,0.6247502565383911,23,383,,,,,,,
,,,23,383,0.7257424592971802,0.901266872882843,0.8266976475715637,0.10095512866973877,0.0,0.0,0.0
0.6214309930801392,0.7718778848648071,0.6214309930801392,24,399,,,,,,,
,,,24,399,0.722439706325531,0.8956416845321655,0.8229840993881226,0.10054437816143036,0.0,0.0,0.0
0.6214439868927002,0.7713416218757629,0.6214439868927002,25,415,,,,,,,
,,,25,415,0.7205185890197754,0.8971997499465942,0.8206180334091187,0.10009946674108505,0.0,0.0,0.0
0.619813084602356,0.769264817237854,0.619813084602356,26,431,,,,,,,
,,,26,431,0.7187020182609558,0.8881370425224304,0.8183110952377319,0.09960911422967911,0.0,0.0,0.0
0.6164134740829468,0.7678053975105286,0.6164134740829468,27,447,,,,,,,
,,,27,447,0.7164677381515503,0.8935253024101257,0.8155326843261719,0.099064901471138,0.0,0.0,0.0
0.6129333972930908,0.7638589143753052,0.6129333972930908,28,463,,,,,,,
,,,28,463,0.7152087688446045,0.883215606212616,0.8137533068656921,0.09854450076818466,0.0,0.0,0.0
0.6159875392913818,0.7664812803268433,0.6159875392913818,29,479,,,,,,,
,,,29,479,0.7131034135818481,0.8947470784187317,0.8112196922302246,0.09811636805534363,0.0,0.0,0.0
0.615125834941864,0.7656840085983276,0.615125834941864,30,495,,,,,,,
,,,30,495,0.7104324698448181,0.8886772990226746,0.8082745671272278,0.09784203767776489,0.0,0.0,0.0
0.6143184304237366,0.764161229133606,0.6143184304237366,31,511,,,,,,,
,,,31,511,0.7085953950881958,0.8779471516609192,0.8060665130615234,0.09747114032506943,0.0,0.0,0.0
0.6154693365097046,0.764372706413269,0.6154693365097046,32,527,,,,,,,
,,,32,527,0.7068304419517517,0.890141487121582,0.8038110733032227,0.09698058664798737,0.0,0.0,0.0
0.6112608909606934,0.7629634141921997,0.6112608909606934,33,543,,,,,,,
,,,33,543,0.7049126029014587,0.8838579058647156,0.8014671206474304,0.09655456244945526,0.0,0.0,0.0
0.6113196611404419,0.7631054520606995,0.6113196611404419,34,559,,,,,,,
,,,34,559,0.7029698491096497,0.8862592577934265,0.7991706132888794,0.09620077908039093,0.0,0.0,0.0
0.6099414229393005,0.76157146692276,0.6099414229393005,35,575,,,,,,,
,,,35,575,0.7008419632911682,0.8797866702079773,0.7966566681861877,0.09581466019153595,0.0,0.0,0.0
0.6129934191703796,0.7633404731750488,0.6129934191703796,36,591,,,,,,,
,,,36,591,0.699095606803894,0.8762716054916382,0.7945432662963867,0.09544762223958969,0.0,0.0,0.0
0.6065497398376465,0.7603915333747864,0.6065497398376465,37,607,,,,,,,
,,,37,607,0.6972450017929077,0.8831639289855957,0.7922168970108032,0.09497199952602386,0.0,0.0,0.0
0.6039018630981445,0.7591670155525208,0.6039018630981445,38,623,,,,,,,
,,,38,623,0.6958022713661194,0.8710492253303528,0.7902940511703491,0.09449173510074615,0.0,0.0,0.0
0.6080881357192993,0.7600784301757812,0.6080881357192993,39,639,,,,,,,
,,,39,639,0.6945046186447144,0.882230281829834,0.7886942625045776,0.09418965876102448,0.0,0.0,0.0
0.6072112321853638,0.7604883909225464,0.6072112321853638,40,655,,,,,,,
,,,40,655,0.6913622617721558,0.870611310005188,0.7852251529693604,0.09386296570301056,0.0,0.0,0.0
0.6022334098815918,0.7587994337081909,0.6022334098815918,41,671,,,,,,,
,,,41,671,0.6899207830429077,0.8651689291000366,0.783315122127533,0.09339441359043121,0.0,0.0,0.0
0.6036846041679382,0.759834349155426,0.6036846041679382,42,687,,,,,,,
,,,42,687,0.6887028813362122,0.867475152015686,0.7817822694778442,0.09307943284511566,0.0,0.0,0.0
0.6014813184738159,0.7596758604049683,0.6014813184738159,43,703,,,,,,,
,,,43,703,0.686638593673706,0.8680874705314636,0.7793785929679871,0.092739999294281,0.0,0.0,0.0
0.601917564868927,0.760225236415863,0.601917564868927,44,719,,,,,,,
,,,44,719,0.6857722401618958,0.8754073977470398,0.7782200574874878,0.09244783222675323,0.0,0.0,0.0
0.5993039608001709,0.7583910226821899,0.5993039608001709,45,735,,,,,,,
,,,45,735,0.6841109991073608,0.8691087961196899,0.7761667966842651,0.09205576032400131,0.0,0.0,0.0
0.597997784614563,0.7579964399337769,0.597997784614563,46,751,,,,,,,
,,,46,751,0.6830588579177856,0.8597058057785034,0.7746515870094299,0.09159275144338608,0.0,0.0,0.0
0.5979294776916504,0.7582276463508606,0.5979294776916504,47,767,,,,,,,
,,,47,767,0.6816726922988892,0.863612949848175,0.7728912830352783,0.0912184789776802,0.0,0.0,0.0
0.5970382690429688,0.7586652040481567,0.5970382690429688,48,783,,,,,,,
,,,48,783,0.6816602349281311,0.8702126741409302,0.7724853754043579,0.09082507342100143,0.0,0.0,0.0
0.6011160612106323,0.7607607245445251,0.6011160612106323,49,799,,,,,,,
,,,49,799,0.6810159087181091,0.8689994812011719,0.7715924382209778,0.09057654440402985,0.0,0.0,0.0
0.598253071308136,0.7627289891242981,0.598253071308136,50,815,,,,,,,
,,,50,815,0.6785612106323242,0.8770033121109009,0.7687745094299316,0.09021322429180145,0.0,0.0,0.0
0.5978142023086548,0.7639970779418945,0.5978142023086548,51,831,,,,,,,
,,,51,831,0.6787132620811462,0.8866244554519653,0.768522322177887,0.08980901539325714,0.0,0.0,0.0
0.6011104583740234,0.7650948762893677,0.6011104583740234,52,847,,,,,,,
,,,52,847,0.6773408651351929,0.8725196719169617,0.766762912273407,0.08942204713821411,0.0,0.0,0.0
0.5969101786613464,0.7640628218650818,0.5969101786613464,53,863,,,,,,,
,,,53,863,0.6760134100914001,0.8736655116081238,0.7650421261787415,0.08902866393327713,0.0,0.0,0.0
0.5953255295753479,0.7627550959587097,0.5953255295753479,54,879,,,,,,,
,,,54,879,0.6759880185127258,0.8744613528251648,0.7645584344863892,0.08857039362192154,0.0,0.0,0.0
0.593902587890625,0.7619519829750061,0.593902587890625,55,895,,,,,,,
,,,55,895,0.6750157475471497,0.8634846806526184,0.763180136680603,0.08816450089216232,0.0,0.0,0.0
0.5939702987670898,0.7627311944961548,0.5939702987670898,56,911,,,,,,,
,,,56,911,0.6751139760017395,0.8576782941818237,0.7628726959228516,0.08775865286588669,0.0,0.0,0.0
0.6007376909255981,0.7670639753341675,0.6007376909255981,57,927,,,,,,,
,,,57,927,0.6752212047576904,0.8743779063224792,0.7626851797103882,0.08746400475502014,0.0,0.0,0.0
0.5950487852096558,0.7659159898757935,0.5950487852096558,58,943,,,,,,,
,,,58,943,0.6729351282119751,0.8653484582901001,0.7601044774055481,0.087169349193573,0.0,0.0,0.0
0.5955806374549866,0.7673131227493286,0.5955806374549866,59,959,,,,,,,
,,,59,959,0.6721557378768921,0.862768828868866,0.759006142616272,0.08685038238763809,0.0,0.0,0.0
0.5974454879760742,0.7682496309280396,0.5974454879760742,60,975,,,,,,,
,,,60,975,0.6711541414260864,0.8643155097961426,0.7577235102653503,0.0865693911910057,0.0,0.0,0.0
0.5959588885307312,0.7671546936035156,0.5959588885307312,61,991,,,,,,,
,,,61,991,0.6716481447219849,0.8730270266532898,0.7578381299972534,0.08619002252817154,0.0,0.0,0.0
0.593189537525177,0.7666679620742798,0.593189537525177,62,1007,,,,,,,
,,,62,1007,0.6697677969932556,0.8665448427200317,0.7557002305984497,0.08593237400054932,0.0,0.0,0.0
0.5943194627761841,0.7677127718925476,0.5943194627761841,63,1023,,,,,,,
,,,63,1023,0.6693993806838989,0.8717314600944519,0.7549191117286682,0.08551977574825287,0.0,0.0,0.0
0.5924457311630249,0.767743706703186,0.5924457311630249,64,1039,,,,,,,
,,,64,1039,0.6685954332351685,0.8761814832687378,0.7538014054298401,0.08520592749118805,0.0,0.0,0.0
0.597814679145813,0.7725075483322144,0.597814679145813,65,1055,,,,,,,
,,,65,1055,0.6701582670211792,0.8857307434082031,0.7551586627960205,0.0850004181265831,0.0,0.0,0.0
0.5916794538497925,0.7686784267425537,0.5916794538497925,66,1071,,,,,,,
,,,66,1071,0.6678442358970642,0.8525872230529785,0.7526136636734009,0.08476947247982025,0.0,0.0,0.0
0.5929851531982422,0.7706817388534546,0.5929851531982422,67,1087,,,,,,,
,,,67,1087,0.6671570539474487,0.8534793853759766,0.7517338991165161,0.08457673341035843,0.0,0.0,0.0
0.5972954630851746,0.7747789621353149,0.5972954630851746,68,1103,,,,,,,
,,,68,1103,0.6675713062286377,0.893607497215271,0.7519493103027344,0.08437804877758026,0.0,0.0,0.0
0.5926815271377563,0.7727826833724976,0.5926815271377563,69,1119,,,,,,,
,,,69,1119,0.6658856272697449,0.8661707043647766,0.7499839663505554,0.08409837633371353,0.0,0.0,0.0
0.5933511853218079,0.7735041379928589,0.5933511853218079,70,1135,,,,,,,
,,,70,1135,0.6651104688644409,0.8706461191177368,0.7489447593688965,0.08383429050445557,0.0,0.0,0.0
0.5929855108261108,0.7737966775894165,0.5929855108261108,71,1151,,,,,,,
,,,71,1151,0.6641055345535278,0.8916323781013489,0.7477124333381653,0.08360690623521805,0.0,0.0,0.0
0.5924288034439087,0.7743042707443237,0.5924288034439087,72,1167,,,,,,,
,,,72,1167,0.6636790037155151,0.8680499792098999,0.7470059990882874,0.0833270475268364,0.0,0.0,0.0
0.5921626687049866,0.7753511071205139,0.5921626687049866,73,1183,,,,,,,
,,,73,1183,0.6632174253463745,0.8821908831596375,0.7462646961212158,0.0830472856760025,0.0,0.0,0.0
0.5945125818252563,0.7778581380844116,0.5945125818252563,74,1199,,,,,,,
,,,74,1199,0.6625191569328308,0.8760402798652649,0.7453347444534302,0.08281569182872772,0.0,0.0,0.0
0.5944755673408508,0.7782069444656372,0.5944755673408508,75,1215,,,,,,,
,,,75,1215,0.6625567674636841,0.8792833089828491,0.7450600862503052,0.08250322937965393,0.0,0.0,0.0
0.5922890901565552,0.7783725261688232,0.5922890901565552,76,1231,,,,,,,
,,,76,1231,0.6627553701400757,0.8768371343612671,0.7450331449508667,0.08227775990962982,0.0,0.0,0.0
0.5953505635261536,0.780547022819519,0.5953505635261536,77,1247,,,,,,,
,,,77,1247,0.6615830063819885,0.8921066522598267,0.7435933351516724,0.08201026171445847,0.0,0.0,0.0
0.592424213886261,0.7802895307540894,0.592424213886261,78,1263,,,,,,,
,,,78,1263,0.6601954698562622,0.8978838920593262,0.7419425845146179,0.0817471593618393,0.0,0.0,0.0
0.5905684232711792,0.7790437936782837,0.5905684232711792,79,1279,,,,,,,
,,,79,1279,0.6601310968399048,0.8755548596382141,0.7416079044342041,0.08147671073675156,0.0,0.0,0.0
0.5909227132797241,0.7810660004615784,0.5909227132797241,80,1295,,,,,,,
,,,80,1295,0.6599587202072144,0.8839774131774902,0.7411701679229736,0.08121152222156525,0.0,0.0,0.0
0.5920611619949341,0.7815960049629211,0.5920611619949341,81,1311,,,,,,,
,,,81,1311,0.6591637134552002,0.8852373361587524,0.7402063012123108,0.08104248344898224,0.0,0.0,0.0
0.5947905778884888,0.7838512063026428,0.5947905778884888,82,1327,,,,,,,
,,,82,1327,0.6588359475135803,0.8681991696357727,0.7396241426467896,0.08078821003437042,0.0,0.0,0.0
0.5947995781898499,0.7850353121757507,0.5947995781898499,83,1343,,,,,,,
,,,83,1343,0.6587832570075989,0.8780473470687866,0.7393140196800232,0.0805307999253273,0.0,0.0,0.0
0.5913635492324829,0.7845103144645691,0.5913635492324829,84,1359,,,,,,,
,,,84,1359,0.6574376821517944,0.874823272228241,0.7376245260238647,0.0801868587732315,0.0,0.0,0.0
0.5886024236679077,0.7826212644577026,0.5886024236679077,85,1375,,,,,,,
,,,85,1375,0.6574873924255371,0.8820779919624329,0.7373756170272827,0.07988817244768143,0.0,0.0,0.0
0.592866063117981,0.7866387367248535,0.592866063117981,86,1391,,,,,,,
,,,86,1391,0.6593737006187439,0.8743398785591125,0.7391092777252197,0.07973546534776688,0.0,0.0,0.0
0.5935295224189758,0.7872589230537415,0.5935295224189758,87,1407,,,,,,,
,,,87,1407,0.6558958292007446,0.8823534846305847,0.7354140877723694,0.07951837033033371,0.0,0.0,0.0
0.5937695503234863,0.7884361147880554,0.5937695503234863,88,1423,,,,,,,
,,,88,1423,0.6553815603256226,0.891726016998291,0.7346965074539185,0.0793149545788765,0.0,0.0,0.0
0.590543270111084,0.7875461578369141,0.590543270111084,89,1439,,,,,,,
,,,89,1439,0.6549533009529114,0.8557013273239136,0.7340548038482666,0.07910142093896866,0.0,0.0,0.0
0.588930606842041,0.7874622344970703,0.588930606842041,90,1455,,,,,,,
,,,90,1455,0.6543956995010376,0.8881691098213196,0.733267605304718,0.07887185364961624,0.0,0.0,0.0
0.5931411981582642,0.7901936769485474,0.5931411981582642,91,1471,,,,,,,
,,,91,1471,0.6552466154098511,0.8821696043014526,0.7339733839035034,0.0787268802523613,0.0,0.0,0.0
0.5881211161613464,0.7882855534553528,0.5881211161613464,92,1487,,,,,,,
,,,92,1487,0.6537607908248901,0.8953456878662109,0.7322540879249573,0.07849325239658356,0.0,0.0,0.0
0.5871609449386597,0.7876835465431213,0.5871609449386597,93,1503,,,,,,,
,,,93,1503,0.6538357734680176,0.8921688199043274,0.7321024537086487,0.0782666802406311,0.0,0.0,0.0
0.5893675684928894,0.789794921875,0.5893675684928894,94,1519,,,,,,,
,,,94,1519,0.6529501676559448,0.8873478770256042,0.7311263084411621,0.07817626744508743,0.0,0.0,0.0
0.5844974517822266,0.786392092704773,0.5844974517822266,95,1535,,,,,,,
,,,95,1535,0.6530433893203735,0.8831647634506226,0.7309880256652832,0.07794469594955444,0.0,0.0,0.0
0.5841724276542664,0.785857081413269,0.5841724276542664,96,1551,,,,,,,
,,,96,1551,0.6525749564170837,0.872053325176239,0.7302590608596802,0.07768412679433823,0.0,0.0,0.0
0.5902206897735596,0.7914263606071472,0.5902206897735596,97,1567,,,,,,,
,,,97,1567,0.6543524265289307,0.8905491828918457,0.7320124506950378,0.07766005396842957,0.0,0.0,0.0
0.583848774433136,0.7876513600349426,0.583848774433136,98,1583,,,,,,,
,,,98,1583,0.6531845927238464,0.8840788006782532,0.7305992841720581,0.0774146169424057,0.0,0.0,0.0
0.5850418210029602,0.7889019250869751,0.5850418210029602,99,1599,,,,,,,
,,,99,1599,0.6526538729667664,0.8883207440376282,0.7299052476882935,0.07725130021572113,0.0,0.0,0.0
0.5845964550971985,0.7901345491409302,0.5845964550971985,100,1615,,,,,,,
,,,100,1615,0.6519564390182495,0.8830281496047974,0.7289502024650574,0.07699375599622726,0.0,0.0,0.0
0.5846627950668335,0.7897671461105347,0.5846627950668335,101,1631,,,,,,,
,,,101,1631,0.6510889530181885,0.8939098119735718,0.7279127240180969,0.07682377099990845,0.0,0.0,0.0
0.5846531391143799,0.789924144744873,0.5846531391143799,102,1647,,,,,,,
,,,102,1647,0.6508777141571045,0.8945601582527161,0.7274749279022217,0.07659723609685898,0.0,0.0,0.0
0.5814828276634216,0.788429856300354,0.5814828276634216,103,1663,,,,,,,
,,,103,1663,0.6506956219673157,0.8968557119369507,0.7271233797073364,0.07642780244350433,0.0,0.0,0.0
0.5844355821609497,0.792027473449707,0.5844355821609497,104,1679,,,,,,,
,,,104,1679,0.6509770750999451,0.8775557279586792,0.7273136973381042,0.07633666694164276,0.0,0.0,0.0
0.5843221545219421,0.7914673089981079,0.5843221545219421,105,1695,,,,,,,
,,,105,1695,0.6495641469955444,0.8636442422866821,0.7257892489433289,0.07622504979372025,0.0,0.0,0.0
0.5838724374771118,0.7929567694664001,0.5838724374771118,106,1711,,,,,,,
,,,106,1711,0.6506995558738708,0.8878009915351868,0.72673499584198,0.07603544741868973,0.0,0.0,0.0
0.5812761783599854,0.7909449338912964,0.5812761783599854,107,1727,,,,,,,
,,,107,1727,0.6498715281486511,0.8982946276664734,0.7256703972816467,0.07579891383647919,0.0,0.0,0.0
0.5832423567771912,0.7925592660903931,0.5832423567771912,108,1743,,,,,,,
,,,108,1743,0.6494454145431519,0.88502436876297,0.7250911593437195,0.07564575970172882,0.0,0.0,0.0
0.5841277837753296,0.7926561832427979,0.5841277837753296,109,1759,,,,,,,
,,,109,1759,0.6495388746261597,0.8925431370735168,0.7251169085502625,0.07557810842990875,0.0,0.0,0.0
0.5821534991264343,0.7918775677680969,0.5821534991264343,110,1775,,,,,,,
,,,110,1775,0.6488721966743469,0.8878898620605469,0.7241740226745605,0.07530178129673004,0.0,0.0,0.0
0.5822108387947083,0.7926715016365051,0.5822108387947083,111,1791,,,,,,,
,,,111,1791,0.6483648419380188,0.8768726587295532,0.7234715223312378,0.07510675489902496,0.0,0.0,0.0
0.582779586315155,0.7935625314712524,0.582779586315155,112,1807,,,,,,,
,,,112,1807,0.6482199430465698,0.8651450872421265,0.7232269048690796,0.07500696182250977,0.0,0.0,0.0
0.5862293839454651,0.7968038320541382,0.5862293839454651,113,1823,,,,,,,
,,,113,1823,0.6485790610313416,0.8809348940849304,0.7235013246536255,0.07492229342460632,0.0,0.0,0.0
0.5831650495529175,0.7952062487602234,0.5831650495529175,114,1839,,,,,,,
,,,114,1839,0.6471915245056152,0.8998802900314331,0.7219251990318298,0.0747336894273758,0.0,0.0,0.0
0.5823604464530945,0.7953643798828125,0.5823604464530945,115,1855,,,,,,,
,,,115,1855,0.6474038362503052,0.8978757858276367,0.7218722105026245,0.07446835935115814,0.0,0.0,0.0
0.5825601816177368,0.7969354391098022,0.5825601816177368,116,1871,,,,,,,
,,,116,1871,0.6479318737983704,0.8963985443115234,0.72221839427948,0.07428653538227081,0.0,0.0,0.0
0.5795767903327942,0.794646143913269,0.5795767903327942,117,1887,,,,,,,
,,,117,1887,0.6472967863082886,0.8898590207099915,0.7213650941848755,0.07406830787658691,0.0,0.0,0.0
0.5814144015312195,0.7951356172561646,0.5814144015312195,118,1903,,,,,,,
,,,118,1903,0.6474083065986633,0.8912156224250793,0.721301257610321,0.0738929882645607,0.0,0.0,0.0
0.5818670392036438,0.795581579208374,0.5818670392036438,119,1919,,,,,,,
,,,119,1919,0.6469042897224426,0.8757448196411133,0.7206662893295288,0.0737619549036026,0.0,0.0,0.0
0.5809114575386047,0.796871542930603,0.5809114575386047,120,1935,,,,,,,
,,,120,1935,0.6483872532844543,0.8761736750602722,0.721936821937561,0.07354958355426788,0.0,0.0,0.0
0.5817554593086243,0.7965616583824158,0.5817554593086243,121,1951,,,,,,,
,,,121,1951,0.6464425325393677,0.8963143229484558,0.7198076248168945,0.07336501777172089,0.0,0.0,0.0
0.5814220905303955,0.7952582836151123,0.5814220905303955,122,1967,,,,,,,
,,,122,1967,0.6467795968055725,0.903590202331543,0.7199940085411072,0.07321451604366302,0.0,0.0,0.0
0.5814083218574524,0.7973619699478149,0.5814083218574524,123,1983,,,,,,,
,,,123,1983,0.64576256275177,0.8923783302307129,0.7188163995742798,0.07305385172367096,0.0,0.0,0.0
0.5793853998184204,0.7967527508735657,0.5793853998184204,124,1999,,,,,,,
,,,124,1999,0.6458245515823364,0.8898376226425171,0.7186357378959656,0.07281120866537094,0.0,0.0,0.0
0.5809494853019714,0.798008382320404,0.5809494853019714,125,2015,,,,,,,
,,,125,2015,0.6459375023841858,0.8884122967720032,0.7185490131378174,0.07261158525943756,0.0,0.0,0.0
0.5828620195388794,0.7997056841850281,0.5828620195388794,126,2031,,,,,,,
,,,126,2031,0.6457372903823853,0.9139987230300903,0.7182155847549438,0.07247833907604218,0.0,0.0,0.0
0.5794063806533813,0.7975600957870483,0.5794063806533813,127,2047,,,,,,,
,,,127,2047,0.6456388235092163,0.8843265771865845,0.7179545760154724,0.07231572270393372,0.0,0.0,0.0
0.5794275999069214,0.7978904247283936,0.5794275999069214,128,2063,,,,,,,
,,,128,2063,0.6448715329170227,0.8951350450515747,0.7170142531394958,0.07214261591434479,0.0,0.0,0.0
0.579742431640625,0.7998706102371216,0.579742431640625,129,2079,,,,,,,
,,,129,2079,0.645147442817688,0.8928371667861938,0.7171244025230408,0.07197697460651398,0.0,0.0,0.0
0.5791640877723694,0.7978481650352478,0.5791640877723694,130,2095,,,,,,,
,,,130,2095,0.6448529958724976,0.880267322063446,0.716648519039154,0.07179547846317291,0.0,0.0,0.0
0.580366849899292,0.7984210848808289,0.580366849899292,131,2111,,,,,,,
,,,131,2111,0.6450133919715881,0.9073690176010132,0.7166579961776733,0.0716446191072464,0.0,0.0,0.0
0.5781662464141846,0.798994243144989,0.5781662464141846,132,2127,,,,,,,
,,,132,2127,0.6440630555152893,0.8968589901924133,0.7154840230941772,0.07142101228237152,0.0,0.0,0.0
0.5770574808120728,0.7969693541526794,0.5770574808120728,133,2143,,,,,,,
,,,133,2143,0.6441358327865601,0.8843267560005188,0.7153029441833496,0.07116711139678955,0.0,0.0,0.0
0.5789301991462708,0.8005062341690063,0.5789301991462708,134,2159,,,,,,,
,,,134,2159,0.6452068090438843,0.8917590379714966,0.7161940336227417,0.07098733633756638,0.0,0.0,0.0
0.5782079100608826,0.7969444990158081,0.5782079100608826,135,2175,,,,,,,
,,,135,2175,0.6449390649795532,0.8926647305488586,0.7158545255661011,0.07091536372900009,0.0,0.0,0.0
0.5783337950706482,0.797918438911438,0.5783337950706482,136,2191,,,,,,,
,,,136,2191,0.6433034539222717,0.8898937106132507,0.7139724493026733,0.07066910713911057,0.0,0.0,0.0
0.5789169073104858,0.7995598316192627,0.5789169073104858,137,2207,,,,,,,
,,,137,2207,0.6438024044036865,0.8894690275192261,0.7143136262893677,0.07051115483045578,0.0,0.0,0.0
0.5790342092514038,0.7984424233436584,0.5790342092514038,138,2223,,,,,,,
,,,138,2223,0.6437100172042847,0.8977478742599487,0.7140637636184692,0.07035376131534576,0.0,0.0,0.0
0.5778438448905945,0.7988726496696472,0.5778438448905945,139,2239,,,,,,,
,,,139,2239,0.6430817246437073,0.8806440234184265,0.7131754159927368,0.07009375095367432,0.0,0.0,0.0
0.5761300921440125,0.7978842258453369,0.5761300921440125,140,2255,,,,,,,
,,,140,2255,0.6435920000076294,0.8673509359359741,0.7135536670684814,0.06996173411607742,0.0,0.0,0.0
0.5768268704414368,0.7996451258659363,0.5768268704414368,141,2271,,,,,,,
,,,141,2271,0.642387330532074,0.8875805735588074,0.7121418118476868,0.06975455582141876,0.0,0.0,0.0
0.5759817957878113,0.7977134585380554,0.5759817957878113,142,2287,,,,,,,
,,,142,2287,0.6421884298324585,0.8740484118461609,0.7116634249687195,0.06947506964206696,0.0,0.0,0.0
0.5772056579589844,0.7995240092277527,0.5772056579589844,143,2303,,,,,,,
,,,143,2303,0.6418039202690125,0.8946561813354492,0.7110695242881775,0.06926573067903519,0.0,0.0,0.0
0.5769192576408386,0.7991613149642944,0.5769192576408386,144,2319,,,,,,,
,,,144,2319,0.6419351100921631,0.9146639704704285,0.7110902070999146,0.0691550076007843,0.0,0.0,0.0
0.5763771533966064,0.7991549372673035,0.5763771533966064,145,2335,,,,,,,
,,,145,2335,0.6416623592376709,0.8835004568099976,0.710678219795227,0.0690159946680069,0.0,0.0,0.0
0.5755767226219177,0.7989125847816467,0.5755767226219177,146,2351,,,,,,,
,,,146,2351,0.6412668228149414,0.9010230898857117,0.7100207805633545,0.06875395774841309,0.0,0.0,0.0
0.5767243504524231,0.7997134923934937,0.5767243504524231,147,2367,,,,,,,
,,,147,2367,0.6413641571998596,0.8724653124809265,0.7099094390869141,0.06854532659053802,0.0,0.0,0.0
0.5756703019142151,0.7997416257858276,0.5756703019142151,148,2383,,,,,,,
,,,148,2383,0.641048789024353,0.887428879737854,0.7093992233276367,0.06835050135850906,0.0,0.0,0.0
0.5756314992904663,0.7992681264877319,0.5756314992904663,149,2399,,,,,,,
,,,149,2399,0.6417486071586609,0.9053813815116882,0.7099038362503052,0.06815527379512787,0.0,0.0,0.0
0.5756312012672424,0.8017671704292297,0.5756312012672424,150,2415,,,,,,,
,,,150,2415,0.6412063241004944,0.8986474871635437,0.709074854850769,0.06786841154098511,0.0,0.0,0.0
0.5744303464889526,0.7990792989730835,0.5744303464889526,151,2431,,,,,,,
,,,151,2431,0.6408952474594116,0.9047829508781433,0.7084921598434448,0.06759680807590485,0.0,0.0,0.0
0.5756648778915405,0.7997658848762512,0.5756648778915405,152,2447,,,,,,,
,,,152,2447,0.6404528617858887,0.9089452624320984,0.7078927755355835,0.0674399584531784,0.0,0.0,0.0
0.577184796333313,0.800864577293396,0.577184796333313,153,2463,,,,,,,
,,,153,2463,0.6404553651809692,0.8909271359443665,0.7077803611755371,0.06732507795095444,0.0,0.0,0.0
0.5774310827255249,0.801530659198761,0.5774310827255249,154,2479,,,,,,,
,,,154,2479,0.6408411264419556,0.9114152789115906,0.7079925537109375,0.0671515017747879,0.0,0.0,0.0
0.5756468176841736,0.8014029264450073,0.5756468176841736,155,2495,,,,,,,
,,,155,2495,0.6400803327560425,0.9073321223258972,0.7069288492202759,0.066848523914814,0.0,0.0,0.0
0.5750085711479187,0.8012641668319702,0.5750085711479187,156,2511,,,,,,,
,,,156,2511,0.6400113105773926,0.9037372469902039,0.7065833806991577,0.06657205522060394,0.0,0.0,0.0
0.5739898681640625,0.7995243072509766,0.5739898681640625,157,2527,,,,,,,
,,,157,2527,0.6393400430679321,0.8847643733024597,0.7057309746742249,0.06639082729816437,0.0,0.0,0.0
0.5774935483932495,0.8004668951034546,0.5774935483932495,158,2543,,,,,,,
,,,158,2543,0.6405211687088013,0.8823539018630981,0.7067762613296509,0.06625504791736603,0.0,0.0,0.0
0.5743706226348877,0.8006266355514526,0.5743706226348877,159,2559,,,,,,,
,,,159,2559,0.6395424604415894,0.8895893096923828,0.7056230306625366,0.06608055531978607,0.0,0.0,0.0
0.5741535425186157,0.7993243336677551,0.5741535425186157,160,2575,,,,,,,
,,,160,2575,0.6393606066703796,0.8962522745132446,0.7051252722740173,0.0657646507024765,0.0,0.0,0.0
0.5737940669059753,0.7994714379310608,0.5737940669059753,161,2591,,,,,,,
,,,161,2591,0.6392664909362793,0.8918434381484985,0.7048095464706421,0.06554301083087921,0.0,0.0,0.0
0.5757354497909546,0.8013942837715149,0.5757354497909546,162,2607,,,,,,,
,,,162,2607,0.6387153267860413,0.8837051391601562,0.7041413187980652,0.06542596220970154,0.0,0.0,0.0
0.5747237205505371,0.8008143305778503,0.5747237205505371,163,2623,,,,,,,
,,,163,2623,0.6381880044937134,0.9100128412246704,0.7034598588943481,0.06527187675237656,0.0,0.0,0.0
0.5751832127571106,0.8015989065170288,0.5751832127571106,164,2639,,,,,,,
,,,164,2639,0.6382213830947876,0.8860341906547546,0.7032572627067566,0.06503594666719437,0.0,0.0,0.0
0.5754421353340149,0.8012793660163879,0.5754421353340149,165,2655,,,,,,,
,,,165,2655,0.6379928588867188,0.8860807418823242,0.702836275100708,0.0648433268070221,0.0,0.0,0.0
0.5744625329971313,0.7995433807373047,0.5744625329971313,166,2671,,,,,,,
,,,166,2671,0.6384072303771973,0.9005026817321777,0.7030490040779114,0.06464172899723053,0.0,0.0,0.0
0.5764752626419067,0.803172767162323,0.5764752626419067,167,2687,,,,,,,
,,,167,2687,0.6379160284996033,0.8959972262382507,0.7024822235107422,0.06456612795591354,0.0,0.0,0.0
0.5748895406723022,0.801487922668457,0.5748895406723022,168,2703,,,,,,,
,,,168,2703,0.6373844146728516,0.8938004374504089,0.7018083333969116,0.06442394852638245,0.0,0.0,0.0
0.5745874643325806,0.799991250038147,0.5745874643325806,169,2719,,,,,,,
,,,169,2719,0.6381057500839233,0.8860251307487488,0.702393114566803,0.06428742408752441,0.0,0.0,0.0
0.5747737884521484,0.7999045848846436,0.5747737884521484,170,2735,,,,,,,
,,,170,2735,0.6369136571884155,0.8746216893196106,0.7010490298271179,0.06413531303405762,0.0,0.0,0.0
0.576325535774231,0.802324116230011,0.576325535774231,171,2751,,,,,,,
,,,171,2751,0.6370226144790649,0.894448459148407,0.7010404467582703,0.06401791423559189,0.0,0.0,0.0
0.5753451585769653,0.8026067018508911,0.5753451585769653,172,2767,,,,,,,
,,,172,2767,0.6370621919631958,0.9046699404716492,0.700940728187561,0.06387846916913986,0.0,0.0,0.0
0.5754472017288208,0.8017475008964539,0.5754472017288208,173,2783,,,,,,,
,,,173,2783,0.6372358798980713,0.9089223742485046,0.7009828090667725,0.06374691426753998,0.0,0.0,0.0
0.5749182105064392,0.8007369041442871,0.5749182105064392,174,2799,,,,,,,
,,,174,2799,0.6364656686782837,0.8650549054145813,0.7000166177749634,0.0635509118437767,0.0,0.0,0.0
0.574743926525116,0.8006492853164673,0.574743926525116,175,2815,,,,,,,
,,,175,2815,0.63687664270401,0.8627196550369263,0.7002385258674622,0.06336186081171036,0.0,0.0,0.0
0.575757622718811,0.8013029098510742,0.575757622718811,176,2831,,,,,,,
,,,176,2831,0.6369290947914124,0.8878002166748047,0.7002120018005371,0.06328298151493073,0.0,0.0,0.0
0.5748173594474792,0.8002411723136902,0.5748173594474792,177,2847,,,,,,,
,,,177,2847,0.6381521224975586,0.9040044546127319,0.7012771964073181,0.0631251111626625,0.0,0.0,0.0
0.5747376084327698,0.7995196580886841,0.5747376084327698,178,2863,,,,,,,
,,,178,2863,0.6355539560317993,0.9053999185562134,0.6984571218490601,0.06290332227945328,0.0,0.0,0.0
0.576423704624176,0.8041243553161621,0.576423704624176,179,2879,,,,,,,
,,,179,2879,0.6371945738792419,0.8849822878837585,0.6999717950820923,0.06277720630168915,0.0,0.0,0.0
0.5748766660690308,0.8003039360046387,0.5748766660690308,180,2895,,,,,,,
,,,180,2895,0.635787844657898,0.9051268696784973,0.6983814835548401,0.06259356439113617,0.0,0.0,0.0
0.5749731063842773,0.7997545003890991,0.5749731063842773,181,2911,,,,,,,
,,,181,2911,0.6354806423187256,0.8778535723686218,0.6979308724403381,0.0624503567814827,0.0,0.0,0.0
0.5757268071174622,0.8015444874763489,0.5757268071174622,182,2927,,,,,,,
,,,182,2927,0.6349191665649414,0.8726128339767456,0.6972556710243225,0.062336426228284836,0.0,0.0,0.0
0.5756484270095825,0.8023113012313843,0.5756484270095825,183,2943,,,,,,,
,,,183,2943,0.6348863840103149,0.8582867383956909,0.6970394253730774,0.06215299293398857,0.0,0.0,0.0
0.5752145051956177,0.8012250065803528,0.5752145051956177,184,2959,,,,,,,
,,,184,2959,0.6345801949501038,0.90338534116745,0.696556806564331,0.06197655200958252,0.0,0.0,0.0
0.5747444033622742,0.8002017736434937,0.5747444033622742,185,2975,,,,,,,
,,,185,2975,0.6350988745689392,0.8931617736816406,0.6968574523925781,0.0617586188018322,0.0,0.0,0.0
0.5753189325332642,0.8007848858833313,0.5753189325332642,186,2991,,,,,,,
,,,186,2991,0.6345502138137817,0.880588710308075,0.6962091326713562,0.06165885180234909,0.0,0.0,0.0
0.5753097534179688,0.8011776208877563,0.5753097534179688,187,3007,,,,,,,
,,,187,3007,0.6346630454063416,0.8838776350021362,0.6962217092514038,0.06155872344970703,0.0,0.0,0.0
0.5759310722351074,0.802009105682373,0.5759310722351074,188,3023,,,,,,,
,,,188,3023,0.6344068646430969,0.9057577252388,0.6959143877029419,0.061507582664489746,0.0,0.0,0.0
0.575291633605957,0.8010097742080688,0.575291633605957,189,3039,,,,,,,
,,,189,3039,0.6342036128044128,0.8597682118415833,0.6956571340560913,0.06145348399877548,0.0,0.0,0.0
0.5756939649581909,0.8014495968818665,0.5756939649581909,190,3055,,,,,,,
,,,190,3055,0.6353662014007568,0.8695772290229797,0.6966861486434937,0.06132001429796219,0.0,0.0,0.0
0.5752054452896118,0.8016321063041687,0.5752054452896118,191,3071,,,,,,,
,,,191,3071,0.6359432339668274,0.8565958142280579,0.6971388459205627,0.06119561940431595,0.0,0.0,0.0
0.574569582939148,0.7981060743331909,0.574569582939148,192,3087,,,,,,,
,,,192,3087,0.6341977715492249,0.9108732342720032,0.6952784657478333,0.06108067184686661,0.0,0.0,0.0
0.5744646787643433,0.7979509234428406,0.5744646787643433,193,3103,,,,,,,
,,,193,3103,0.6342228651046753,0.879534900188446,0.6951156854629517,0.06089285761117935,0.0,0.0,0.0
0.5747833251953125,0.8000332117080688,0.5747833251953125,194,3119,,,,,,,
,,,194,3119,0.6338302493095398,0.872043788433075,0.6946915984153748,0.06086135655641556,0.0,0.0,0.0
0.5745266079902649,0.7996451258659363,0.5745266079902649,195,3135,,,,,,,
,,,195,3135,0.633568525314331,0.8949350118637085,0.6943583488464355,0.06078983470797539,0.0,0.0,0.0
0.5746890306472778,0.7996729612350464,0.5746890306472778,196,3151,,,,,,,
,,,196,3151,0.6333544850349426,0.8797251582145691,0.6940463781356812,0.06069181486964226,0.0,0.0,0.0
0.5756637454032898,0.801025390625,0.5756637454032898,197,3167,,,,,,,
,,,197,3167,0.6330593228340149,0.9136150479316711,0.6936966776847839,0.06063748523592949,0.0,0.0,0.0
0.5749953985214233,0.7996167540550232,0.5749953985214233,198,3183,,,,,,,
,,,198,3183,0.6330876350402832,0.8872877359390259,0.693647563457489,0.0605599582195282,0.0,0.0,0.0
0.5740095376968384,0.7970479130744934,0.5740095376968384,199,3199,,,,,,,
,,,199,3199,0.633567750453949,0.8760994076728821,0.6939796209335327,0.060411907732486725,0.0,0.0,0.0
0.5749571919441223,0.8006827235221863,0.5749571919441223,200,3215,,,,,,,
,,,200,3215,0.6334290504455566,0.8675726056098938,0.693691611289978,0.06026262044906616,0.0,0.0,0.0
0.5741634368896484,0.7984055876731873,0.5741634368896484,201,3231,,,,,,,
,,,201,3231,0.6328105330467224,0.9156152606010437,0.6929522156715393,0.06014160066843033,0.0,0.0,0.0
0.5743036270141602,0.7977508306503296,0.5743036270141602,202,3247,,,,,,,
,,,202,3247,0.6327997446060181,0.9063562154769897,0.6928895711898804,0.06008969619870186,0.0,0.0,0.0
0.5750530958175659,0.7984864115715027,0.5750530958175659,203,3263,,,,,,,
,,,203,3263,0.6320003271102905,0.8982917070388794,0.6920810341835022,0.06008067727088928,0.0,0.0,0.0
0.5751290321350098,0.7989991903305054,0.5751290321350098,204,3279,,,,,,,
,,,204,3279,0.6320480108261108,0.8868271708488464,0.6920412182807922,0.05999322608113289,0.0,0.0,0.0
0.5758984088897705,0.8014925122261047,0.5758984088897705,205,3295,,,,,,,
,,,205,3295,0.6326326727867126,0.8941162824630737,0.6924962997436523,0.059863585978746414,0.0,0.0,0.0
0.5758617520332336,0.8007854223251343,0.5758617520332336,206,3311,,,,,,,
,,,206,3311,0.6323062181472778,0.9115527868270874,0.6920958757400513,0.059789787977933884,0.0,0.0,0.0
0.5755736827850342,0.8010969161987305,0.5755736827850342,207,3327,,,,,,,
,,,207,3327,0.6312208771705627,0.8866097331047058,0.6908706426620483,0.05964973568916321,0.0,0.0,0.0
0.575242817401886,0.7999553680419922,0.575242817401886,208,3343,,,,,,,
,,,208,3343,0.6316707134246826,0.8850486874580383,0.6911846399307251,0.05951399356126785,0.0,0.0,0.0
0.5749630928039551,0.7995407581329346,0.5749630928039551,209,3359,,,,,,,
,,,209,3359,0.6317147016525269,0.8916838765144348,0.6911615133285522,0.059446919709444046,0.0,0.0,0.0
0.5745285749435425,0.799260139465332,0.5745285749435425,210,3375,,,,,,,
,,,210,3375,0.6313403844833374,0.8830815553665161,0.6906157732009888,0.05927535146474838,0.0,0.0,0.0
0.5737246870994568,0.797752857208252,0.5737246870994568,211,3391,,,,,,,
,,,211,3391,0.6326191425323486,0.8925851583480835,0.6917637586593628,0.05914456769824028,0.0,0.0,0.0
0.5754849314689636,0.8006646037101746,0.5754849314689636,212,3407,,,,,,,
,,,212,3407,0.6332958936691284,0.8876873850822449,0.6923633813858032,0.059067390859127045,0.0,0.0,0.0
0.5751089453697205,0.7997038960456848,0.5751089453697205,213,3423,,,,,,,
,,,213,3423,0.6319267749786377,0.8938065767288208,0.6909895539283752,0.05906282737851143,0.0,0.0,0.0
0.5776129961013794,0.8036403656005859,0.5776129961013794,214,3439,,,,,,,
,,,214,3439,0.6329106092453003,0.8861689567565918,0.6919494867324829,0.059038735926151276,0.0,0.0,0.0
0.5760531425476074,0.8009620904922485,0.5760531425476074,215,3455,,,,,,,
,,,215,3455,0.6309381723403931,0.8914695978164673,0.6898208856582642,0.058882713317871094,0.0,0.0,0.0
0.5749069452285767,0.800650417804718,0.5749069452285767,216,3471,,,,,,,
,,,216,3471,0.6316419243812561,0.8955842852592468,0.6903854012489319,0.05874350666999817,0.0,0.0,0.0
0.5759968757629395,0.8016260862350464,0.5759968757629395,217,3487,,,,,,,
,,,217,3487,0.6306663751602173,0.9010693430900574,0.6892538070678711,0.05858737975358963,0.0,0.0,0.0
0.5761117935180664,0.8013002276420593,0.5761117935180664,218,3503,,,,,,,
,,,218,3503,0.6304019689559937,0.8805052638053894,0.6888863444328308,0.05848456174135208,0.0,0.0,0.0
0.5757490992546082,0.8013912439346313,0.5757490992546082,219,3519,,,,,,,
,,,219,3519,0.6301083564758301,0.8844451904296875,0.6885104775428772,0.058402013033628464,0.0,0.0,0.0
0.576216995716095,0.8019729852676392,0.576216995716095,220,3535,,,,,,,
,,,220,3535,0.6304215788841248,0.874801516532898,0.6887165904045105,0.058295004069805145,0.0,0.0,0.0
0.5756176710128784,0.8003171682357788,0.5756176710128784,221,3551,,,,,,,
,,,221,3551,0.6300009489059448,0.9029642343521118,0.6881952881813049,0.05819425731897354,0.0,0.0,0.0
0.5769141912460327,0.8012752532958984,0.5769141912460327,222,3567,,,,,,,
,,,222,3567,0.6310878992080688,0.8630945086479187,0.6892592310905457,0.05817129462957382,0.0,0.0,0.0
0.575710117816925,0.8002578616142273,0.575710117816925,223,3583,,,,,,,
,,,223,3583,0.6295048594474792,0.9119199514389038,0.6875043511390686,0.05799952894449234,0.0,0.0,0.0
0.5743695497512817,0.7981866598129272,0.5743695497512817,224,3599,,,,,,,
,,,224,3599,0.6301440000534058,0.878278911113739,0.6879340410232544,0.05779010057449341,0.0,0.0,0.0
0.5757888555526733,0.8005879521369934,0.5757888555526733,225,3615,,,,,,,
,,,225,3615,0.6295962333679199,0.9040834307670593,0.687294602394104,0.057698339223861694,0.0,0.0,0.0
0.576108455657959,0.8006628751754761,0.576108455657959,226,3631,,,,,,,
,,,226,3631,0.6305309534072876,0.87317955493927,0.6881268620491028,0.05759597569704056,0.0,0.0,0.0
0.5742207765579224,0.7998169660568237,0.5742207765579224,227,3647,,,,,,,
,,,227,3647,0.6303432583808899,0.8762701749801636,0.687842607498169,0.057499341666698456,0.0,0.0,0.0
0.5767534971237183,0.8021496534347534,0.5767534971237183,228,3663,,,,,,,
,,,228,3663,0.6301223635673523,0.8947483897209167,0.6875555515289307,0.057433128356933594,0.0,0.0,0.0
0.575158417224884,0.8001648187637329,0.575158417224884,229,3679,,,,,,,
,,,229,3679,0.6315984129905701,0.8881089091300964,0.6888992190361023,0.05730082839727402,0.0,0.0,0.0
0.5749519467353821,0.7984706163406372,0.5749519467353821,230,3695,,,,,,,
,,,230,3695,0.6299538612365723,0.9012215733528137,0.6871055364608765,0.05715162679553032,0.0,0.0,0.0
0.575916588306427,0.8006232976913452,0.575916588306427,231,3711,,,,,,,
,,,231,3711,0.6291612386703491,0.8785442113876343,0.6861923933029175,0.057031117379665375,0.0,0.0,0.0
0.5757163763046265,0.7995281219482422,0.5757163763046265,232,3727,,,,,,,
,,,232,3727,0.6291540861129761,0.8828568458557129,0.6861057281494141,0.0569516196846962,0.0,0.0,0.0
0.5770258903503418,0.8014750480651855,0.5770258903503418,233,3743,,,,,,,
,,,233,3743,0.6294607520103455,0.8936656713485718,0.6863487362861633,0.05688801407814026,0.0,0.0,0.0
0.5759669542312622,0.8014379739761353,0.5759669542312622,234,3759,,,,,,,
,,,234,3759,0.6289414167404175,0.8861875534057617,0.685726523399353,0.05678509920835495,0.0,0.0,0.0
0.5772302746772766,0.803144633769989,0.5772302746772766,235,3775,,,,,,,
,,,235,3775,0.6292252540588379,0.8929907083511353,0.6859079599380493,0.056682687252759933,0.0,0.0,0.0
0.5755903124809265,0.8003225326538086,0.5755903124809265,236,3791,,,,,,,
,,,236,3791,0.6288689970970154,0.8802545666694641,0.6854382753372192,0.05656934902071953,0.0,0.0,0.0
0.5774295926094055,0.8038507699966431,0.5774295926094055,237,3807,,,,,,,
,,,237,3807,0.6289054751396179,0.8836284875869751,0.6853814721107483,0.056475959718227386,0.0,0.0,0.0
0.5754899978637695,0.8014360666275024,0.5754899978637695,238,3823,,,,,,,
,,,238,3823,0.6291530728340149,0.8938584327697754,0.685494601726532,0.056341540068387985,0.0,0.0,0.0
0.5767229795455933,0.8015133142471313,0.5767229795455933,239,3839,,,,,,,
,,,239,3839,0.6283888220787048,0.8926562070846558,0.6846047639846802,0.056215882301330566,0.0,0.0,0.0
0.5764124989509583,0.8019046783447266,0.5764124989509583,240,3855,,,,,,,
,,,240,3855,0.6281667947769165,0.8775777816772461,0.684325098991394,0.056158263236284256,0.0,0.0,0.0
0.5763106346130371,0.8006669878959656,0.5763106346130371,241,3871,,,,,,,
,,,241,3871,0.6278589963912964,0.8859832882881165,0.6839038133621216,0.056044984608888626,0.0,0.0,0.0
0.5769165754318237,0.8015842437744141,0.5769165754318237,242,3887,,,,,,,
,,,242,3887,0.628982663154602,0.8759538531303406,0.6849295496940613,0.05594697594642639,0.0,0.0,0.0
0.5759523510932922,0.8002533912658691,0.5759523510932922,243,3903,,,,,,,
,,,243,3903,0.6285319328308105,0.896514892578125,0.6843738555908203,0.05584195256233215,0.0,0.0,0.0
0.5749123096466064,0.7989623546600342,0.5749123096466064,244,3919,,,,,,,
,,,244,3919,0.6282804012298584,0.8800427317619324,0.683911919593811,0.055631428956985474,0.0,0.0,0.0
0.5762112736701965,0.7995845675468445,0.5762112736701965,245,3935,,,,,,,
,,,245,3935,0.6279231905937195,0.8893251419067383,0.6834672689437866,0.05554402992129326,0.0,0.0,0.0
0.5765107870101929,0.8009792566299438,0.5765107870101929,246,3951,,,,,,,
,,,246,3951,0.6275548338890076,0.8985821008682251,0.6830539703369141,0.055499155074357986,0.0,0.0,0.0
0.5757144093513489,0.8003425598144531,0.5757144093513489,247,3967,,,,,,,
,,,247,3967,0.6278094053268433,0.9048820734024048,0.6831274032592773,0.055317990481853485,0.0,0.0,0.0
0.5764688849449158,0.8013992309570312,0.5764688849449158,248,3983,,,,,,,
,,,248,3983,0.6273688077926636,0.8888294100761414,0.6825649738311768,0.055196188390254974,0.0,0.0,0.0
0.5762599110603333,0.8010555505752563,0.5762599110603333,249,3999,,,,,,,
,,,249,3999,0.6276797652244568,0.8960229158401489,0.6827667951583862,0.055087070912122726,0.0,0.0,0.0
0.5760768055915833,0.801390528678894,0.5760768055915833,250,4015,,,,,,,
,,,250,4015,0.6276453733444214,0.8957113027572632,0.6825745105743408,0.0549292154610157,0.0,0.0,0.0
0.576949417591095,0.8018972277641296,0.576949417591095,251,4031,,,,,,,
,,,251,4031,0.6277856230735779,0.9005402326583862,0.6825984716415405,0.054812829941511154,0.0,0.0,0.0
0.5761172771453857,0.8000953793525696,0.5761172771453857,252,4047,,,,,,,
,,,252,4047,0.6272888779640198,0.8752635717391968,0.6820339560508728,0.05474511533975601,0.0,0.0,0.0
0.5769023895263672,0.8027006387710571,0.5769023895263672,253,4063,,,,,,,
,,,253,4063,0.6271291971206665,0.8755470514297485,0.6817520260810852,0.05462280660867691,0.0,0.0,0.0
0.5755835175514221,0.7994676828384399,0.5755835175514221,254,4079,,,,,,,
,,,254,4079,0.6274511814117432,0.8826045989990234,0.681953489780426,0.054502397775650024,0.0,0.0,0.0
0.5756368041038513,0.7997403144836426,0.5756368041038513,255,4095,,,,,,,
,,,255,4095,0.6273705959320068,0.9062479734420776,0.6817256212234497,0.05435504764318466,0.0,0.0,0.0
0.5769780278205872,0.8029468655586243,0.5769780278205872,256,4111,,,,,,,
,,,256,4111,0.6272684335708618,0.9112617373466492,0.6815874576568604,0.054319001734256744,0.0,0.0,0.0
0.5771921873092651,0.8027005195617676,0.5771921873092651,257,4127,,,,,,,
,,,257,4127,0.6272775530815125,0.9098666906356812,0.6814917325973511,0.05421416088938713,0.0,0.0,0.0
0.577115535736084,0.8032448887825012,0.577115535736084,258,4143,,,,,,,
,,,258,4143,0.6263593435287476,0.8955848813056946,0.6804710030555725,0.054111652076244354,0.0,0.0,0.0
0.5766317844390869,0.8016446232795715,0.5766317844390869,259,4159,,,,,,,
,,,259,4159,0.6282734870910645,0.8820470571517944,0.6822710037231445,0.05399738997220993,0.0,0.0,0.0
0.576916515827179,0.8028618097305298,0.576916515827179,260,4175,,,,,,,
,,,260,4175,0.627289891242981,0.8709359169006348,0.6811968088150024,0.05390693619847298,0.0,0.0,0.0
0.5771077275276184,0.8014312982559204,0.5771077275276184,261,4191,,,,,,,
,,,261,4191,0.6265856027603149,0.8820950388908386,0.6804128885269165,0.05382739380002022,0.0,0.0,0.0
0.5767301917076111,0.800149142742157,0.5767301917076111,262,4207,,,,,,,
,,,262,4207,0.626288115978241,0.9164120554924011,0.6800224781036377,0.05373430997133255,0.0,0.0,0.0
0.5770971179008484,0.801235556602478,0.5770971179008484,263,4223,,,,,,,
,,,263,4223,0.6267386078834534,0.9082683324813843,0.680334746837616,0.053596120327711105,0.0,0.0,0.0
0.5773242115974426,0.8019135594367981,0.5773242115974426,264,4239,,,,,,,
,,,264,4239,0.626049816608429,0.8691314458847046,0.6795419454574585,0.05349209904670715,0.0,0.0,0.0
0.5772942304611206,0.8013254404067993,0.5772942304611206,265,4255,,,,,,,
,,,265,4255,0.6262713074684143,0.885861873626709,0.679659903049469,0.05338859558105469,0.0,0.0,0.0
0.5782254934310913,0.8026668429374695,0.5782254934310913,266,4271,,,,,,,
,,,266,4271,0.626013457775116,0.8903588056564331,0.6793219447135925,0.05330834910273552,0.0,0.0,0.0
0.5772228240966797,0.8012773394584656,0.5772228240966797,267,4287,,,,,,,
,,,267,4287,0.6258573532104492,0.8964937329292297,0.6790646910667419,0.053207267075777054,0.0,0.0,0.0
0.5766827464103699,0.800750732421875,0.5766827464103699,268,4303,,,,,,,
,,,268,4303,0.6259036660194397,0.8777494430541992,0.6789954900741577,0.05309184640645981,0.0,0.0,0.0
0.5767087936401367,0.7998512983322144,0.5767087936401367,269,4319,,,,,,,
,,,269,4319,0.6255618929862976,0.8890138864517212,0.6785321235656738,0.05297020077705383,0.0,0.0,0.0
0.5764380693435669,0.8004611730575562,0.5764380693435669,270,4335,,,,,,,
,,,270,4335,0.6264587640762329,0.900607705116272,0.6792601346969604,0.05280142277479172,0.0,0.0,0.0
0.5770431756973267,0.7995679974555969,0.5770431756973267,271,4351,,,,,,,
,,,271,4351,0.6270312070846558,0.8880707621574402,0.6798065304756165,0.052775293588638306,0.0,0.0,0.0
0.5781387686729431,0.8009172677993774,0.5781387686729431,272,4367,,,,,,,
,,,272,4367,0.625794529914856,0.8844887614250183,0.6785367727279663,0.05274209380149841,0.0,0.0,0.0
0.5788161158561707,0.8033749461174011,0.5788161158561707,273,4383,,,,,,,
,,,273,4383,0.6248029470443726,0.8948742151260376,0.6775128245353699,0.05270981043577194,0.0,0.0,0.0
0.5782169103622437,0.8025802373886108,0.5782169103622437,274,4399,,,,,,,
,,,274,4399,0.6267623901367188,0.8443782925605774,0.6792796850204468,0.05251727253198624,0.0,0.0,0.0
0.5783683061599731,0.8037587404251099,0.5783683061599731,275,4415,,,,,,,
,,,275,4415,0.6247509121894836,0.889777660369873,0.6771166920661926,0.05236569792032242,0.0,0.0,0.0
0.577812135219574,0.8019055128097534,0.577812135219574,276,4431,,,,,,,
,,,276,4431,0.6249163746833801,0.8990775346755981,0.6771750450134277,0.05225859954953194,0.0,0.0,0.0
0.5776618123054504,0.8031282424926758,0.5776618123054504,277,4447,,,,,,,
,,,277,4447,0.625907301902771,0.8721868395805359,0.6780255436897278,0.05211819335818291,0.0,0.0,0.0
0.577925980091095,0.8022245168685913,0.577925980091095,278,4463,,,,,,,
,,,278,4463,0.6252099275588989,0.8851320147514343,0.6771973371505737,0.05198746919631958,0.0,0.0,0.0
0.5778263211250305,0.8019604682922363,0.5778263211250305,279,4479,,,,,,,
,,,279,4479,0.6246307492256165,0.8802363276481628,0.6764997243881226,0.051869023591279984,0.0,0.0,0.0
0.5775611400604248,0.8010461926460266,0.5775611400604248,280,4495,,,,,,,
,,,280,4495,0.6248773336410522,0.8901731371879578,0.6767373085021973,0.05185992643237114,0.0,0.0,0.0
0.5784938335418701,0.8022173047065735,0.5784938335418701,281,4511,,,,,,,
,,,281,4511,0.6246554255485535,0.8765894770622253,0.6764777302742004,0.051822297275066376,0.0,0.0,0.0
0.578920304775238,0.8032182455062866,0.578920304775238,282,4527,,,,,,,
,,,282,4527,0.624824583530426,0.8672351837158203,0.6765974164009094,0.05177285149693489,0.0,0.0,0.0
0.5789438486099243,0.8015371561050415,0.5789438486099243,283,4543,,,,,,,
,,,283,4543,0.6241588592529297,0.894869327545166,0.6758379340171814,0.0516790971159935,0.0,0.0,0.0
0.5792061686515808,0.802369236946106,0.5792061686515808,284,4559,,,,,,,
,,,284,4559,0.6242318749427795,0.8772956132888794,0.675819993019104,0.051588110625743866,0.0,0.0,0.0
0.5786392092704773,0.8015962839126587,0.5786392092704773,285,4575,,,,,,,
,,,285,4575,0.6241658926010132,0.8717735409736633,0.6756227016448975,0.051456935703754425,0.0,0.0,0.0
0.5790641903877258,0.8032639622688293,0.5790641903877258,286,4591,,,,,,,
,,,286,4591,0.6243986487388611,0.8942098617553711,0.6756916642189026,0.05129300802946091,0.0,0.0,0.0
0.5796332359313965,0.8036910891532898,0.5796332359313965,287,4607,,,,,,,
,,,287,4607,0.6236557960510254,0.8716585040092468,0.6748276948928833,0.05117197707295418,0.0,0.0,0.0
0.5786052942276001,0.8030661344528198,0.5786052942276001,288,4623,,,,,,,
,,,288,4623,0.6245145201683044,0.8957895040512085,0.6754952669143677,0.05098064988851547,0.0,0.0,0.0
0.5789441466331482,0.8033043146133423,0.5789441466331482,289,4639,,,,,,,
,,,289,4639,0.6235557794570923,0.8764899969100952,0.6744359731674194,0.050880175083875656,0.0,0.0,0.0
0.5787770748138428,0.8026094436645508,0.5787770748138428,290,4655,,,,,,,
,,,290,4655,0.6245313882827759,0.9016415476799011,0.675346314907074,0.050815027207136154,0.0,0.0,0.0
0.5797793865203857,0.8031631708145142,0.5797793865203857,291,4671,,,,,,,
,,,291,4671,0.623417854309082,0.877090573310852,0.6742096543312073,0.0507916696369648,0.0,0.0,0.0
0.5794659852981567,0.8032321929931641,0.5794659852981567,292,4687,,,,,,,
,,,292,4687,0.623532235622406,0.8986495137214661,0.6742051839828491,0.05067296698689461,0.0,0.0,0.0
0.5800358057022095,0.8045963048934937,0.5800358057022095,293,4703,,,,,,,
,,,293,4703,0.6237800717353821,0.8628091812133789,0.6743953824043274,0.05061524361371994,0.0,0.0,0.0
0.5801457166671753,0.803448498249054,0.5801457166671753,294,4719,,,,,,,
,,,294,4719,0.6230909824371338,0.8654886484146118,0.6736743450164795,0.05058339983224869,0.0,0.0,0.0
0.5801013112068176,0.8034060597419739,0.5801013112068176,295,4735,,,,,,,
,,,295,4735,0.6234411001205444,0.8948023915290833,0.6739242076873779,0.0504831001162529,0.0,0.0,0.0
0.5803006291389465,0.8036777377128601,0.5803006291389465,296,4751,,,,,,,
,,,296,4751,0.6235679388046265,0.9025151133537292,0.6739467978477478,0.050378940999507904,0.0,0.0,0.0
0.5800412893295288,0.8043454885482788,0.5800412893295288,297,4767,,,,,,,
,,,297,4767,0.6245948076248169,0.8665858507156372,0.6749988794326782,0.05040406063199043,0.0,0.0,0.0
0.5810784101486206,0.8051621317863464,0.5810784101486206,298,4783,,,,,,,
,,,298,4783,0.6228288412094116,0.8542666435241699,0.6732091307640076,0.05038025975227356,0.0,0.0,0.0
0.5807394981384277,0.8044120669364929,0.5807394981384277,299,4799,,,,,,,
,,,299,4799,0.6227444410324097,0.8806613683700562,0.6730414628982544,0.050297029316425323,0.0,0.0,0.0
0.5801011323928833,0.8036185503005981,0.5801011323928833,300,4815,,,,,,,
,,,300,4815,0.6230236291885376,0.8935872912406921,0.6731627583503723,0.0501391664147377,0.0,0.0,0.0
0.5798481106758118,0.8027515411376953,0.5798481106758118,301,4831,,,,,,,
,,,301,4831,0.6226943731307983,0.8979501724243164,0.6728313565254211,0.05013697221875191,0.0,0.0,0.0
0.5796164274215698,0.8008883595466614,0.5796164274215698,302,4847,,,,,,,
,,,302,4847,0.6229545474052429,0.8733164668083191,0.6730844378471375,0.05012980103492737,0.0,0.0,0.0
0.5799412131309509,0.8024757504463196,0.5799412131309509,303,4863,,,,,,,
,,,303,4863,0.622300386428833,0.8606619834899902,0.6723102331161499,0.05000990629196167,0.0,0.0,0.0
0.5808628797531128,0.8042199015617371,0.5808628797531128,304,4879,,,,,,,
,,,304,4879,0.6224200129508972,0.8794496655464172,0.6723389029502869,0.04991890490055084,0.0,0.0,0.0
0.5808049440383911,0.8039270639419556,0.5808049440383911,305,4895,,,,,,,
,,,305,4895,0.6226723194122314,0.870153546333313,0.6724843382835388,0.049812089651823044,0.0,0.0,0.0
0.5801717042922974,0.8045858144760132,0.5801717042922974,306,4911,,,,,,,
,,,306,4911,0.6221888661384583,0.888849139213562,0.6718695163726807,0.04968063160777092,0.0,0.0,0.0
0.5800708532333374,0.8042068481445312,0.5800708532333374,307,4927,,,,,,,
,,,307,4927,0.6228208541870117,0.8846688270568848,0.6724579930305481,0.049637168645858765,0.0,0.0,0.0
0.5810793042182922,0.8051763772964478,0.5810793042182922,308,4943,,,,,,,
,,,308,4943,0.6231653094291687,0.883891224861145,0.6727471351623535,0.04958188533782959,0.0,0.0,0.0
0.5798226594924927,0.8026946783065796,0.5798226594924927,309,4959,,,,,,,
,,,309,4959,0.6225763559341431,0.8825273513793945,0.6720757484436035,0.049499496817588806,0.0,0.0,0.0
0.5794380307197571,0.8025017976760864,0.5794380307197571,310,4975,,,,,,,
,,,310,4975,0.6222221255302429,0.8653489947319031,0.6716461181640625,0.04942400008440018,0.0,0.0,0.0
0.5805696249008179,0.8032351732254028,0.5805696249008179,311,4991,,,,,,,
,,,311,4991,0.6225036382675171,0.8647336959838867,0.6718421578407288,0.0493384525179863,0.0,0.0,0.0
0.5818567276000977,0.8063278198242188,0.5818567276000977,312,5007,,,,,,,
,,,312,5007,0.6222735047340393,0.8771370649337769,0.671616792678833,0.0493432953953743,0.0,0.0,0.0
0.5807230472564697,0.8033374547958374,0.5807230472564697,313,5023,,,,,,,
,,,313,5023,0.6218698620796204,0.8784086108207703,0.671197772026062,0.04932793229818344,0.0,0.0,0.0
0.5799268484115601,0.8022468686103821,0.5799268484115601,314,5039,,,,,,,
,,,314,5039,0.6217895746231079,0.8822736740112305,0.6710572242736816,0.04926761984825134,0.0,0.0,0.0
0.5800270438194275,0.8026574850082397,0.5800270438194275,315,5055,,,,,,,
,,,315,5055,0.6214392781257629,0.8766090273857117,0.6705428957939148,0.04910372942686081,0.0,0.0,0.0
0.5814916491508484,0.8054050207138062,0.5814916491508484,316,5071,,,,,,,
,,,316,5071,0.6220534443855286,0.8752884864807129,0.6710800528526306,0.04902658984065056,0.0,0.0,0.0
0.5810593366622925,0.8046389818191528,0.5810593366622925,317,5087,,,,,,,
,,,317,5087,0.621276319026947,0.8649755716323853,0.6702255010604858,0.04894920811057091,0.0,0.0,0.0
0.5806102752685547,0.8032183647155762,0.5806102752685547,318,5103,,,,,,,
,,,318,5103,0.62187260389328,0.8836498260498047,0.6707974076271057,0.04892474040389061,0.0,0.0,0.0
0.5812249183654785,0.8043489456176758,0.5812249183654785,319,5119,,,,,,,
,,,319,5119,0.6216270327568054,0.8734089136123657,0.6706687808036804,0.04904172196984291,0.0,0.0,0.0
0.5815016031265259,0.8045427203178406,0.5815016031265259,320,5135,,,,,,,
,,,320,5135,0.6213637590408325,0.8821107149124146,0.6703072786331177,0.04894350841641426,0.0,0.0,0.0
0.5805591344833374,0.8025351762771606,0.5805591344833374,321,5151,,,,,,,
,,,321,5151,0.6219398379325867,0.8845691680908203,0.6708120107650757,0.0488719679415226,0.0,0.0,0.0
0.580773651599884,0.8043373227119446,0.580773651599884,322,5167,,,,,,,
,,,322,5167,0.6217888593673706,0.8585609197616577,0.6705339550971985,0.04874501749873161,0.0,0.0,0.0
0.5806411504745483,0.8030306696891785,0.5806411504745483,323,5183,,,,,,,
,,,323,5183,0.6211224794387817,0.8904358148574829,0.6697400212287903,0.048617590218782425,0.0,0.0,0.0
0.5810469388961792,0.8039666414260864,0.5810469388961792,324,5199,,,,,,,
,,,324,5199,0.6209074258804321,0.8798477053642273,0.6694474220275879,0.048539962619543076,0.0,0.0,0.0
0.5810464024543762,0.8034682273864746,0.5810464024543762,325,5215,,,,,,,
,,,325,5215,0.6207777857780457,0.8903573155403137,0.6693010330200195,0.048523254692554474,0.0,0.0,0.0
0.5814456343650818,0.8044845461845398,0.5814456343650818,326,5231,,,,,,,
,,,326,5231,0.621579110622406,0.885288417339325,0.6700071692466736,0.04842802509665489,0.0,0.0,0.0
0.580958902835846,0.8049739599227905,0.580958902835846,327,5247,,,,,,,
,,,327,5247,0.6210966110229492,0.8807893991470337,0.6694715619087219,0.04837493225932121,0.0,0.0,0.0
0.5806152820587158,0.8017619252204895,0.5806152820587158,328,5263,,,,,,,
,,,328,5263,0.6212343573570251,0.8718439340591431,0.6695957183837891,0.04836137592792511,0.0,0.0,0.0
0.5800470113754272,0.8016061782836914,0.5800470113754272,329,5279,,,,,,,
,,,329,5279,0.6209155917167664,0.8659604787826538,0.669215977191925,0.04830034822225571,0.0,0.0,0.0
0.5807329416275024,0.8029600977897644,0.5807329416275024,330,5295,,,,,,,
,,,330,5295,0.6207472085952759,0.8784038424491882,0.6690199375152588,0.04827262833714485,0.0,0.0,0.0
0.5811716914176941,0.8024073839187622,0.5811716914176941,331,5311,,,,,,,
,,,331,5311,0.620836615562439,0.8588559031486511,0.6690477132797241,0.0482109859585762,0.0,0.0,0.0
0.5817800164222717,0.8043506741523743,0.5817800164222717,332,5327,,,,,,,
,,,332,5327,0.6211749315261841,0.871534526348114,0.6693981885910034,0.04822318255901337,0.0,0.0,0.0
0.5821182131767273,0.805319607257843,0.5821182131767273,333,5343,,,,,,,
,,,333,5343,0.6203914880752563,0.8751493692398071,0.6685435771942139,0.048152126371860504,0.0,0.0,0.0
0.580811619758606,0.8027219772338867,0.580811619758606,334,5359,,,,,,,
,,,334,5359,0.6207404136657715,0.8971705436706543,0.6687620878219604,0.048021696507930756,0.0,0.0,0.0
0.5804206728935242,0.8015220761299133,0.5804206728935242,335,5375,,,,,,,
,,,335,5375,0.6202245950698853,0.8646831512451172,0.6681702733039856,0.047945622354745865,0.0,0.0,0.0
0.5802609324455261,0.8010466694831848,0.5802609324455261,336,5391,,,,,,,
,,,336,5391,0.6201921701431274,0.9022834897041321,0.668091893196106,0.04789980873465538,0.0,0.0,0.0
0.5807284116744995,0.803015410900116,0.5807284116744995,337,5407,,,,,,,
,,,337,5407,0.6202049255371094,0.8719571828842163,0.6679915189743042,0.0477866493165493,0.0,0.0,0.0
0.580977737903595,0.8022348284721375,0.580977737903595,338,5423,,,,,,,
,,,338,5423,0.6202398538589478,0.8828317523002625,0.6679668426513672,0.04772699624300003,0.0,0.0,0.0
0.5818330645561218,0.8049188852310181,0.5818330645561218,339,5439,,,,,,,
,,,339,5439,0.6202079057693481,0.8779370188713074,0.6679000854492188,0.04769212752580643,0.0,0.0,0.0
0.5819664001464844,0.8047956228256226,0.5819664001464844,340,5455,,,,,,,
,,,340,5455,0.6197539567947388,0.8740253448486328,0.6673920750617981,0.04763815551996231,0.0,0.0,0.0
0.5811116099357605,0.8036087155342102,0.5811116099357605,341,5471,,,,,,,
,,,341,5471,0.6207618117332458,0.8866370916366577,0.6684237718582153,0.04766204580664635,0.0,0.0,0.0
0.5816294550895691,0.8033585548400879,0.5816294550895691,342,5487,,,,,,,
,,,342,5487,0.6194809675216675,0.8938283920288086,0.6670693159103394,0.04758846387267113,0.0,0.0,0.0
0.5820940732955933,0.8034927248954773,0.5820940732955933,343,5503,,,,,,,
,,,343,5503,0.6202666163444519,0.8833061456680298,0.667759120464325,0.04749246686697006,0.0,0.0,0.0
0.5818086862564087,0.8041046857833862,0.5818086862564087,344,5519,,,,,,,
,,,344,5519,0.6202875375747681,0.8657876253128052,0.6676872372627258,0.047399651259183884,0.0,0.0,0.0
0.5817129015922546,0.8031808733940125,0.5817129015922546,345,5535,,,,,,,
,,,345,5535,0.6195002198219299,0.8804405331611633,0.6668455004692078,0.04734530672430992,0.0,0.0,0.0
0.5820273160934448,0.8042021989822388,0.5820273160934448,346,5551,,,,,,,
,,,346,5551,0.6203526258468628,0.8724153637886047,0.6676927804946899,0.047340042889118195,0.0,0.0,0.0
0.5805667638778687,0.8020059466362,0.5805667638778687,347,5567,,,,,,,
,,,347,5567,0.619617223739624,0.870566189289093,0.6668422222137451,0.04722496122121811,0.0,0.0,0.0
0.5800838470458984,0.8003159761428833,0.5800838470458984,348,5583,,,,,,,
,,,348,5583,0.6195074319839478,0.897708535194397,0.6665832996368408,0.047075893729925156,0.0,0.0,0.0
0.5803042650222778,0.8004341125488281,0.5803042650222778,349,5599,,,,,,,
,,,349,5599,0.6194254159927368,0.86650550365448,0.666443943977356,0.04701852798461914,0.0,0.0,0.0
0.5825995206832886,0.8037357330322266,0.5825995206832886,350,5615,,,,,,,
,,,350,5615,0.6195728182792664,0.8945093154907227,0.6665665507316589,0.046993713825941086,0.0,0.0,0.0
0.5815941095352173,0.8026622533798218,0.5815941095352173,351,5631,,,,,,,
,,,351,5631,0.6201037168502808,0.851693332195282,0.6669934988021851,0.04688972979784012,0.0,0.0,0.0
0.5809034109115601,0.8011852502822876,0.5809034109115601,352,5647,,,,,,,
,,,352,5647,0.6196631193161011,0.8809625506401062,0.6665297150611877,0.046866655349731445,0.0,0.0,0.0
0.5814796090126038,0.8022843599319458,0.5814796090126038,353,5663,,,,,,,
,,,353,5663,0.6189082264900208,0.8519449234008789,0.6657031774520874,0.04679497331380844,0.0,0.0,0.0
0.5809758901596069,0.8028340339660645,0.5809758901596069,354,5679,,,,,,,
,,,354,5679,0.6203728318214417,0.8959386944770813,0.6671362519264221,0.046763449907302856,0.0,0.0,0.0
0.5814566612243652,0.8021391034126282,0.5814566612243652,355,5695,,,,,,,
,,,355,5695,0.6193170547485352,0.8732887506484985,0.6660071015357971,0.046689972281455994,0.0,0.0,0.0
0.5801184773445129,0.8003609776496887,0.5801184773445129,356,5711,,,,,,,
,,,356,5711,0.6194355487823486,0.875800609588623,0.6660585403442383,0.04662307724356651,0.0,0.0,0.0
0.5811288356781006,0.8013946413993835,0.5811288356781006,357,5727,,,,,,,
,,,357,5727,0.6193891763687134,0.8750993609428406,0.6659619212150574,0.04657277092337608,0.0,0.0,0.0
0.5827475786209106,0.8029534220695496,0.5827475786209106,358,5743,,,,,,,
,,,358,5743,0.6199125647544861,0.8699355125427246,0.6664822697639465,0.046569738537073135,0.0,0.0,0.0
0.5816368460655212,0.8036689758300781,0.5816368460655212,359,5759,,,,,,,
,,,359,5759,0.6186992526054382,0.8777389526367188,0.6651796102523804,0.04648033529520035,0.0,0.0,0.0
0.5807404518127441,0.8021165132522583,0.5807404518127441,360,5775,,,,,,,
,,,360,5775,0.6188738942146301,0.8668306469917297,0.665256679058075,0.04638276621699333,0.0,0.0,0.0
0.5816245079040527,0.8024334907531738,0.5816245079040527,361,5791,,,,,,,
,,,361,5791,0.6195847392082214,0.8859996795654297,0.665908694267273,0.04632394388318062,0.0,0.0,0.0
0.5806342363357544,0.7998005151748657,0.5806342363357544,362,5807,,,,,,,
,,,362,5807,0.6195219159126282,0.8722288012504578,0.6657565832138062,0.046234648674726486,0.0,0.0,0.0
0.5801218748092651,0.7996735572814941,0.5801218748092651,363,5823,,,,,,,
,,,363,5823,0.6186097860336304,0.8567525148391724,0.6648183465003967,0.04620848596096039,0.0,0.0,0.0
0.5796321034431458,0.7991851568222046,0.5796321034431458,364,5839,,,,,,,
,,,364,5839,0.618817925453186,0.8832759857177734,0.6648739576339722,0.04605608433485031,0.0,0.0,0.0
0.581523060798645,0.801571249961853,0.581523060798645,365,5855,,,,,,,
,,,365,5855,0.6188722848892212,0.8705641627311707,0.6649250388145447,0.046052780002355576,0.0,0.0,0.0
0.5812338590621948,0.8011748194694519,0.5812338590621948,366,5871,,,,,,,
,,,366,5871,0.6183483600616455,0.8816511034965515,0.6643930673599243,0.046044714748859406,0.0,0.0,0.0
0.581250786781311,0.8018554449081421,0.581250786781311,367,5887,,,,,,,
,,,367,5887,0.6184712648391724,0.8644295930862427,0.6644177436828613,0.04594651237130165,0.0,0.0,0.0
0.5804259181022644,0.8005145192146301,0.5804259181022644,368,5903,,,,,,,
,,,368,5903,0.6186044812202454,0.8932074308395386,0.6644018888473511,0.04579747095704079,0.0,0.0,0.0
0.5804215669631958,0.8002306222915649,0.5804215669631958,369,5919,,,,,,,
,,,369,5919,0.6193007826805115,0.8780257105827332,0.6650775671005249,0.04577675834298134,0.0,0.0,0.0
0.5817474722862244,0.7989397048950195,0.5817474722862244,370,5935,,,,,,,
,,,370,5935,0.6195515394210815,0.8425624966621399,0.6653634309768677,0.04581194370985031,0.0,0.0,0.0
0.5812762975692749,0.7988675236701965,0.5812762975692749,371,5951,,,,,,,
,,,371,5951,0.6182762384414673,0.8594063520431519,0.6641703844070435,0.04589424654841423,0.0,0.0,0.0
0.5806877017021179,0.8001354336738586,0.5806877017021179,372,5967,,,,,,,
,,,372,5967,0.6184028387069702,0.8550235033035278,0.6641879677772522,0.04578512907028198,0.0,0.0,0.0
0.5804540514945984,0.7990012764930725,0.5804540514945984,373,5983,,,,,,,
,,,373,5983,0.6180392503738403,0.885003387928009,0.6636731624603271,0.045633915811777115,0.0,0.0,0.0
0.5808679461479187,0.7998408675193787,0.5808679461479187,374,5999,,,,,,,
,,,374,5999,0.6182721853256226,0.8653911352157593,0.6638079285621643,0.04553566500544548,0.0,0.0,0.0
0.5811370015144348,0.8005486726760864,0.5811370015144348,375,6015,,,,,,,
,,,375,6015,0.6179579496383667,0.8871954083442688,0.6634572148323059,0.04549922049045563,0.0,0.0,0.0
0.5805636644363403,0.799850583076477,0.5805636644363403,376,6031,,,,,,,
,,,376,6031,0.6183117628097534,0.881209671497345,0.6637731194496155,0.04546130821108818,0.0,0.0,0.0
0.5803160071372986,0.7996402382850647,0.5803160071372986,377,6047,,,,,,,
,,,377,6047,0.6177419424057007,0.8749510645866394,0.6630818247795105,0.045339833945035934,0.0,0.0,0.0
0.5815350413322449,0.8018161058425903,0.5815350413322449,378,6063,,,,,,,
,,,378,6063,0.6183871030807495,0.8426729440689087,0.663646936416626,0.04525984078645706,0.0,0.0,0.0
0.581574022769928,0.8019735217094421,0.581574022769928,379,6079,,,,,,,
,,,379,6079,0.6181920766830444,0.8596283793449402,0.663451075553894,0.04525900259613991,0.0,0.0,0.0
0.5798603892326355,0.7983716130256653,0.5798603892326355,380,6095,,,,,,,
,,,380,6095,0.6181982755661011,0.8694664239883423,0.6633496880531311,0.045151375234127045,0.0,0.0,0.0
0.5808682441711426,0.8005126714706421,0.5808682441711426,381,6111,,,,,,,
,,,381,6111,0.6176275014877319,0.890967071056366,0.662671685218811,0.04504407197237015,0.0,0.0,0.0
0.5817027688026428,0.8023815155029297,0.5817027688026428,382,6127,,,,,,,
,,,382,6127,0.6182892918586731,0.893304169178009,0.6632816791534424,0.04499227553606033,0.0,0.0,0.0
0.5807064175605774,0.8006607294082642,0.5807064175605774,383,6143,,,,,,,
,,,383,6143,0.6176905632019043,0.861301600933075,0.6625944375991821,0.04490388184785843,0.0,0.0,0.0
0.580197811126709,0.7986222505569458,0.580197811126709,384,6159,,,,,,,
,,,384,6159,0.6185048222541809,0.8857545852661133,0.6633041501045227,0.044799406081438065,0.0,0.0,0.0
0.5807896852493286,0.8014228940010071,0.5807896852493286,385,6175,,,,,,,
,,,385,6175,0.6182411909103394,0.8731292486190796,0.6630541682243347,0.04481302946805954,0.0,0.0,0.0
0.5808326005935669,0.8003643155097961,0.5808326005935669,386,6191,,,,,,,
,,,386,6191,0.6174662709236145,0.8699086904525757,0.6621862649917603,0.04472006857395172,0.0,0.0,0.0
0.5819905996322632,0.8019663095474243,0.5819905996322632,387,6207,,,,,,,
,,,387,6207,0.6177259087562561,0.8678528666496277,0.6624523997306824,0.04472649097442627,0.0,0.0,0.0
0.5812665820121765,0.8021033406257629,0.5812665820121765,388,6223,,,,,,,
,,,388,6223,0.617838442325592,0.8702346086502075,0.662422239780426,0.04458380490541458,0.0,0.0,0.0
0.580553412437439,0.8004953265190125,0.580553412437439,389,6239,,,,,,,
,,,389,6239,0.6178882718086243,0.8779740333557129,0.6623330116271973,0.04444465786218643,0.0,0.0,0.0
0.5813805460929871,0.8001033663749695,0.5813805460929871,390,6255,,,,,,,
,,,390,6255,0.6174812316894531,0.8668590784072876,0.6619139909744263,0.04443270340561867,0.0,0.0,0.0
0.5807812809944153,0.7997947335243225,0.5807812809944153,391,6271,,,,,,,
,,,391,6271,0.618236243724823,0.882848858833313,0.6627126336097717,0.044476404786109924,0.0,0.0,0.0
0.580325186252594,0.7985528707504272,0.580325186252594,392,6287,,,,,,,
,,,392,6287,0.617384672164917,0.8584405183792114,0.6616906523704529,0.04430601745843887,0.0,0.0,0.0
0.5814269185066223,0.8017745018005371,0.5814269185066223,393,6303,,,,,,,
,,,393,6303,0.6178154945373535,0.8361834287643433,0.6620287895202637,0.04421337693929672,0.0,0.0,0.0
0.5807231664657593,0.8003913760185242,0.5807231664657593,394,6319,,,,,,,
,,,394,6319,0.6179789900779724,0.8607637286186218,0.6620897650718689,0.0441107451915741,0.0,0.0,0.0
0.5813632011413574,0.8014640808105469,0.5813632011413574,395,6335,,,,,,,
,,,395,6335,0.6174334287643433,0.8769465684890747,0.6615391969680786,0.0441058948636055,0.0,0.0,0.0
0.5816152691841125,0.8021982312202454,0.5816152691841125,396,6351,,,,,,,
,,,396,6351,0.6176110506057739,0.8756333589553833,0.6616177558898926,0.04400675743818283,0.0,0.0,0.0
0.581193745136261,0.799756646156311,0.581193745136261,397,6367,,,,,,,
,,,397,6367,0.6177524924278259,0.8712669610977173,0.6616725921630859,0.043920114636421204,0.0,0.0,0.0
0.5808728933334351,0.8001911044120789,0.5808728933334351,398,6383,,,,,,,
,,,398,6383,0.6174507737159729,0.8732522130012512,0.6612626314163208,0.043811749666929245,0.0,0.0,0.0
0.5808260440826416,0.7998910546302795,0.5808260440826416,399,6399,,,,,,,
,,,399,6399,0.6175847053527832,0.8591997027397156,0.6613519787788391,0.043767161667346954,0.0,0.0,0.0
0.581459641456604,0.7993481755256653,0.581459641456604,400,6415,,,,,,,
,,,400,6415,0.6176744699478149,0.8679744005203247,0.6614972352981567,0.043822772800922394,0.0,0.0,0.0
0.5812265276908875,0.8006118535995483,0.5812265276908875,401,6431,,,,,,,
,,,401,6431,0.6171742081642151,0.8631359338760376,0.6609619855880737,0.04378785565495491,0.0,0.0,0.0
0.5805813074111938,0.7993819713592529,0.5805813074111938,402,6447,,,,,,,
,,,402,6447,0.6173676252365112,0.8637439608573914,0.6609981656074524,0.04363062232732773,0.0,0.0,0.0
0.5802040100097656,0.7994568943977356,0.5802040100097656,403,6463,,,,,,,
,,,403,6463,0.616858184337616,0.8477765917778015,0.6603779196739197,0.043519776314496994,0.0,0.0,0.0
0.5800161361694336,0.7976299524307251,0.5800161361694336,404,6479,,,,,,,
,,,404,6479,0.6175440549850464,0.8921740651130676,0.6610027551651001,0.04345875233411789,0.0,0.0,0.0
0.580471396446228,0.7988013029098511,0.580471396446228,405,6495,,,,,,,
,,,405,6495,0.6168835163116455,0.8748582601547241,0.6602429151535034,0.04335932806134224,0.0,0.0,0.0
0.5813330411911011,0.8008638620376587,0.5813330411911011,406,6511,,,,,,,
,,,406,6511,0.6170980334281921,0.8664172291755676,0.6604729890823364,0.04337485507130623,0.0,0.0,0.0
0.5798982381820679,0.79900723695755,0.5798982381820679,407,6527,,,,,,,
,,,407,6527,0.6182142496109009,0.8812478184700012,0.6615186929702759,0.04330449178814888,0.0,0.0,0.0
0.5800738334655762,0.7978899478912354,0.5800738334655762,408,6543,,,,,,,
,,,408,6543,0.6172493100166321,0.8836702108383179,0.6604011058807373,0.0431518480181694,0.0,0.0,0.0
0.5830158591270447,0.8025196194648743,0.5830158591270447,409,6559,,,,,,,
,,,409,6559,0.6180768609046936,0.841983437538147,0.6612718105316162,0.04319490119814873,0.0,0.0,0.0
0.5797560214996338,0.7974230051040649,0.5797560214996338,410,6575,,,,,,,
,,,410,6575,0.6174590587615967,0.8739455938339233,0.6605581045150757,0.043099090456962585,0.0,0.0,0.0
0.5801038146018982,0.7964088320732117,0.5801038146018982,411,6591,,,,,,,
,,,411,6591,0.6171118021011353,0.882459282875061,0.6601105332374573,0.04299864172935486,0.0,0.0,0.0
