,train_f1tof4_w_ae1_latent_mae,train_f1tof4_w_ae1_latent_rmse,total_train_loss,l1_weight_loss,l2_weight_loss,l1_bias_loss,l2_bias_loss
0,1.0224662497639656,1.2834704592823982,1.1902433037757874,0.16777705121785402,0.0,0.0,0.0
1,0.984617292881012,1.2326622232794762,1.147698998451233,0.16308169532567263,0.0,0.0,0.0
2,0.9520267434418201,1.1897789351642132,1.110689651221037,0.15866290777921677,0.0,0.0,0.0
3,0.9225609861314297,1.1536134332418442,1.0772033520042896,0.15464235376566648,0.0,0.0,0.0
4,0.8962717466056347,1.1198658794164658,1.047179665416479,0.1509079234674573,0.0,0.0,0.0
5,0.872369822114706,1.0884540565311909,1.0197588093578815,0.14738899189978838,0.0,0.0,0.0
6,0.8502690978348255,1.0595427453517914,0.9942200146615505,0.14395091868937016,0.0,0.0,0.0
7,0.8290215544402599,1.0337572805583477,0.969705555588007,0.14068400394171476,0.0,0.0,0.0
8,0.809857863932848,1.007577519863844,0.9475767835974693,0.13771892338991165,0.0,0.0,0.0
9,0.791456364095211,0.9848040044307709,0.9264335669577122,0.13497719634324312,0.0,0.0,0.0
10,0.774737685918808,0.9659170806407928,0.9073559008538723,0.13261821493506432,0.0,0.0,0.0
11,0.758473414927721,0.9450336620211601,0.8889120891690254,0.13043866865336895,0.0,0.0,0.0
12,0.7432704195380211,0.926245354115963,0.8715741410851479,0.12830372340977192,0.0,0.0,0.0
13,0.7287947162985802,0.9080375954508781,0.8551534079015255,0.12635868974030018,0.0,0.0,0.0
14,0.7142332196235657,0.8921128734946251,0.8390864580869675,0.12485324870795012,0.0,0.0,0.0
15,0.7007590159773827,0.876890305429697,0.8245204091072083,0.123761388938874,0.0,0.0,0.0
16,0.6883492097258568,0.8628601916134357,0.8113524653017521,0.1230032560415566,0.0,0.0,0.0
17,0.6760611347854137,0.8499015867710114,0.7981420829892159,0.12208095099776983,0.0,0.0,0.0
18,0.6657380685210228,0.8367004729807377,0.7872222624719143,0.12148419674485922,0.0,0.0,0.0
19,0.655685693025589,0.8261044472455978,0.7764446139335632,0.1207589260302484,0.0,0.0,0.0
20,0.6462547667324543,0.8152348436415195,0.766282457858324,0.12002769904211164,0.0,0.0,0.0
21,0.6365859992802143,0.8041435591876507,0.7559958137571812,0.11940981959924102,0.0,0.0,0.0
22,0.6272651255130768,0.7936501391232014,0.7464845888316631,0.11921946005895734,0.0,0.0,0.0
23,0.617583055049181,0.7845094911754131,0.7363872528076172,0.11880419123917818,0.0,0.0,0.0
24,0.6084370464086533,0.7739877887070179,0.7266869358718395,0.11824989086017013,0.0,0.0,0.0
25,0.6001643519848585,0.7645617909729481,0.717915590852499,0.11775124492123723,0.0,0.0,0.0
26,0.591464951634407,0.7555794008076191,0.7085156328976154,0.11705067567527294,0.0,0.0,0.0
27,0.5837114714086056,0.7479655407369137,0.700004655867815,0.11629318399354815,0.0,0.0,0.0
28,0.5762042626738548,0.7406944297254086,0.6917827874422073,0.1155785322189331,0.0,0.0,0.0
29,0.5691325105726719,0.7322776839137077,0.6842391490936279,0.11510664084926248,0.0,0.0,0.0
30,0.5625700280070305,0.725518275052309,0.6771591119468212,0.11458908719941974,0.0,0.0,0.0
31,0.5560458209365606,0.7180338017642498,0.6701337620615959,0.114087940659374,0.0,0.0,0.0
32,0.549492722377181,0.7120393551886082,0.6629916243255138,0.11349889915436506,0.0,0.0,0.0
33,0.5433066990226507,0.7043805830180645,0.6561654880642891,0.11285879136994481,0.0,0.0,0.0
34,0.5371708814054728,0.6982049718499184,0.6494479775428772,0.11227709613740444,0.0,0.0,0.0
35,0.531190175563097,0.6924142763018608,0.64276073127985,0.11157055292278528,0.0,0.0,0.0
36,0.525390263646841,0.6865348555147648,0.636187843978405,0.11079758405685425,0.0,0.0,0.0
37,0.5200498271733522,0.6808339692652225,0.6301273927092552,0.11007756646722555,0.0,0.0,0.0
38,0.5143640972673893,0.6743778362870216,0.6236229687929153,0.10925887571647763,0.0,0.0,0.0
39,0.5091681033372879,0.6705933548510075,0.6176818013191223,0.10851369658485055,0.0,0.0,0.0
40,0.5040890201926231,0.6658581420779228,0.611767802387476,0.10767877753823996,0.0,0.0,0.0
41,0.4986980203539133,0.6595346592366695,0.6058504842221737,0.10715245734900236,0.0,0.0,0.0
42,0.49366219714283943,0.6550088711082935,0.6003043912351131,0.10664219874888659,0.0,0.0,0.0
43,0.4888354856520891,0.6509841829538345,0.5947572737932205,0.10592178627848625,0.0,0.0,0.0
44,0.4843568466603756,0.6465493366122246,0.5894917231053114,0.10513487877324224,0.0,0.0,0.0
45,0.47981770150363445,0.6431981064379215,0.5843408815562725,0.10452317539602518,0.0,0.0,0.0
46,0.4752644617110491,0.6386541984975338,0.5791956931352615,0.10393123188987374,0.0,0.0,0.0
47,0.4704192355275154,0.6353078857064247,0.5737615935504436,0.10334235988557339,0.0,0.0,0.0
48,0.46616327576339245,0.6319885738193989,0.5686112120747566,0.10244794143363833,0.0,0.0,0.0
49,0.4621470030397177,0.6285128630697727,0.5637949872761965,0.10164798330515623,0.0,0.0,0.0
50,0.4579427223652601,0.6264706365764141,0.5586977489292622,0.10075503448024392,0.0,0.0,0.0
51,0.4535042978823185,0.6221767514944077,0.553467471152544,0.0999631667509675,0.0,0.0,0.0
52,0.4496195390820503,0.6199728734791279,0.5488227587193251,0.09920321917161345,0.0,0.0,0.0
53,0.44554291665554047,0.6177041903138161,0.5438286792486906,0.098285763990134,0.0,0.0,0.0
54,0.44201528653502464,0.6161529198288918,0.539265338331461,0.09725005645304918,0.0,0.0,0.0
55,0.43815036676824093,0.6140931434929371,0.5344119593501091,0.09626158699393272,0.0,0.0,0.0
56,0.4348961655050516,0.6103351209312677,0.5302349869161844,0.09533882606774569,0.0,0.0,0.0
57,0.4315130431205034,0.6094723753631115,0.5260072406381369,0.09449419984593987,0.0,0.0,0.0
58,0.4282391518354416,0.6082601584494114,0.5218130983412266,0.09357394790276885,0.0,0.0,0.0
59,0.42531128227710724,0.6061797738075256,0.5179593581706285,0.09264807123690844,0.0,0.0,0.0
60,0.42213160917162895,0.6031950935721397,0.5139607936143875,0.09182918258011341,0.0,0.0,0.0
61,0.4196753706783056,0.60334787145257,0.510704979300499,0.09102960862219334,0.0,0.0,0.0
62,0.4170079939067364,0.6009329631924629,0.5073451716452837,0.09033717587590218,0.0,0.0,0.0
63,0.41437497921288013,0.5996681302785873,0.503939563408494,0.08956458233296871,0.0,0.0,0.0
64,0.4119202420115471,0.5981735810637474,0.5007461421191692,0.08882590057328343,0.0,0.0,0.0
65,0.40952833369374275,0.5965777728706598,0.4974648766219616,0.08793653501197696,0.0,0.0,0.0
66,0.4069510307163,0.5957736447453499,0.49415589682757854,0.08720486657693982,0.0,0.0,0.0
67,0.4046867284923792,0.5939543731510639,0.49108664877712727,0.08639991981908679,0.0,0.0,0.0
68,0.4021025449037552,0.5928981825709343,0.4877918567508459,0.08568931510671973,0.0,0.0,0.0
69,0.3999489527195692,0.5903643928468227,0.48488551937043667,0.08493656711652875,0.0,0.0,0.0
70,0.39761969074606895,0.5919837839901447,0.48183154314756393,0.08421185472980142,0.0,0.0,0.0
71,0.3953260611742735,0.5907461121678352,0.47887958586215973,0.08355352375656366,0.0,0.0,0.0
72,0.39271519146859646,0.5883950628340244,0.4759721551090479,0.08325695805251598,0.0,0.0,0.0
73,0.39015814661979675,0.5888841114938259,0.4727800525724888,0.0826219073496759,0.0,0.0,0.0
74,0.388184517621994,0.5882510542869568,0.4700552001595497,0.08187068020924926,0.0,0.0,0.0
75,0.38619258627295494,0.5881912857294083,0.4674228746443987,0.0812302902340889,0.0,0.0,0.0
76,0.38386339507997036,0.5875368118286133,0.4647694006562233,0.08090600557625294,0.0,0.0,0.0
77,0.3816878702491522,0.5858915783464909,0.4621174558997154,0.08042958285659552,0.0,0.0,0.0
78,0.3794211260974407,0.5843578297644854,0.4594289995729923,0.08000787068158388,0.0,0.0,0.0
79,0.37736006639897823,0.5825047343969345,0.45704047195613384,0.07968040462583303,0.0,0.0,0.0
80,0.37546613812446594,0.5818676017224789,0.4545818939805031,0.07911575771868229,0.0,0.0,0.0
81,0.3735090494155884,0.5820744819939137,0.4521846827119589,0.07867563609033823,0.0,0.0,0.0
82,0.3717343509197235,0.5810249708592892,0.4501865841448307,0.0784522257745266,0.0,0.0,0.0
83,0.36973486095666885,0.5798297189176083,0.4479773975908756,0.07824253616854548,0.0,0.0,0.0
84,0.3677297793328762,0.5794657971709967,0.4456989970058203,0.0779692200012505,0.0,0.0,0.0
85,0.3660161942243576,0.5799254849553108,0.4437377117574215,0.07772152032703161,0.0,0.0,0.0
86,0.36470526829361916,0.5796606987714767,0.441998727619648,0.07729345606639981,0.0,0.0,0.0
87,0.36386895924806595,0.5795487873256207,0.4406284522265196,0.07675949297845364,0.0,0.0,0.0
88,0.3629122767597437,0.5781317129731178,0.4394111093133688,0.07649883208796382,0.0,0.0,0.0
89,0.36242915503680706,0.5783249866217375,0.43830415047705173,0.07587499637156725,0.0,0.0,0.0
90,0.36145651526749134,0.5785572491586208,0.4369527045637369,0.07549619395285845,0.0,0.0,0.0
91,0.36070020869374275,0.5777829103171825,0.43574742786586285,0.07504722522571683,0.0,0.0,0.0
92,0.35975363478064537,0.577665101736784,0.4344339929521084,0.07468035677447915,0.0,0.0,0.0
93,0.35898745991289616,0.5770954936742783,0.43331738747656345,0.07432992709800601,0.0,0.0,0.0
94,0.35855412669479847,0.5752645470201969,0.4323182590305805,0.07376412767916918,0.0,0.0,0.0
95,0.357771310955286,0.57636384293437,0.4310453701764345,0.07327405409887433,0.0,0.0,0.0
96,0.3572872765362263,0.5758764930069447,0.4300638325512409,0.0727765578776598,0.0,0.0,0.0
97,0.35649694688618183,0.5742378532886505,0.42903048545122147,0.07253353809937835,0.0,0.0,0.0
98,0.35560624301433563,0.5748839303851128,0.42784005030989647,0.07223381055518985,0.0,0.0,0.0
99,0.3549855649471283,0.5748110804706812,0.4267872963100672,0.0718017308972776,0.0,0.0,0.0
100,0.35464022122323513,0.574167225509882,0.42604269459843636,0.07140247244387865,0.0,0.0,0.0
101,0.35387003794312477,0.5746291596442461,0.42485923506319523,0.0709891919977963,0.0,0.0,0.0
102,0.35322028771042824,0.5741191226989031,0.42389112897217274,0.07067084359005094,0.0,0.0,0.0
103,0.35241670347750187,0.574363874271512,0.42280083522200584,0.07038413314148784,0.0,0.0,0.0
104,0.3518148511648178,0.5728533007204533,0.421865276992321,0.07005042489618063,0.0,0.0,0.0
105,0.3511179629713297,0.5728101059794426,0.42073575407266617,0.06961779063567519,0.0,0.0,0.0
106,0.3504134062677622,0.5729971490800381,0.419779809191823,0.06936640292406082,0.0,0.0,0.0
107,0.34957513585686684,0.5740929506719112,0.41869903542101383,0.06912389537319541,0.0,0.0,0.0
108,0.3490673340857029,0.5730193667113781,0.4178767614066601,0.06880942638963461,0.0,0.0,0.0
109,0.3485257923603058,0.5727632064372301,0.4171267468482256,0.0686009549535811,0.0,0.0,0.0
110,0.3477096278220415,0.5727326013147831,0.41590385138988495,0.06819422589614987,0.0,0.0,0.0
111,0.3470740281045437,0.572341974824667,0.41505810245871544,0.06798407062888145,0.0,0.0,0.0
112,0.3464359063655138,0.5727439373731613,0.4140459932386875,0.06761008594185114,0.0,0.0,0.0
113,0.3461054116487503,0.5732909347862005,0.413418248295784,0.06731283804401755,0.0,0.0,0.0
114,0.34562619030475616,0.5728081036359072,0.4126945286989212,0.0670683397911489,0.0,0.0,0.0
115,0.3448947761207819,0.5728314630687237,0.4116368852555752,0.06674211379140615,0.0,0.0,0.0
116,0.3443035427480936,0.5721143968403339,0.4106685761362314,0.06636503804475069,0.0,0.0,0.0
117,0.3436353746801615,0.5722005218267441,0.409826485440135,0.06619110936298966,0.0,0.0,0.0
118,0.3432023711502552,0.5706260893493891,0.40902941301465034,0.06582704046741128,0.0,0.0,0.0
119,0.3426128700375557,0.571698684245348,0.408168263733387,0.06555539462715387,0.0,0.0,0.0
120,0.3421667404472828,0.5719870217144489,0.4072918649762869,0.06512512266635895,0.0,0.0,0.0
121,0.3416907973587513,0.5725986137986183,0.4065436664968729,0.06485287426039577,0.0,0.0,0.0
122,0.34122307039797306,0.5719961803406477,0.40592141076922417,0.0646983403712511,0.0,0.0,0.0
123,0.3409883538261056,0.571133179590106,0.40542780235409737,0.0644394513219595,0.0,0.0,0.0
124,0.3403285779058933,0.5694886334240437,0.4045089464634657,0.06418036669492722,0.0,0.0,0.0
125,0.3396930955350399,0.5712188798934221,0.40366942062973976,0.0639763274230063,0.0,0.0,0.0
126,0.33926898427307606,0.571896493434906,0.4030561726540327,0.06378718838095665,0.0,0.0,0.0
127,0.33880288526415825,0.570659514516592,0.40234661661088467,0.06354373320937157,0.0,0.0,0.0
128,0.33818347565829754,0.5703589152544737,0.40156455151736736,0.0633810767903924,0.0,0.0,0.0
129,0.33789403922855854,0.5706997737288475,0.40101068653166294,0.06311665195971727,0.0,0.0,0.0
130,0.33739033713936806,0.5693567115813494,0.40037710033357143,0.06298676319420338,0.0,0.0,0.0
131,0.33658828400075436,0.5708164367824793,0.39933750964701176,0.06274923030287027,0.0,0.0,0.0
132,0.3361783046275377,0.5694095361977816,0.39877724274992943,0.06259893765673041,0.0,0.0,0.0
133,0.3354685101658106,0.5700008682906628,0.39786442928016186,0.06239592167548835,0.0,0.0,0.0
134,0.33503321651369333,0.5680806804448366,0.39726842381060123,0.062235206831246614,0.0,0.0,0.0
135,0.33436618000268936,0.5701206214725971,0.39634638652205467,0.06198021047748625,0.0,0.0,0.0
136,0.3340814411640167,0.5698494762182236,0.3958746213465929,0.06179318274371326,0.0,0.0,0.0
137,0.3335069306194782,0.5700241029262543,0.3951537702232599,0.061646837275475264,0.0,0.0,0.0
138,0.3325978945940733,0.5704552680253983,0.3940380811691284,0.06144018843770027,0.0,0.0,0.0
139,0.33219835720956326,0.5694641508162022,0.3933808598667383,0.06118250475265086,0.0,0.0,0.0
140,0.33199188485741615,0.5685204416513443,0.39294078201055527,0.060948894592002034,0.0,0.0,0.0
141,0.33128201216459274,0.5677030216902494,0.39208502881228924,0.06080301757901907,0.0,0.0,0.0
142,0.3308566212654114,0.5694533735513687,0.3914228994399309,0.0605662795715034,0.0,0.0,0.0
143,0.33019561134278774,0.5695404075086117,0.390548937022686,0.06035332917235792,0.0,0.0,0.0
144,0.32976752519607544,0.5695890691131353,0.38983607292175293,0.060068548657000065,0.0,0.0,0.0
145,0.3294665813446045,0.5679307524114847,0.3894497621804476,0.05998318060301244,0.0,0.0,0.0
146,0.3289413405582309,0.5689338929951191,0.3884835634380579,0.059542226139456034,0.0,0.0,0.0
147,0.3287167623639107,0.5693801082670689,0.388033252209425,0.059316488448530436,0.0,0.0,0.0
148,0.3281596899032593,0.570031151175499,0.38717446848750114,0.05901478067971766,0.0,0.0,0.0
149,0.32767203636467457,0.5693142246454954,0.38646284118294716,0.05879080225713551,0.0,0.0,0.0
150,0.32717232778668404,0.5689626224339008,0.3857371062040329,0.058564780512824655,0.0,0.0,0.0
151,0.32681372202932835,0.569694709032774,0.3850869480520487,0.05827322998084128,0.0,0.0,0.0
152,0.32640545442700386,0.5690727066248655,0.3844806794077158,0.05807522707618773,0.0,0.0,0.0
153,0.3259311504662037,0.5683229099959135,0.383804377168417,0.05787322507239878,0.0,0.0,0.0
154,0.3256979323923588,0.5685246326029301,0.38328625820577145,0.05758832744322717,0.0,0.0,0.0
155,0.3253725990653038,0.5683841574937105,0.382645720615983,0.05727312318049371,0.0,0.0,0.0
156,0.3250231649726629,0.5691357608884573,0.38204021751880646,0.05701705440878868,0.0,0.0,0.0
157,0.3246585903689265,0.5672459024935961,0.3815407119691372,0.05688211973756552,0.0,0.0,0.0
158,0.3245220463722944,0.5690074972808361,0.3811162170022726,0.05659417132847011,0.0,0.0,0.0
159,0.32422419264912605,0.5672315638512373,0.38060297444462776,0.05637878179550171,0.0,0.0,0.0
160,0.32413546554744244,0.5677511859685183,0.3802138399332762,0.05607837904244661,0.0,0.0,0.0
161,0.32355005480349064,0.5677856765687466,0.3794145919382572,0.05586453224532306,0.0,0.0,0.0
162,0.3232142999768257,0.5687850024551153,0.3788498044013977,0.055635503958910704,0.0,0.0,0.0
163,0.3229119312018156,0.568852212280035,0.3783470541238785,0.05543512152507901,0.0,0.0,0.0
164,0.3228574153035879,0.5659137349575758,0.37804283015429974,0.055185415083542466,0.0,0.0,0.0
165,0.3228631913661957,0.5676066633313894,0.37785254418849945,0.054989354219287634,0.0,0.0,0.0
166,0.3225370068103075,0.5684814341366291,0.37731015123426914,0.05477314768359065,0.0,0.0,0.0
167,0.3223338630050421,0.5675772316753864,0.376902824267745,0.05456896196119487,0.0,0.0,0.0
168,0.32218432798981667,0.5665378794074059,0.3766198046505451,0.054435475962236524,0.0,0.0,0.0
169,0.3222386296838522,0.5680380500853062,0.37652637623250484,0.05428774352185428,0.0,0.0,0.0
170,0.32230259850621223,0.5682379361242056,0.37647959776222706,0.05417699832469225,0.0,0.0,0.0
171,0.3220223281532526,0.5676228664815426,0.3760365527123213,0.054014222929254174,0.0,0.0,0.0
172,0.3218540586531162,0.5658636428415775,0.3757101036608219,0.053856042213737965,0.0,0.0,0.0
173,0.32172075286507607,0.5667199902236462,0.37542020343244076,0.053699449403211474,0.0,0.0,0.0
174,0.3215758688747883,0.5670378506183624,0.3750775847584009,0.053501713555306196,0.0,0.0,0.0
175,0.32129316590726376,0.5675397105515003,0.3746963944286108,0.05340322921983898,0.0,0.0,0.0
176,0.3214980196207762,0.5670505706220865,0.3747212663292885,0.053223249735310674,0.0,0.0,0.0
177,0.3211790807545185,0.5668977480381727,0.374281806871295,0.05310272634960711,0.0,0.0,0.0
178,0.32130853459239006,0.5669204145669937,0.3742879182100296,0.052979383850470185,0.0,0.0,0.0
179,0.3212089743465185,0.5660658404231071,0.3740393575280905,0.052830380853265524,0.0,0.0,0.0
180,0.3211788982152939,0.5671996586024761,0.3739132508635521,0.052734351018443704,0.0,0.0,0.0
181,0.32110634073615074,0.5669626034796238,0.37365533225238323,0.05254899128340185,0.0,0.0,0.0
182,0.32141706161201,0.5651498809456825,0.37395066395401955,0.05253360513597727,0.0,0.0,0.0
183,0.32119492441415787,0.5676504448056221,0.3735374491661787,0.052342525916174054,0.0,0.0,0.0
184,0.32110132090747356,0.5664344783872366,0.3733317144215107,0.052230392349883914,0.0,0.0,0.0
185,0.3212103247642517,0.5671175420284271,0.3733246959745884,0.05211437027901411,0.0,0.0,0.0
186,0.320886904373765,0.5658506602048874,0.3728109020739794,0.05192399816587567,0.0,0.0,0.0
187,0.32072759978473186,0.566182728856802,0.372547360137105,0.05181976011954248,0.0,0.0,0.0
188,0.3206900432705879,0.5657584257423878,0.37235498055815697,0.051664939150214195,0.0,0.0,0.0
189,0.32072938606143,0.5661451630294323,0.37231739424169064,0.05158800748176873,0.0,0.0,0.0
190,0.3209014795720577,0.5660808812826872,0.3723849840462208,0.05148350354284048,0.0,0.0,0.0
191,0.32023575343191624,0.5655382610857487,0.3715742565691471,0.05133849987760186,0.0,0.0,0.0
192,0.3200227692723274,0.566540252417326,0.3712143022567034,0.051191533682867885,0.0,0.0,0.0
193,0.3200988322496414,0.5670835748314857,0.37117305770516396,0.05107422615401447,0.0,0.0,0.0
194,0.3200266268104315,0.5657512750476599,0.3709705490618944,0.05094392108730972,0.0,0.0,0.0
195,0.3200451508164406,0.565430760383606,0.37087960727512836,0.05083445739001036,0.0,0.0,0.0
196,0.32007301412522793,0.5659086667001247,0.37081207893788815,0.05073906644247472,0.0,0.0,0.0
197,0.32004762068390846,0.5657814834266901,0.37066107243299484,0.050613453378900886,0.0,0.0,0.0
198,0.31984935887157917,0.565803874284029,0.37030561827123165,0.050456259632483125,0.0,0.0,0.0
199,0.32035037130117416,0.5662286542356014,0.37070856988430023,0.05035819858312607,0.0,0.0,0.0
200,0.32014311850070953,0.5660908371210098,0.3703898824751377,0.05024676560424268,0.0,0.0,0.0
201,0.3199100475758314,0.5648350287228823,0.37008523754775524,0.05017518671229482,0.0,0.0,0.0
202,0.3195318281650543,0.5657680258154869,0.3695395980030298,0.050007771234959364,0.0,0.0,0.0
203,0.3194835055619478,0.5652879662811756,0.36932940408587456,0.04984589642845094,0.0,0.0,0.0
204,0.31963582150638103,0.5658443812280893,0.36937899701297283,0.04974317364394665,0.0,0.0,0.0
205,0.3198193572461605,0.5656592920422554,0.3695210963487625,0.04970173933543265,0.0,0.0,0.0
206,0.31992598809301853,0.5643760710954666,0.3694848585873842,0.049558869330212474,0.0,0.0,0.0
207,0.3196380566805601,0.5653165839612484,0.36908089742064476,0.04944283957593143,0.0,0.0,0.0
208,0.3192504346370697,0.5649146698415279,0.3685590475797653,0.049308614106848836,0.0,0.0,0.0
209,0.3194457124918699,0.5660329759120941,0.36863091215491295,0.04918519640341401,0.0,0.0,0.0
210,0.3192814812064171,0.5645315293222666,0.36837530694901943,0.049093826208263636,0.0,0.0,0.0
211,0.31953203678131104,0.5652899965643883,0.36848397366702557,0.04895193665288389,0.0,0.0,0.0
212,0.31958998553454876,0.5656326040625572,0.3684902675449848,0.048900284338742495,0.0,0.0,0.0
213,0.31936711072921753,0.5638729613274336,0.36813169345259666,0.04876458225771785,0.0,0.0,0.0
214,0.3195132538676262,0.5652689225971699,0.36816256307065487,0.048649308970198035,0.0,0.0,0.0
215,0.31907961517572403,0.5641742460429668,0.3675834182649851,0.04850380471907556,0.0,0.0,0.0
216,0.31923091784119606,0.5647463668137789,0.3676386345177889,0.04840771434828639,0.0,0.0,0.0
217,0.31898809783160686,0.564136290922761,0.36727022007107735,0.04828212037682533,0.0,0.0,0.0
218,0.3192137870937586,0.5638612378388643,0.3673982284963131,0.048184442799538374,0.0,0.0,0.0
219,0.3191169071942568,0.5638817399740219,0.36715014837682247,0.04803324257954955,0.0,0.0,0.0
220,0.318677244707942,0.5645278878509998,0.366634851321578,0.04795760358683765,0.0,0.0,0.0
221,0.3189240079373121,0.5638707671314478,0.3667878210544586,0.04786380846053362,0.0,0.0,0.0
222,0.3188747223466635,0.5643237270414829,0.3666319139301777,0.047757192980498075,0.0,0.0,0.0
223,0.3187809679657221,0.5647379923611879,0.36640085838735104,0.0476198922842741,0.0,0.0,0.0
224,0.31929643638432026,0.5645885765552521,0.3668615594506264,0.04756512143649161,0.0,0.0,0.0
225,0.3189945798367262,0.5644849892705679,0.3664137050509453,0.047419126611202955,0.0,0.0,0.0
226,0.3189173974096775,0.5650802627205849,0.3662420343607664,0.047324638115242124,0.0,0.0,0.0
227,0.31909527257084846,0.5636521596461535,0.3663478624075651,0.04725259030237794,0.0,0.0,0.0
228,0.31891270354390144,0.5635463669896126,0.36602858267724514,0.04711588053032756,0.0,0.0,0.0
229,0.3187847100198269,0.5647389609366655,0.3657603804022074,0.04697566945105791,0.0,0.0,0.0
230,0.3185906931757927,0.5645262394100428,0.3654553536325693,0.04686466441489756,0.0,0.0,0.0
231,0.3183906860649586,0.5643069259822369,0.3651381842792034,0.046747499611228704,0.0,0.0,0.0
232,0.3186603765934706,0.5636429209262133,0.36534837633371353,0.04668799601495266,0.0,0.0,0.0
233,0.3188391886651516,0.5639330092817545,0.36545941419899464,0.04662022413685918,0.0,0.0,0.0
234,0.31879352033138275,0.5638014078140259,0.3653152007609606,0.04652167949825525,0.0,0.0,0.0
235,0.31853644363582134,0.5639165546745062,0.36495919339358807,0.04642275092191994,0.0,0.0,0.0
236,0.3185260947793722,0.5631048660725355,0.3648256715387106,0.046299574663862586,0.0,0.0,0.0
237,0.318451389670372,0.5625119023025036,0.36469187773764133,0.046240483643487096,0.0,0.0,0.0
238,0.31834303587675095,0.5623465366661549,0.364468103274703,0.046125064836815,0.0,0.0,0.0
239,0.31826655752956867,0.5643215794116259,0.3643217124044895,0.04605515254661441,0.0,0.0,0.0
240,0.31836835853755474,0.5631371196359396,0.3643221128731966,0.04595375247299671,0.0,0.0,0.0
241,0.31823812052607536,0.5642193220555782,0.36403585970401764,0.04579773801378906,0.0,0.0,0.0
242,0.3182746097445488,0.5630579069256783,0.3640316966921091,0.0457570874132216,0.0,0.0,0.0
243,0.3180847205221653,0.5645798370242119,0.36377106606960297,0.0456863425206393,0.0,0.0,0.0
244,0.3180458303540945,0.5628954079002142,0.3636157363653183,0.04556990088894963,0.0,0.0,0.0
245,0.3180269170552492,0.563344944268465,0.3635003250092268,0.04547340492717922,0.0,0.0,0.0
246,0.318184282630682,0.5640744566917419,0.36358794942498207,0.04540366376750171,0.0,0.0,0.0
247,0.31835276260972023,0.5634235497564077,0.36375182680785656,0.04539906373247504,0.0,0.0,0.0
248,0.31825429387390614,0.5632540378719568,0.3635208047926426,0.04526650835759938,0.0,0.0,0.0
249,0.3182114101946354,0.5639569200575352,0.36336939968168736,0.04515798483043909,0.0,0.0,0.0
250,0.31813156697899103,0.5610095951706171,0.3632008992135525,0.04506932990625501,0.0,0.0,0.0
251,0.3181070238351822,0.564540758728981,0.3631329946219921,0.045025967294350266,0.0,0.0,0.0
252,0.31813500821590424,0.5632232800126076,0.36308811977505684,0.04495310643687844,0.0,0.0,0.0
253,0.3183822240680456,0.5633570216596127,0.3632764108479023,0.04489418142475188,0.0,0.0,0.0
254,0.3183783311396837,0.5601179134100676,0.36314425617456436,0.04476592689752579,0.0,0.0,0.0
255,0.31812623515725136,0.5620587412267923,0.36282564513385296,0.04469941137358546,0.0,0.0,0.0
256,0.31777407601475716,0.5626704264432192,0.3623275365680456,0.044553464744240046,0.0,0.0,0.0
257,0.3177373381331563,0.5617528352886438,0.3622113727033138,0.04447403526864946,0.0,0.0,0.0
258,0.3178818579763174,0.5630102474242449,0.3622639365494251,0.04438207484781742,0.0,0.0,0.0
259,0.3178675025701523,0.5629636850208044,0.3622036464512348,0.04433614551089704,0.0,0.0,0.0
260,0.3180559817701578,0.5625585187226534,0.36228105425834656,0.04422507341951132,0.0,0.0,0.0
261,0.3179563097655773,0.5631854087114334,0.36219195649027824,0.044235642068088055,0.0,0.0,0.0
262,0.31792292930185795,0.5618830025196075,0.3620166778564453,0.04409374645911157,0.0,0.0,0.0
263,0.3179997820407152,0.5626649614423513,0.36201203614473343,0.04401225293986499,0.0,0.0,0.0
264,0.3177410289645195,0.5624281596392393,0.36167204193770885,0.04393101390451193,0.0,0.0,0.0
265,0.3176132831722498,0.5621770564466715,0.36144223995506763,0.04382895375601947,0.0,0.0,0.0
266,0.3175917789340019,0.5627423785626888,0.3613136503845453,0.04372187308035791,0.0,0.0,0.0
267,0.3175444882363081,0.5635420586913824,0.36120407097041607,0.043659581104293466,0.0,0.0,0.0
268,0.31801663897931576,0.5623439252376556,0.36164628341794014,0.04362964234314859,0.0,0.0,0.0
269,0.3175300732254982,0.5623606685549021,0.361045990139246,0.04351591784507036,0.0,0.0,0.0
270,0.31724655628204346,0.5619042068719864,0.3606482520699501,0.043401695555076,0.0,0.0,0.0
271,0.31733770575374365,0.5606697667390108,0.3606770820915699,0.0433393728453666,0.0,0.0,0.0
272,0.31733066495507956,0.56166329421103,0.36060309782624245,0.04327243147417903,0.0,0.0,0.0
273,0.31739158369600773,0.5634408667683601,0.3605895880609751,0.04319800273515284,0.0,0.0,0.0
274,0.31733242981135845,0.5608932077884674,0.3604415636509657,0.04310913477092981,0.0,0.0,0.0
275,0.3176296800374985,0.5622654482722282,0.3607004527002573,0.04307077173143625,0.0,0.0,0.0
276,0.31770484149456024,0.5621948502957821,0.3606997989118099,0.042994953924790025,0.0,0.0,0.0
277,0.31746975518763065,0.5621442832052708,0.3603877928107977,0.042918034829199314,0.0,0.0,0.0
278,0.3173706140369177,0.5615226663649082,0.3601912222802639,0.0428206087090075,0.0,0.0,0.0
279,0.3175136595964432,0.5626672133803368,0.360239839181304,0.042726177955046296,0.0,0.0,0.0
280,0.31740807741880417,0.5619966574013233,0.3600436169654131,0.04263553465716541,0.0,0.0,0.0
281,0.31733096949756145,0.5612059142440557,0.3599315881729126,0.04260062030516565,0.0,0.0,0.0
282,0.31750877387821674,0.5618852209299803,0.3600243590772152,0.04251558589749038,0.0,0.0,0.0
283,0.3176642432808876,0.5620600413531065,0.36013185046613216,0.04246760602109134,0.0,0.0,0.0
284,0.3175767958164215,0.5609174817800522,0.35995402559638023,0.04237722884863615,0.0,0.0,0.0
285,0.31734703481197357,0.5623846650123596,0.3595953993499279,0.04224836570210755,0.0,0.0,0.0
286,0.3174930978566408,0.5616212673485279,0.3596966676414013,0.04220357025042176,0.0,0.0,0.0
287,0.3173527307808399,0.5623308159410954,0.3594674486666918,0.042114716488868,0.0,0.0,0.0
288,0.3172830827534199,0.5608323700726032,0.3593635242432356,0.04208044474944472,0.0,0.0,0.0
289,0.31742291897535324,0.5611235462129116,0.3594100885093212,0.0419871702324599,0.0,0.0,0.0
290,0.3171354755759239,0.5619232095777988,0.35903494991362095,0.04189947387203574,0.0,0.0,0.0
291,0.3172517158091068,0.5616290140897036,0.3590397983789444,0.04178808256983757,0.0,0.0,0.0
292,0.3171341810375452,0.5631345622241497,0.35888103395700455,0.041746854316443205,0.0,0.0,0.0
293,0.31711030565202236,0.5610903855413198,0.35881367698311806,0.04170337622053921,0.0,0.0,0.0
294,0.31722175143659115,0.560656787827611,0.35880605690181255,0.04158430593088269,0.0,0.0,0.0
295,0.31744150444865227,0.5618613380938768,0.3589511588215828,0.041509658098220825,0.0,0.0,0.0
296,0.3172751236706972,0.5588335748761892,0.35877523198723793,0.04150010854937136,0.0,0.0,0.0
297,0.3172324616461992,0.5613584462553263,0.3586193863302469,0.04138692654669285,0.0,0.0,0.0
298,0.31703005731105804,0.561989376321435,0.3583516925573349,0.04132163431495428,0.0,0.0,0.0
299,0.3172746058553457,0.562202351167798,0.35851323790848255,0.041238627629354596,0.0,0.0,0.0
300,0.31739250756800175,0.5589233171194792,0.35864044167101383,0.04124793433584273,0.0,0.0,0.0
301,0.3171606408432126,0.5599795151501894,0.358256284147501,0.04109563981182873,0.0,0.0,0.0
302,0.31747440062463284,0.5607574693858624,0.3585542105138302,0.04107981035485864,0.0,0.0,0.0
303,0.31709879636764526,0.5626687295734882,0.3580655250698328,0.04096672614105046,0.0,0.0,0.0
304,0.3171405531466007,0.561023011803627,0.35804373025894165,0.04090318293310702,0.0,0.0,0.0
305,0.31725449208170176,0.5607640240341425,0.358114592730999,0.040860101813450456,0.0,0.0,0.0
306,0.31725253723561764,0.5603180378675461,0.35798532888293266,0.040732790948823094,0.0,0.0,0.0
307,0.31681627966463566,0.5609237067401409,0.3574703112244606,0.04065403062850237,0.0,0.0,0.0
308,0.3168679475784302,0.5605960190296173,0.35744841024279594,0.040580458007752895,0.0,0.0,0.0
309,0.3171057440340519,0.560707388445735,0.3576965294778347,0.04059078567661345,0.0,0.0,0.0
310,0.3171862894669175,0.560213964432478,0.35764333233237267,0.040457039372995496,0.0,0.0,0.0
311,0.31688204780220985,0.560383353382349,0.3572374153882265,0.04035537247546017,0.0,0.0,0.0
312,0.31674100644886494,0.5608088131994009,0.35703112185001373,0.04029011493548751,0.0,0.0,0.0
313,0.3165141548961401,0.5616302229464054,0.35669890604913235,0.040184749057516456,0.0,0.0,0.0
314,0.31648454908281565,0.5604115221649408,0.356646366417408,0.040161816868931055,0.0,0.0,0.0
315,0.31648616306483746,0.5621318686753511,0.3565128818154335,0.040026721777394414,0.0,0.0,0.0
316,0.3167221397161484,0.5603323262184858,0.35670206137001514,0.039979920256882906,0.0,0.0,0.0
317,0.31648935936391354,0.5598122365772724,0.3564034029841423,0.03991404199041426,0.0,0.0,0.0
318,0.3166395053267479,0.5606300588697195,0.35647520795464516,0.039835700299590826,0.0,0.0,0.0
319,0.31666184216737747,0.5611968766897917,0.3564673587679863,0.03980551892891526,0.0,0.0,0.0
320,0.3168039806187153,0.5615435261279345,0.356557946652174,0.03975396347232163,0.0,0.0,0.0
321,0.3169803246855736,0.5597444958984852,0.3566495534032583,0.039669226156547666,0.0,0.0,0.0
322,0.31674173660576344,0.5601176731288433,0.3563235476613045,0.03958181315101683,0.0,0.0,0.0
323,0.3167728688567877,0.5611608475446701,0.3563269730657339,0.039554102811962366,0.0,0.0,0.0
324,0.3167963232845068,0.5609795432537794,0.35624491050839424,0.039448587922379375,0.0,0.0,0.0
325,0.3167422655969858,0.5606756638735533,0.35612063109874725,0.03937836387194693,0.0,0.0,0.0
326,0.3167172707617283,0.5614880323410034,0.35603741370141506,0.03932014340534806,0.0,0.0,0.0
327,0.31686685234308243,0.5598574187606573,0.35613567009568214,0.0392688165884465,0.0,0.0,0.0
328,0.3167718295007944,0.5608100332319736,0.35598505660891533,0.03921323060058057,0.0,0.0,0.0
329,0.31686459854245186,0.5597443394362926,0.3559883050620556,0.039123708149418235,0.0,0.0,0.0
330,0.3166730757802725,0.5598216243088245,0.35568004474043846,0.03900697035714984,0.0,0.0,0.0
331,0.31709326803684235,0.5595405921339989,0.3561106752604246,0.03901740978471935,0.0,0.0,0.0
332,0.31671400368213654,0.5612213220447302,0.3556824419647455,0.03896844177506864,0.0,0.0,0.0
333,0.3166310116648674,0.5593133419752121,0.35546937957406044,0.0388383655808866,0.0,0.0,0.0
334,0.3166806176304817,0.5609401445835829,0.35544257052242756,0.038761953357607126,0.0,0.0,0.0
335,0.3166832607239485,0.5607690345495939,0.3553812950849533,0.03869803203269839,0.0,0.0,0.0
336,0.3164830459281802,0.5578991211950779,0.35512019880115986,0.038637150544673204,0.0,0.0,0.0
337,0.3165918793529272,0.5600208546966314,0.35514815524220467,0.03855628054589033,0.0,0.0,0.0
338,0.3165332619100809,0.560061464086175,0.3550502248108387,0.03851696150377393,0.0,0.0,0.0
339,0.316670686006546,0.559123145416379,0.35511199571192265,0.03844131110236049,0.0,0.0,0.0
340,0.3166799582540989,0.5604489389806986,0.355037035420537,0.03835707996040583,0.0,0.0,0.0
341,0.3162684217095375,0.5610880572348833,0.3545387964695692,0.03827037406153977,0.0,0.0,0.0
342,0.31676711328327656,0.5603729374706745,0.35505430586636066,0.03828719165176153,0.0,0.0,0.0
343,0.31651649437844753,0.5603244099766016,0.3547200970351696,0.038203601725399494,0.0,0.0,0.0
344,0.31653251126408577,0.558843731880188,0.3546483125537634,0.03811580128967762,0.0,0.0,0.0
345,0.3165444377809763,0.558947779238224,0.35461125150322914,0.038066813722252846,0.0,0.0,0.0
346,0.3164878487586975,0.5609476584941149,0.3545117471367121,0.038023895816877484,0.0,0.0,0.0
347,0.3165939189493656,0.5602974761277437,0.3545887414366007,0.037994820391759276,0.0,0.0,0.0
348,0.31682619266211987,0.5602092016488314,0.3547512497752905,0.03792505688033998,0.0,0.0,0.0
349,0.31688226386904716,0.5591665524989367,0.35474407859146595,0.03786181495524943,0.0,0.0,0.0
350,0.31668156664818525,0.5594624020159245,0.35445227287709713,0.03777070832438767,0.0,0.0,0.0
351,0.31657860800623894,0.5604038424789906,0.35431290604174137,0.037734297569841146,0.0,0.0,0.0
352,0.31649484671652317,0.5610390491783619,0.35419435426592827,0.03769950848072767,0.0,0.0,0.0
353,0.3166526425629854,0.5608311481773853,0.35428719967603683,0.03763455920852721,0.0,0.0,0.0
354,0.317254189401865,0.5596468225121498,0.35488729178905487,0.03763309773057699,0.0,0.0,0.0
355,0.31666072830557823,0.5599228162318468,0.3541871923953295,0.03752646245993674,0.0,0.0,0.0
356,0.31619939766824245,0.5607423558831215,0.3536360003054142,0.03743660310283303,0.0,0.0,0.0
357,0.31626722402870655,0.560605963692069,0.35362361930310726,0.03735639271326363,0.0,0.0,0.0
358,0.31631284952163696,0.5602240525186062,0.3536269012838602,0.03731404710561037,0.0,0.0,0.0
359,0.3165611531585455,0.5600284785032272,0.3538528736680746,0.03729171631857753,0.0,0.0,0.0
360,0.31658527068793774,0.5608236789703369,0.3538264334201813,0.03724116086959839,0.0,0.0,0.0
361,0.3164177592843771,0.561501270160079,0.3535680007189512,0.03715024096891284,0.0,0.0,0.0
362,0.3162931390106678,0.5614943206310272,0.3533709291368723,0.03707779129035771,0.0,0.0,0.0
