z1,z2,z3,z4,z5,z6,z7,z8,f1,f2,f3,f4,f5,AE1_latent_0,AE1_latent_1,AE1_latent_2,AE1_latent_3,AE1_latent_4,AE1_latent_5,AE1_latent_6,AE1_latent_7
5.507979025745755,0.6854991826183676,5.280051951571091,2.5109253716588875,3.029459471766398,2.8118562483177967,6.170216232887307,8.801132759129596,197.60710336744472,178.9635999957824,-2.8058948653303446,2.5242693498677635,376.2890778477646,0.6220358,0.96412957,0.0,0.68308496,1.731565,1.5414401,0.4049977,0.93860185
7.081478226181048,0.7649628231595706,6.73359640604116,2.378256220072197,1.9402450238592617,3.354224570272332,7.844312335951528,1.3408180203145448,180.07632740444586,202.47991987204745,102.89163882237165,-86.41923341321132,399.0286526856536,1.0812869,2.3843038,0.53817415,0.8717766,2.1902866,0.7563359,0.6610639,0.6136068
2.9090473891294435,5.3879265800317,7.4536584508199475,2.6776718251009037,9.683566278604507,3.1755432230376512,3.461612943332307,2.4839866111467943,222.22774453574075,117.03788868151284,-29.693934852864004,52.37234940981501,361.9440477742046,2.4722238,1.7611457,1.9432299,1.9051719,2.5448923,2.0840685,2.7025042,1.2290992
5.10827605197663,0.7556640450523078,7.299737420255724,2.631899264495167,0.7945029729344899,5.655106299946958,1.0264512826115346,8.800815357637552,197.99798794782004,169.46505593203452,123.9275631483099,-44.9164848725758,446.4741221555887,0.0,0.57490766,0.80942065,1.2950428,1.6797476,1.5905247,0.34744227,0.4122634
8.929469543476547,1.837723180124428,4.241159002885487,9.72715486653554,7.854924589820856,6.55434020349002,3.612270728476594,5.266983866097784,341.1664589763657,230.15104717039188,-140.4049903254566,3.3071837608289663,434.2196995821299,0.9869067,2.6600626,2.5748298,1.1540565,1.5025728,2.975553,1.8801591,2.2417805
8.96293088933438,4.36357084166514,4.559523311068949,7.911612519170003,9.472829243018833,8.448146224149486,7.880882362125697,4.1173236342264055,422.92407530151047,232.23058646924207,-271.1384415766967,-7.465816614757359,376.55040357929846,2.1049361,3.0078757,2.338222,1.4050057,1.0968766,2.6061769,1.8370814,2.1532373
1.2558531046383623,4.977828310184575,8.735071014697922,8.909107316191795,7.18068513411407,3.798983452621232,4.695309499145836,3.007269104227249,279.1137135359284,34.694649208276914,-345.84401715624404,123.24243306731373,91.20677865527504,2.242186,2.5444293,2.7381868,2.7979555,3.081975,2.388523,2.653936,2.5344977
2.072428781381868,5.833119152417574,3.627879225706402,7.135028950125847,5.7444312690212005,9.379950354704023,0.2014445805333786,2.1732799874192565,228.13607097961065,81.05014275860805,51.157385860047455,9.49308064658519,369.8366802448513,2.0497434,1.3735677,3.8280523,1.9579761,1.8468663,1.9225918,1.8746821,1.7223086
0.5146720330082988,6.205126814049073,7.380328309576354,3.4666173836079226,3.689534749824008,3.8106703007046807,6.986054211991376,1.773744087160758,185.34016447191036,-56.19485375399801,37.33722406714774,60.38957786141144,226.87211264647144,2.3644307,1.6416504,1.5473998,2.1660979,2.5974956,0.75657046,1.5740327,1.3811175
4.408098436506364,3.728114996426685,9.940672316900104,9.4185342236143,2.955250940382804,4.233452555815385,2.6561994720259587,4.513492537950686,274.93856547419006,159.21012618477053,-85.37296410456844,-92.36655329595575,256.40917425843645,0.6643491,2.3991199,2.3468134,2.5839844,2.5406706,2.0391505,1.988727,2.0388544
0.2987621087856695,6.187365829805799,9.24808383536962,4.8445514954682185,0.6709605134693486,4.142616423897703,5.492183989017127,5.002426266174407,220.16930089167244,-110.85045239435156,72.59601752773641,138.2397348895435,320.1546009146008,1.4197783,1.2274945,1.3377984,2.5980537,2.4307768,0.7533263,1.1903934,1.4339101
4.568332243947111,1.5724465838513624,5.492368677924279,1.8543493984489468,3.788741936987722,7.646616511114167,4.257513645439998,0.8565337115721927,148.63235510922502,159.34846754525412,67.79302418265101,-51.551597079497405,324.2222497576327,1.8812788,1.8399863,1.9421775,1.2590301,2.1350217,1.2278711,0.8323829,0.468019
6.491440476147607,2.755084754336936,3.05111386874636,7.294992196193959,5.0292342531358125,7.377909133784039,1.9634664749625608,7.341111481733218,249.7293571863601,197.44654877173969,-4.324907349799133,-34.16561543889076,408.6853831694099,0.7262405,1.2812685,2.2103996,1.0067697,1.1668317,2.3091328,1.1354944,1.6858664
2.784872826479753,7.9871827059631055,6.223126358508502,2.5930509490615883,2.488059170310387,4.223454842584085,3.948438414715617,0.9030196275636326,157.43543874137367,110.90263212602407,57.74053941715671,-98.0137369161324,228.06487336842204,1.6098816,1.157416,1.7537546,1.7113345,1.8309795,0.23231268,1.6315594,0.82576287
6.7625490198013125,1.5308930072651616,6.8430166823121485,8.227854123431952,9.696163713434109,3.4263991952174178,2.674288551442614,1.4067085636161405,277.48661387781846,200.42477066640063,-302.03521970350937,-32.61795546529363,143.25820937541613,1.6333555,3.1275148,2.7857268,1.6211904,2.7555835,3.0017757,2.8506396,2.0391912
5.908628174163509,2.233229728857368,5.269622549162939,7.404789155316821,9.9854660751181,0.8246059976784237,5.383622226783947,8.899937881072127,331.08081652412176,188.0865898414283,-124.45724262296368,88.78053639031765,483.490700132904,1.2591602,1.8899885,1.0314906,1.1304861,2.1255074,3.1420484,2.2939372,2.4058354
0.2398188237716536,2.429781796939551,3.4147663082334456,2.902003159246469,2.8948109343514905,2.538037741608531,1.4975457615447918,3.7487087434574526,57.16063039976218,-135.88629231083183,13.060419991095552,16.900361422889738,-48.76488049708436,1.358074,0.4478221,1.6147997,1.0064919,2.6723382,1.1375617,1.163211,1.0374359
5.58854087990882,4.79507304823067,4.554265713393948,4.596428553567105,6.002520561830417,0.7552575506659209,9.97649623906828,1.2980056159148934,233.90896919064775,180.75329974719452,44.88089605769824,62.83513208605884,522.3782970815994,1.9533476,2.428594,0.7874415,0.89496315,2.1351604,0.96909314,1.7691064,1.7478762
2.592524469074654,0.0074552204189792,0.8179074301518041,7.150973217076234,8.82786033805002,3.3259553843191747,8.289642514601574,3.924035486343693,231.63595410327423,98.99240859603287,71.77509915884782,-19.48061876848376,382.9228430896712,2.6188352,2.1957333,1.8089387,0.65176713,2.7450259,2.550199,1.4500862,2.5622964
4.151011970100696,0.3031136052246652,2.9128220499892707,6.680154645137593,5.837096755694676,1.8939138070147052,7.284947896325972,1.7000029513545845,164.05086054198938,149.0291504922053,24.500533044140905,17.202451433688037,354.78299551202366,1.8224837,2.4444451,1.5954782,0.7172896,2.820746,1.814476,1.4595306,2.0615468
2.835250817713187,4.615481516478055,1.4489675498522758,5.265784641906807,3.518651082223,6.458065117689889,2.509106976446698,1.1957846724162158,120.98234098855144,111.99667510409888,48.58664348773444,47.18147423505699,328.74713381544177,1.682313,1.1547453,2.7104273,0.95859253,1.8181547,1.024539,1.2396115,1.3846436
6.931379183129963,1.6252068486651927,6.664807308214844,2.141429223799276,8.4587001383508,7.462677238196291,9.532041691349876,9.828021236815898,414.3816700864165,205.43483687299695,-427.9844246306632,-11.067050153544164,180.7650321752062,2.0513372,1.8197789,0.2600609,1.3125714,1.2432861,2.5944252,0.71249366,1.1581831
4.404537176707395,6.795018037732852,9.592341415383292,3.2439299780841147,5.287274454605257,4.885125354797482,9.734339973306875,0.8505544174047031,315.40885182939604,158.9827496633876,50.58071263499273,13.052098067540696,538.024412195317,2.495367,2.6885319,1.2761405,2.337367,2.144881,0.8892183,1.788408,1.2405444
1.5686773847496327,7.952045871766384,1.572346830656135,6.947930844864725,6.192721197973979,4.82538131776793,1.1758296032240778,7.440417135338446,234.8182829663549,55.05389107586051,100.00152425781371,-73.15344123761908,316.7202570624101,1.4437543,0.17631674,2.436368,1.3281536,1.3142223,1.7949188,1.9407148,2.1480913
5.446490180318447,5.781633587377102,0.2829407185162713,4.569830826858219,7.569408525569767,3.445593591477637,2.5200830520172826,4.5034564047954255,179.85495026284818,177.19913251357298,67.98421874173854,45.47883018484285,470.5171317030026,1.3868006,0.79265374,1.8676943,0.29727912,1.1916057,1.6181753,1.9037402,1.5302398
7.80314764511367,6.947649771732057,7.413571692162776,7.178601513603841,2.882797215860423,9.5913010179465,1.327522336002639,2.299217991936937,323.0046093797107,215.80104099889545,31.882553030202192,6.9499513222164495,577.6381547310247,0.76451474,2.0983458,3.0570316,2.1090915,0.97055334,1.3538995,1.6694212,1.1740897
3.063635323761797,3.9095801573387865,3.5416448976769987,6.841160200025317,6.861926010698841,9.933667591180027,2.9404046152682453,8.799711531665404,315.86008259769176,123.98638517469205,-131.38309678718267,-73.96470446634791,234.4986665188532,1.8505739,1.0043375,2.592779,1.7329783,1.3230956,2.7083256,1.1458151,1.9394186
2.219578839321814,0.4629620299294834,5.059662766343212,3.556516703435077,2.6653110075692554,6.423081719724456,7.913225159635248,5.211930578735451,181.53307676602444,88.41142233882273,-133.39207366492053,-63.87100395776917,72.68142148215748,1.9227792,1.5724679,1.0605619,1.3580555,2.3496265,1.4280254,0.18580139,1.2633247
3.879712575556488,4.394215326296493,0.6104807517854138,0.9909815715454472,6.524586796328105,8.462098191060601,9.840466966640694,0.4699007872110872,246.94896475557175,142.0962726141074,169.77605941632387,-118.68529891426478,440.1359978717383,3.2585816,1.6854211,1.6313925,0.57069415,1.4133439,0.81262064,0.6261607,0.9696515
9.363836498604304,3.7198031220943975,1.7776494673811472,6.807863684161899,2.566087578359346,3.756499063143433,5.313338878352358,3.8257617372794384,214.5895283885979,232.77039780471395,37.51099989486288,3.2031804530375463,488.07410654121225,0.20898354,1.7753489,1.2954763,0.1492083,0.9152224,1.0056173,0.983269,1.5255787
9.759954224729338,5.9700324220033005,6.955062919408151,3.555833470049914,7.962406478464628,5.878350049656104,4.216001508726927,6.134701918691674,345.2789980556105,239.92243880191356,-120.21125688309635,78.93018888606088,543.9203688604885,1.0525569,1.8233081,1.2748771,1.2922184,0.7237117,2.0202057,1.9442339,0.9521777
6.723836759128137,1.342181696990331,6.052106196172057,5.64964805706607,3.473226718549176,3.693552303465185,7.431060240667938,4.251154384711143,214.5565474095547,200.39672165075768,-38.93165513056636,58.98532277515064,435.0069367048966,1.0099776,2.3388941,0.9443937,1.1035246,2.0293207,1.5332294,0.97132665,1.4848334
9.02834108538398,2.277128967218359,8.534112224188995,1.2499517653833148,9.604254082569398,9.490353589159907,8.626644823119836,2.9852573792674653,426.7289802127766,230.9879792512786,38.75806001764775,29.1673340282361,725.6423535099391,2.626308,3.033414,1.3788435,1.65633,1.4682971,2.3338602,1.3810134,0.58697015
8.457508712931793,8.147824165272798,9.62923213538269,1.4602124060028,1.733811033815702,6.077467613004632,5.111109365240534,3.281350874214521,309.60323983651097,223.42118316068428,45.47671826804074,-48.85022759634501,529.6509136688909,0.6878143,1.6309912,0.86744314,1.8072178,0.759994,0.27221346,1.2649993,0.15966237
3.7799404132888914,2.643255266402132,3.5961509910523946,4.238390355256305,7.143271461921451,8.941120143891318,4.899770456891001,3.027886610345143,216.31680714688372,143.5207684467912,-45.19286317803858,76.95724819696676,391.6019606126032,2.500648,1.8178663,2.5006638,1.3724278,1.8833959,2.0759118,1.21049,1.345212
0.9221700887172424,4.1032020490716326,6.202485066608294,6.69378835226351,8.549742069496755,6.180136150854979,4.0472111283155785,4.756557541353113,251.26121809381985,3.960131878284351,-230.24823848990863,-14.842889512609489,10.13022196958609,2.6079617,1.8291231,2.6986685,2.2976725,2.6249266,2.6520805,2.1569667,2.1553664
6.534109025235361,9.359721764957817,4.476774122132568,1.1746467977354058,8.712571625485086,0.8476952736966448,4.4019970321155535,9.974543041737537,347.21685227959745,197.3815130836515,141.86526406806107,-51.55689857260487,634.9067308587051,1.0282735,0.09081495,0.0,0.7481193,0.4909352,1.4935117,2.175197,1.0680592
5.578407623884509,2.7555246302085457,5.055969626996006,7.744471841378765,5.200251936657484,3.083100991236667,4.37939528843489,9.20416015761636,264.6950198032061,183.0427023460779,-93.9436152317442,75.58777707164697,429.3818839891868,0.58209074,1.4068022,1.1675016,1.2221721,1.6940466,2.3573313,1.4214418,2.1089234
3.615647630625781,1.4528995885356388,3.9150175858971057,8.513640788626324,5.49361114281272,5.931125377933567,1.157445771961635,5.392012004384918,198.7647529865289,137.72208385824328,-31.86536444078157,48.07531619624162,352.69678860023225,1.1618026,1.6159214,2.7773213,1.4381812,2.2722914,2.5891137,1.5833843,2.0592427
2.250545048398319,7.020201293314523,9.773942269486254,6.7262287963187175,2.9421090352753065,9.156078392945725,9.345271349903625,8.883961705445627,453.8689298215724,94.96443219487368,-531.3144866690222,104.24348930774543,121.7623646551692,1.99033,1.7655206,1.4046433,3.0960321,1.4704669,1.6007934,0.81548035,2.017917
4.065199163762486,5.670665504412746,6.236378174584212,7.496090292309123,8.566285196172567,6.567488650297246,5.203738391421479,1.618645803695411,289.97813062899627,151.9872941764288,-211.90524528737623,2.524601686113898,232.5847812041627,2.518835,2.6290536,2.9703863,2.1641963,2.1913552,2.243828,2.449515,2.1337824
4.689402486991691,6.115938355465969,1.4188542749266109,2.3848027903812694,7.622821674545412,3.543225903407164,6.887118079038592,6.299800682843664,224.877373618024,164.62673652516204,-12.007678645279045,-12.061369697789026,365.435061800118,1.9487485,0.74699306,0.7843914,0.45892638,1.0878515,1.3688816,1.394352,1.3915982
2.692355782510613,0.4203085099357362,6.97728441436669,1.002670096455719,5.13364420485435,6.578651141024085,4.543440997413562,8.144895016907247,213.72840861518455,107.25093814673836,-67.89794401373345,81.34123880065764,334.4226415488471,1.7248124,0.9341446,0.82645255,1.5359429,2.1724997,2.12426,0.5764374,0.64898574
2.917927742254326,4.172668947572268,9.657562573345931,3.2912965848103406,5.029823616329119,6.326019519544657,7.805596852968773,2.625728891732237,263.1660595393232,118.45520312992748,-50.71669893446355,68.4929047441631,399.39746847895015,2.4394429,2.3694057,1.52899,2.460837,2.482921,1.4589608,1.4221215,1.1713547
4.57686399322978,0.0426643416715943,8.948493866530267,1.255417840714944,9.19459576830108,9.7205785792258,2.2313557561054878,5.600934683170822,317.9807777855033,158.38437038311957,92.81258273372312,7.057664842315131,576.2353957446611,2.341363,1.8758818,2.1065788,2.0810146,2.2866771,3.0998816,1.4447021,0.47442728
8.605339129469264,2.465354688608895,5.5800408336781615,4.164898956721711,5.608895424808314,6.073268957385796,8.466380663105523,5.180073931473435,295.47014548235734,226.5956810028035,-143.66491323733436,4.980734336802311,383.3816475846288,1.3861133,2.3267975,0.84260964,0.97217715,1.2652483,1.726145,0.9137065,1.2216724
5.862529044678214,7.060561835840064,0.147147837486008,7.61124350609674,0.9384688164634812,0.0807392519211613,9.586179562978431,1.0727602786859023,236.10635620806028,178.6764638778942,151.43949805256906,-15.288014499334704,550.9343036391888,0.8846069,1.7500161,0.9437481,0.15462756,1.3534807,0.0,1.1472342,2.2168467
2.834878624322098,0.6154071592069976,8.055463317681369,2.8109707018048025,1.0817430310686216,9.870981632429292,1.304487306953355,9.72315560687552,276.0551967976959,111.7428147925118,122.87045769642448,-22.755999133636145,487.912470152996,0.76733524,0.5433897,1.464978,2.018331,1.7426144,1.9752214,0.0,0.5037326
2.779775066236013,2.9469349860327987,9.3186134000114,8.558444797940433,7.666165146222466,1.4572401548548364,4.373540887517483,3.700510403578021,270.2103823488912,112.89410383589248,-381.1561410593345,-71.81677163300333,-69.86842650755426,1.7462457,2.7016864,2.1689386,2.4459019,3.3038983,2.6716995,2.7520516,2.4098558
4.546220755219467,9.881127528121782,7.339289820416446,4.5298467722599245,5.258312344531158,3.610534230824152,0.4093079514451003,5.678431742099227,265.7874174238144,161.01123878193894,-7.264965901756996,131.9279538204956,551.4616441244918,0.843638,0.7026201,1.8945923,1.9808948,1.2129929,1.2723796,2.4870474,1.2100546
2.0541034460498757,9.712222302269756,4.289531272917095,1.6190521892507217,5.563612685298263,9.646537475301631,7.756884738202742,0.2313526207755212,303.8002677999441,80.76296611309546,207.94985729531612,111.07224765447702,703.5853388628327,3.3089056,1.425817,2.3313148,1.909178,1.2295718,0.41040325,1.3423803,0.9807818
2.0137871104307314,4.8184638867970495,3.8084110838618432,6.422800168328891,4.329216950118223,6.723533806335898,5.230746973876314,5.198405351160327,201.3614480862928,81.44513638825192,-106.76405024383376,-37.72464302480068,138.3178912059103,1.8895937,1.2979479,2.1573095,1.644279,1.8396806,1.5932362,1.1558406,1.9187824
5.140350598174419,7.356933865282459,7.446047636550478,4.385240894847968,0.226983825505429,6.824008126585771,0.3226744264157011,4.432419918186684,221.5907169672685,169.9891046189935,128.7847492773611,152.62330770560123,672.9878785692242,0.29931116,0.8252744,2.0328987,1.91504,1.1250545,0.6394078,1.2376435,0.6695486
0.8722936878080467,6.326557741861389,1.0785109714986307,3.302295189515921,8.03237163230779,4.339298442771215,9.06226965282374,8.774237126929984,295.3150420082652,-2.6208240497202824,-89.36713542604889,-111.02302688496272,92.3040556475333,2.7195365,0.43382883,0.75714856,0.9450526,1.4081287,1.6568904,1.127332,2.0313144
4.835855323515865,4.656930714437367,7.846958472759001,5.163852630764508,3.815417068185761,4.006980412599392,9.240827042429592,0.6762149071781498,249.77608211445104,167.40544206677765,25.094087574777888,9.151577807238,451.4271895632446,1.9681365,2.7885938,1.3796039,1.8726398,2.3270223,0.934013,1.5008858,1.5393317
3.6217621238783337,8.570664326413196,4.98805218379999,9.910724318994124,4.641936776391422,3.031955073399724,2.8024556864060424,8.82399329762052,326.1335131872757,140.5973862917276,-40.400184214809535,-24.969501799755697,401.36121346443815,0.6249313,0.9197465,1.9833982,1.8838172,1.3037987,1.8444961,2.1664064,2.6528227
7.076866218156711,1.72518252166179,0.7011901312686464,7.518830936100926,4.407099093455875,7.612485219296657,7.402960625569505,1.9259950061341524,245.96851286952767,204.061214923845,89.77663092929764,32.07223813896994,571.8785968616403,1.6279275,2.4211016,2.2412724,0.48290402,1.4428782,1.5510681,0.7123985,1.8958839
7.467462231020045,8.284319222441106,8.230452141286818,2.935579446860588,1.3370408422912905,3.6416201649076583,0.7383527429934722,8.432659389221968,287.4548910769976,209.76629774147784,108.75103350869092,-134.73764976050745,471.2345725666589,0.0,0.3233149,0.66808295,1.5165834,0.5513185,0.7584933,1.4236897,0.4861071
6.910929218557643,0.4206952345831805,3.917074773200835,9.27439811874348,9.632168860063304,1.2405566169798563,6.545240936751352,7.641758348693503,344.850169636772,202.430201083268,-72.93607770178957,-78.62210303217836,395.722189986072,1.235663,2.4802039,1.2994175,0.8327003,2.2449093,3.264974,2.075814,2.753562
6.8918041375491415,8.669536918127985,1.0676493568016077,1.8416573816823976,9.59413652963433,2.0313211956895527,3.1436296591756205,6.033209968697456,269.6451632154682,201.7817264358637,92.75684700081965,78.8646164831167,643.0483531352683,1.409861,0.3646798,1.030729,0.17189443,0.5486046,1.4355018,2.311935,1.1188171
3.7360012414892823,6.759965874682478,1.737984442081253,4.0814206835105,0.0977486316364373,1.4390637035882548,0.2454634627900531,3.580514918281792,94.2942271495602,133.5813103876253,41.82559839048344,87.8445802548667,357.5457161825356,0.07366586,0.00076436996,1.4648081,0.45626426,1.3763499,0.082075715,1.2545629,0.96708
6.681348047352675,4.4591410991086855,8.594326157894795,3.725944582308144,0.5456680738693209,8.976623397169018,3.045213508216005,4.545115261768374,263.07837552515326,199.1098593628636,61.77478884169841,-22.768677475203443,501.1943462545118,0.60454834,1.5652637,1.7205279,1.9471796,1.1897976,0.98975605,0.65669525,0.47468084
3.398486639568179,6.71570247634277,1.7274179949635315,9.856966947199297,3.861767211258616,2.679259228567168,5.371204260353405,6.705662711597016,252.7015651335388,132.9929471497206,44.80023360280825,-174.9223211027316,255.57242478333603,0.96767217,1.138624,1.8371705,1.1196028,1.4719228,1.4433846,1.6024748,2.782238
5.72793869868875,4.603685038892419,7.842504655176946,0.045183681826656,9.817819768753036,2.3119577206705566,0.3446845285747535,3.763647084889854,231.5286988225584,178.4075253180972,172.31123572252037,80.2420513388929,662.4895112020688,1.573237,1.2354082,1.3910044,1.3503186,2.076043,2.1288328,2.7022316,0.3455832
3.258071580648745,7.800032223785852,8.041161003167073,6.4926559260235255,4.817976524150391,6.550774804664746,8.790437485284423,0.6472975472991405,322.0867179954397,129.3135737326328,-17.552791864375358,39.712403596783226,473.5599034604804,2.5660152,2.7052531,2.2793007,2.5706058,2.0654538,1.039326,1.8768675,1.9239819
4.45145049263532,1.134440838641173,0.8651814563750038,5.086612717802836,9.226627027907204,3.007781890211454,4.175619943559826,7.0592837504188255,209.1712225913024,157.6378385073198,69.8064272319602,-116.46105137242829,320.1544369581541,1.6926873,1.1480794,1.4348466,0.3104707,1.9558864,2.677176,1.5853953,1.8845592
0.6152893082993927,5.0815742884860535,4.353865779756862,1.5593442557724468,3.4169707073478364,8.038311941461153,5.116304235510787,7.105124787858172,200.53819488291083,-38.11909736829195,-121.12205120625885,12.360322632927184,53.65736894128721,2.0960104,0.26553226,1.335588,1.5974392,1.5315696,1.1377282,0.45700312,0.9094734
2.4267542218433813,8.71489539943873,7.871589734099937,6.416781383732676,4.9533273014685255,6.868622164641778,9.669500922453514,2.8455966122122933,358.28563610984395,101.58444820872812,-123.19965076257245,109.31957906474214,445.99001262074177,2.672643,2.3350406,1.9950173,2.682064,1.826709,1.085524,1.7184182,2.083171
9.716026061735676,9.275292758120225,4.900608812067047,8.078581768389414,8.288087316655988,5.894684739604986,9.2925426437704,2.1595871940436995,464.166533481442,240.1715988750945,-162.49142282524213,86.76073041997884,628.6074399512731,1.9000446,3.0054164,2.034475,1.4633484,0.6467582,1.5073059,2.3703427,2.2513504
2.30584204355074,2.2033633154831267,8.660158187291081,7.669816523558245,6.586184616708387,4.76408325955449,7.187278227514691,8.990339294787399,342.55362882821345,96.14514528565796,-412.91032130792615,-21.397387765392136,4.3910650405531335,1.8440368,2.0733652,1.372108,2.440853,2.579812,2.8324037,1.5215006,2.3891542
6.914775109473302,2.519303025546189,3.7972125002566703,0.7762541490077357,3.065531045818892,3.764662411477231,7.262154741073026,3.5010354269144752,157.7487000341436,201.05263282614183,18.15513546523944,-68.2050356924112,308.7514326331137,1.1585776,1.3890111,0.27683532,0.3035425,1.4315819,0.6476803,0.51776636,0.4639008
6.504768582137396,9.040124716089888,6.2831441882108985,7.950994324051094,4.566466711798045,4.409755745740921,8.375852778836414,0.7284193216796142,337.7161492685547,198.17742763093463,-34.92428621968653,62.522946064023714,563.4922367438267,1.6870089,2.7231395,2.037575,1.8746195,1.4180832,0.7995097,2.1379757,2.1201272
7.239391394374821,3.4551733871512846,2.135202649884438,3.4590729789545738,6.241113497876897,7.070023905051275,6.346080268985287,8.666567878641832,285.1901564129223,208.9874816251613,-199.77467475652853,-4.222253890293137,290.1807093912619,1.305767,0.99507177,0.86580575,0.48019606,0.61832225,1.8876016,0.6301052,1.2336336
4.750886106344313,0.568725740487156,8.422563841138714,8.525967635785667,4.008847378929192,0.590160841884686,6.0689357628294704,2.366789590204962,225.37889493236463,163.0686500633679,-76.37937691699622,126.586535609012,438.65470368774834,1.0204318,3.008784,1.5418605,1.7774098,3.2652178,1.9680538,1.9043064,2.1412134
5.966637746018629,7.148866721120328,8.393572864000813,5.6209529383305945,1.9824841008873009,2.315049006204964,8.691862887818868,3.929250344823543,289.0314225911145,189.4938965004886,31.123945093871768,-81.24824853128757,428.40101565418735,0.96577716,2.124126,0.66065854,1.831321,1.6223593,0.5527046,1.4681427,1.5738906
0.6696942393282634,4.144188591533578,5.658343345575931,0.7993240492774378,2.2475408357022437,6.995946812667063,1.268378324529753,5.649867119676186,137.80305146651378,-32.438014864268474,71.95294602338284,6.64764795246206,183.96563057809016,1.5025151,0.10525489,1.6166384,1.6415352,1.9204795,1.0470421,0.7065145,0.39110005
0.7256213782223342,7.353241874951441,3.230884466178492,7.447506190695955,7.405931442945634,7.088495837042297,9.811857613816436,4.72009622655329,344.1471073414276,-19.100740134953337,-173.01487611584054,-8.74726558916652,143.2842255014672,3.1942043,1.8207978,2.25313,2.000678,1.81652,1.7313496,1.5750713,2.708671
1.9897602629707836,4.770916334433694,3.475681909136589,5.635943825384881,2.1044365726730483,5.72254410342266,2.5187347173027,2.1909738043517835,118.8855712021801,77.53547380396498,27.09657862589119,-29.34081147623145,194.1768121558048,1.412179,1.1137238,2.465406,1.4008576,2.0496216,0.937713,1.2012829,1.4254265
1.5186099700854103,5.005655544364319,5.946827420377712,4.514273849197905,1.854853626662948,2.614950970044635,2.335451592277189,2.3736226024846374,104.47305737435444,49.97188662443208,24.979177893986268,14.684351419626058,194.10847331239884,1.152055,1.0697134,1.8266821,1.6362281,2.492229,0.7817653,1.5588448,1.2229533
1.0010434458144468,4.175619104085895,1.2840907663536472,6.384584277378593,2.872513097754188,2.254830326925376,6.237810625729621,5.044641745432168,138.5439714162138,8.954708003762075,35.68013064473436,16.194757221747743,199.373567286458,1.511538,0.8689464,1.372256,0.83852094,2.153758,1.0220169,0.9987403,2.1348927
1.2929386460885417,2.904848960351515,5.104728395845122,4.437080645563033,9.890484311774411,5.3343950098242505,5.569202144143251,1.289184328153623,214.81123327216247,35.81532018389314,-55.02023086547841,9.782122662958326,205.3884452535355,3.2436059,2.231165,2.5463226,1.7919413,2.9610913,2.3896754,2.2059042,1.7767693
5.532777318076535,9.00710867387351,2.9542627097913243,0.3692530246331538,9.91437899008892,2.636649528374677,5.462752004422064,9.003659121559695,336.75801600271126,180.5130606380901,96.59109375650854,21.62878129421083,635.4909516915208,1.8015,0.11878848,0.29375756,0.63947713,0.51632404,1.5617062,1.9913044,1.056133
1.8781482492387824,6.687875779851073,3.415783542753537,9.127044824104829,4.798202098862349,7.394483095164586,8.713343117669591,2.6278520999953923,303.754726296894,75.06857478007436,-40.26997953637891,-91.3795651941134,247.173756346476,2.589242,2.2139893,2.6958246,1.9807601,1.8822242,1.3894333,1.4294548,2.6969075
9.521012430312082,7.888323433429671,3.218390502220151,2.878053677966126,2.1801139085878063,7.676951277449949,0.0575161779703636,1.4892227354777143,237.42612472393856,230.00166329813985,66.36516668405493,-44.94497302383711,488.84798168229617,0.28186977,0.9581943,2.2237575,0.62501395,0.15416288,0.34262502,1.30683,0.20083702
6.8161177880742665,8.957395310931172,8.345371836146807,2.7934405959599387,4.434052974311257,7.193674148920138,1.5201888921271125,1.8295421646274423,281.2109062436402,201.75588412907084,35.726204056614165,-56.61664139109537,462.0763530382298,1.1964915,1.5201695,2.2520676,2.0290442,1.023159,0.88164,2.0644805,0.47510505
5.410196733597712,2.5018894238936005,1.7550061237760128,0.4972416293365311,8.829326829637345,6.291319095530455,1.9396072646384743,1.956037452995918,163.98284220295966,174.96004083486417,105.33748010353553,7.086466649248785,451.3668297906081,2.1595738,1.13888,2.0470507,0.36494315,1.6735746,1.8632555,1.576896,0.47173
7.071806008078977,9.198206139724224,2.3644756821468214,7.173953010068543,5.79656677967204,8.933647713701632,5.526940985464473,9.129667616838962,418.9819388013864,208.5298653866992,-260.2231090495124,51.97929388716835,419.2679890257415,1.2098005,0.91356057,1.8775959,1.2671982,0.0,1.6649642,1.2414479,1.999007
2.638866709525134,8.626050872585582,1.6447492185111412,9.09454132985598,9.005936059457747,5.526163463246734,3.607730273088064,4.302050923253122,309.95697995850963,108.54455236525229,43.948442174062535,-15.338426909992062,447.1115475878324,2.2812154,1.4079053,3.1608634,1.583084,1.5012268,2.1419115,2.5983024,2.7621586
9.26725684253728,5.060852621249864,0.1510077323732406,4.629542556433911,8.803333523516331,2.8205134258429787,6.471419135846441,7.552502940729514,317.3232896697892,231.01363444590783,79.51470998963848,-20.8296171219006,607.0220169834349,1.0752978,1.1942397,0.6805345,0.0,0.47556877,1.9118388,1.5757861,1.6916654
8.391930577999707,5.679021741440307,4.256047298536317,8.141242259917894,8.141665088176143,2.377645945486225,4.189393148553171,8.251374923978446,344.6456646470874,224.5151638496621,-114.96603891988592,-6.2409493765601365,447.9538402003034,0.6134309,1.659771,1.3722621,0.968607,1.0364923,2.4448311,2.27266,2.2446177
7.263194984280372,1.1493223803677854,8.439474921066008,3.288152092075335,8.83935464118483,1.0008939427187968,0.2558479042280193,0.9073622990794294,216.13636808670688,202.4641214284227,-46.08603211328333,107.84823600390123,480.36269340574745,1.1231792,2.4310694,1.8706456,1.2752028,2.8525462,2.4357026,2.8457031,0.7726375
4.8023995608541,7.621158405577686,9.02749257403701,3.847352327382044,5.128856129600345,6.1775352737819365,7.901802408370137,6.175494169851492,342.4851558900575,169.83364020701117,-210.29817835496436,-89.72781886379224,212.2927988783121,1.8367858,1.7585759,1.0521281,2.3208268,1.34515,1.325207,1.5027566,1.341721
8.421031858766469,1.7322500718432363,4.8736566189537545,2.917237943615174,1.6881154712241877,7.651992039926232,5.031451971089159,8.21356155759091,260.35809235789367,222.5572139259528,-109.04484934186176,88.72272349405755,462.5931804360423,0.29940283,1.1022888,0.59101343,0.70167035,0.71148574,1.3550093,0.0,0.5633872
7.447523234243593,5.338360410059096,4.213763586617815,2.949385227363858,7.794815139071018,6.102615053919932,3.923772445687681,2.295393224131388,229.08424478312995,211.04315794486777,-2.268755177107522,36.063734380946485,473.92238193183664,1.7538316,1.7752523,1.9331968,0.9474462,1.2269738,1.6147417,1.8744217,0.91059065
6.603259063996125,1.264373052287192,8.681672310007869,5.612891391385356,9.923646469239712,1.3240692987343217,2.8047517355838822,9.33288183287039,347.2788877103298,198.71767813079148,-187.6506522379256,64.35849326336665,422.7044068665624,0.9060926,1.8818704,0.9678907,1.580189,2.3151073,3.4120054,2.4372034,1.7104225
9.139752670059378,0.7291709358215726,5.284947771911707,3.2594156516534567,6.622918737815047,7.011537676196713,8.680594296922969,5.351894822686333,319.6414411988785,231.4705299326168,-133.51219796198137,31.289734716804183,448.8895078863181,1.5878953,2.4443183,0.78599674,0.78503054,1.3062334,2.0518513,0.72016674,1.0256476
6.336655637875747,6.090274437605645,5.486671749070396,0.6579610653119716,2.471444041256841,7.391569151320638,6.256544005856521,5.1758649011983895,234.45837758438435,194.10829526396208,-91.00889948337075,30.05903591754557,367.6168092825212,1.2711651,0.9542587,0.7332336,1.1310608,0.71251196,0.51711786,0.498457,0.3237381
3.659405848526094,4.9120312961568,6.493119180601509,6.902682099072987,9.2812420117956,3.688973433704846,0.9895767134741662,9.941066806774884,326.8809690777202,140.9439603561032,-161.34403538118494,-5.565364199994585,300.9155298526439,1.2356181,1.0055655,1.9265605,1.9057937,1.863848,3.1312432,2.4850402,2.0880408
5.528445731504456,6.748099347392726,0.7961273069445429,3.086376902434967,9.237163858069408,5.473256445412353,3.9661521061806826,1.812107492424715,220.5559264327537,179.69432965040167,83.90902878954422,66.1574009768195,550.3166858495191,2.309249,1.274132,2.2363057,0.54269904,1.1746013,1.5096421,2.079054,1.2733833
1.9638057670013689,7.908541830542843,8.385055768149934,3.922852028862848,9.240885534750106,0.7709999519977606,9.900160680153885,9.30111409786678,422.6118065980272,79.53590018010534,16.590979439762847,54.45287485542379,573.1915610733191,2.4240558,1.3761977,0.14254165,2.2009368,2.0140405,1.9997114,2.2808313,2.157668
1.9207229639360317,9.826874926455664,1.0574304191044448,1.8629319117139356,6.62982590803226,5.985810548045768,2.530341134327486,2.519529770290551,197.38049793068555,73.7666769552132,108.4096995088694,97.6814339333242,477.23830832809233,2.3612282,0.18809402,2.315471,1.020054,1.0768127,0.7187195,1.8727988,1.0454999
7.256696239328209,0.8408068107668132,5.323215465380934,0.4936473341865732,9.38314875394292,0.1864492721336874,1.2041913163538875,5.603917503991347,202.8791189719548,201.4538098992482,164.76100983058276,87.1644116966878,656.2583503984736,0.9384845,1.1619502,0.60371566,0.32721448,2.120073,2.395697,2.1356158,0.48435378
7.849367034311311,6.312121124335804,9.260095424168178,6.542830267724863,2.327680603553024,3.481434623401011,0.6859214391758794,0.76605421304485,248.60924241179367,213.4386678222476,6.659874975714082,1.513759813788057,470.2215450235434,0.15452957,2.2535882,2.282041,1.9334452,1.7989268,1.023468,2.3077133,1.047184
9.72098363683766,5.769748953814479,5.48706812972677,4.232120635677951,5.749927763120367,8.090070312245047,0.6902686650987844,3.596462679606547,287.7282091668942,237.07550800081697,21.9446885180114,-10.259598435868227,536.4888072498543,0.701295,1.639805,2.336164,1.1633636,0.62596804,1.6782142,1.7511107,0.6682502
8.509714170415016,6.50642176791703,3.422078436350696,9.323904036222126,9.934016157544084,6.287774008806354,0.3868538990887926,2.468868260283056,357.8603122154433,223.5450782615081,-75.84661949976508,0.121370907865792,505.68014188505214,1.3107955,2.3048315,3.5477629,1.2968028,1.1884246,2.667595,3.0062866,2.1525712
5.435943265958228,5.431794548143797,7.266308676645732,0.1892434122845598,9.948754250402406,3.748899890470928,4.67403533020446,7.763920084242379,307.045948923526,178.524522680135,98.26833631888434,-67.37500493231714,516.4638029902283,1.9220095,1.0197034,0.58848333,1.4106349,1.4702039,2.1977983,2.0348496,0.7421099
0.8979086952306481,5.573673875302017,9.010145503204418,8.248959289720014,8.009945889501092,9.138014072107936,9.05904157134773,9.893487742124478,508.7100000753197,4.046570684794482,-915.6323427140848,-82.36569408817967,-485.2414660421503,2.8708112,2.0824873,2.017404,3.2498503,2.019204,2.956452,1.5362809,2.734922
4.888732446161129,8.685546336404887,6.1623536601185736,0.1853918376827878,5.869776472935752,6.271597988932628,9.475434977498407,1.5133135657430352,303.2085959959171,167.25699314280018,121.64969311642731,5.791918646919269,597.9072009020639,2.6929471,1.7034025,0.9971306,1.5614357,1.1820871,0.39034164,1.4069439,0.6784833
9.279363475621256,4.520116163715753,0.5588614272516634,1.7296720660653375,6.276742896099679,9.29675131607319,9.060644258822016,0.6108708016701203,318.1376521350785,230.03149779070316,176.72622475810633,11.138154560697073,736.0335292445851,2.2804117,2.0999799,1.5442566,0.091187835,0.46470296,0.8428273,0.61660033,0.7039911
7.876181995034763,5.349755786303614,8.788085984207584,0.1383608238548173,3.923221008653901,4.89292652172844,3.8233317702999816,6.613593725688047,265.5936095994247,214.44183733369184,52.82960053684948,23.38532254949962,556.2503700194657,0.6262377,1.0646105,0.35177767,1.3859103,0.9907859,1.1089832,1.1866413,0.062243223
4.850942260540881,6.909637037652651,0.1797745136375161,5.093840685734885,2.227170603725352,6.542495868623349,6.867003352298253,9.784893211100282,287.91866789676817,166.64881217674244,-220.7665825706635,81.16967870211089,314.97057620495804,0.907073,0.10577905,0.7944173,0.50964236,0.17381561,0.8394853,0.1945138,1.6749735
4.552793614808863,0.8949499139510886,6.782392370591524,3.5370464243214994,8.965044076587137,6.427808599044712,0.6002828480272671,9.632641333949532,294.87726597124106,160.44950683430625,34.49249330515856,-65.64928815895301,424.16997795175286,1.3762499,1.02757,1.6868923,1.5855995,1.9555655,3.3157263,1.6405321,1.1149547
2.179857684093536,4.319253188873098,9.00046023098205,3.183485917500186,5.850805111526224,0.5180089058333037,7.710915562832204,8.626829017857467,282.93124598896304,88.05062460303458,62.00001714230474,-38.49505846154979,394.4868292727526,1.6078894,1.2789054,0.0,1.9492161,2.4543924,1.7766489,1.6285707,1.5720181
1.7721338080182358,1.021342207044883,1.5744556383167183,9.743914019097108,3.5883854841071705,1.3971319692661377,2.7565722685779006,7.295827730380083,177.26265017136922,64.58352083497266,90.49363859130824,66.38183390552122,398.7216435031713,0.67958343,1.0365639,1.866268,0.8414306,2.5638719,2.1802874,1.306023,2.655194
0.7362366921935759,1.378098929110333,5.281651298000705,5.7804756842569525,3.273027035441207,1.2423019561183268,6.568200182826432,5.792919460504993,152.70613033778872,-21.839374626020582,3.4814904708149683,-19.020598643414324,115.32764753916877,1.4909256,1.4103403,0.93908525,1.4100146,2.9714146,1.5867618,1.0833886,1.9605113
8.923931875870926,0.02125558465909,7.05054589747599,9.263432508150476,1.724538213568939,2.082064274129772,2.889793223424575,0.1562352226937924,230.8427292211668,219.68481990405687,116.8898550718964,40.24188585725631,607.6592900543764,0.0,3.1737523,2.1018162,1.138587,2.5693936,1.5958526,1.6881487,1.6394341
6.401766168990589,2.097064361616212,1.7551162974720702,8.889595914459145,1.8504737903371271,9.874224383018806,4.881501192225786,9.335008799703196,339.38164135437967,195.8699407662244,-166.2969051558452,65.81383966603782,434.7685166307968,0.5425161,1.2326792,1.9566463,0.9429803,0.703459,1.9902267,0.00090003014,2.013671
1.4333231747132136,2.1663726243823422,2.45197584551525,3.395671228860407,6.676456269005246,6.717724436294132,4.606330980447144,5.696290447972428,167.6592541953556,45.962598087964096,-70.40620397726954,129.21676647511927,272.4324147811694,2.357434,0.92938656,1.8521941,1.1058092,2.0922363,2.0451102,0.9822698,1.4226464
4.141269197162073,5.162444812344429,0.6656998895125332,6.5354574694488266,2.8634519046837448,7.210335900317268,6.105269848362064,4.692117052926044,206.43489064725603,151.59454689176994,-55.33304559650662,12.503313554632063,315.19970549715146,1.4879718,1.13768,1.9744025,0.8084175,1.096236,1.031517,0.6384919,1.8373901
0.4910892439787362,5.702082384902432,1.5900250850643838,1.9505375225967103,3.1686328028628497,9.212892548590986,3.2666647244156777,0.198345012268406,144.71575068485325,-65.300328295005,123.3188002283192,9.206561993717582,211.94078461188505,2.5802193,0.70867985,2.767282,1.2440019,1.7570717,0.52622294,0.80102646,0.7627379
2.0937334952236366,8.239611805032471,1.1816206944784169,3.654982020035673,8.45088864075,1.8173119413215588,1.871781035003196,1.7422349222279898,168.2891319567113,81.38050392415997,91.36190764602291,-84.97092279771407,256.06062072918013,2.1508143,0.6588569,2.2902694,0.82221746,1.849921,1.2446812,2.6523347,1.5598418
7.307081241290383,4.867111888231571,2.9064243241740675,6.847859630292618,0.9357891048732214,7.532923069723192,5.640172414128989,3.4384629362265797,233.67790171579776,208.37560873325523,-2.165595181692794,61.73451070509572,501.6224259724559,0.71499723,1.7226075,1.8953218,0.9107754,0.86291903,0.75723743,0.5754889,1.4543518
6.511227704415994,8.914545989217917,7.5057341887898,5.688210742839749,9.491360319818208,5.233938688668854,7.705606819483361,9.627212371281,480.0966329959398,201.5066379109257,-429.49062028279394,-72.76539436296197,179.34725626110952,1.8118024,1.6444211,1.0271572,2.0540204,0.7712933,2.3188438,2.2236567,2.044175
4.7897829737697775,3.9506078977516577,6.936844710980025,0.8495174323507582,4.1501652362324615,3.7915267032439095,3.836727722508979,6.386481260192106,174.49798684260995,165.7508600994376,19.29157855170999,-46.18656360743682,313.3538618863207,1.054146,0.8266586,0.5696771,1.253727,1.6634148,1.2636652,1.1327237,0.4795187
2.747805054956393,7.446114470844424,7.626024216717867,0.781392888659066,8.274491364623447,7.459924368364837,9.595140329203817,7.019490387384492,387.2195156940253,113.2054950073218,-205.4567183560964,-59.72732229425242,235.24097005099827,3.0574095,1.3381181,0.80682456,2.180829,1.3736371,1.6155156,1.362027,1.1276941
6.522231250661847,5.527572624173823,6.596639434531903,7.710019471158831,8.239152626753683,7.988739811887445,4.437516903710328,3.816755195185385,342.0163879571627,200.17690933279644,-284.43754129657293,-61.32713255089275,196.42862344249343,1.9062861,2.5344734,2.7995217,2.0592532,1.5324204,2.4703894,2.205209,1.9559917
9.564495113173804,6.238250857723261,7.942341975082615,7.010615339279084,6.825184778660094,5.956957735191032,3.887173153878273,7.39155984097985,394.4386287510287,238.7193154709231,-276.0808433926943,-49.91175076309865,307.1653500661588,0.62604815,2.0829244,1.6477971,1.7682791,0.80652934,2.293605,2.0576196,1.6156602
4.355205561751928,2.703919968833126,1.4895631188009597,6.485757960800029,0.5279052791614858,6.863368909250379,3.885948810696476,2.0825461018095397,137.38496648768924,153.7782935892575,53.18968475635391,-21.803280942201592,322.54966389109904,0.98866236,1.4079207,2.296643,0.74756116,1.6599845,0.8096729,0.47185028,1.4284852
0.7013250508767022,9.37595007939789,5.543135937805567,2.2082038945003344,6.547070552230348,8.514132430157273,9.621201529014035,2.8175044617702505,339.8632512911614,-23.41492674049638,15.774265615788636,8.292524316689576,340.5151144831433,3.5445213,1.4491521,1.8344196,2.263714,1.531362,0.84125406,1.3985522,1.4165787
0.5773148782296755,7.696547153578979,0.214597529265953,7.838183428490039,4.465607991973308,3.61516235001885,2.9520716621185974,5.369073390009684,191.60603183467637,-46.831251907817474,117.90804868739356,-26.695628218576694,235.9872003956757,1.5523359,0.38822043,2.4119265,1.1029081,1.6313909,1.2373856,1.7158375,2.4226923
0.8287101879755743,1.4559502906990662,4.916638972365904,5.769409692953501,3.104410016947892,8.358234866850186,6.214552229249366,1.7230141576159397,181.35286765454404,-9.440584188091428,1.3817415885177269,30.56853895773044,203.8625640127008,2.4510002,2.0555782,2.546622,1.8863457,2.7180693,1.5257953,0.7055467,1.6268394
9.597071872532212,5.374343699445735,8.434168471096866,1.4711294444655387,5.188811051960752,4.772776022392737,5.294719703955639,8.79946285261388,349.4545326984037,237.39659531612716,-40.44980669286747,47.88415304293451,594.2854743645978,0.46820533,1.2682278,0.048116088,1.2431922,0.5966171,1.5347027,1.2199172,0.46439266
5.407608361864939,9.957863055555856,4.722871232768271,1.6617303264348515,6.64570191195091,9.146388877632004,9.822737058998747,2.4805472566707976,383.9291866138019,180.4398390999901,1.2176035408934354,-50.46938855064963,515.1172407040358,2.9249153,1.6917251,1.5415887,1.6257001,0.5679326,0.6281429,1.3053329,1.02412
8.374624326697225,0.4905633250513164,2.955859767010481,6.208021958319266,3.901043654905394,7.175891482721317,0.4509926165321254,4.845283501053068,208.0433553014133,218.831725566086,112.56180657078475,-10.384734402857733,529.0521530354264,0.2793696,1.5631133,2.262975,0.54808545,1.3235825,2.1007476,0.9567416,1.09126
1.7003354423713468,3.0281983791761347,2.746550011674284,9.782732765676917,4.088431765187012,6.148018467681025,9.803633960195931,9.334017377971604,353.0550479868258,65.22219729714148,-329.6824768616449,-15.362495337787664,73.23227308453471,1.8627071,1.5960125,1.4683118,1.5632777,1.8444939,2.1218214,0.55854064,3.0261407
2.603450727289152,7.4081337135216625,3.935414448746881,5.8607154318572,2.1540753264649046,9.796457172651024,3.5054963235830963,3.6724120910620695,237.8796017523576,106.42920638069882,23.507908417699227,31.171030611314944,398.9877471620706,1.7036595,1.0311326,2.7739003,1.8820344,1.1735361,0.9060704,0.9572944,1.4405621
6.919775118728428,0.3936144765261484,9.138230001332657,2.9516715510035176,1.6647742269902144,5.110024199996585,8.044833046107446,5.747575065746165,266.8956109796948,201.7754839167706,-19.73461975451471,146.9122380791254,595.8487132210761,0.8378886,2.198896,0.22370124,1.4941626,1.9691452,1.3307511,0.3375237,0.72234863
8.955703281419837,7.466710909922583,9.742960640174324,7.161028575543061,6.227570505496496,2.1482630632899635,2.0162045141189333,6.8702822065243785,376.8255322029862,230.70677791098493,-221.1664997429141,75.65888704366489,462.0246974147219,0.0950191,1.923525,1.4344522,1.9769226,1.2374074,2.0466945,2.7346873,1.6088606
3.406884844601596,5.734212799837611,7.483830444491696,2.0321387427786863,9.74724680364208,5.276506939667403,7.133129799156471,4.351761855373059,297.29508448296355,134.42369795126973,-53.806073617774445,83.3229353963303,461.2356442127891,2.881154,1.8556556,1.4006453,1.9766861,2.0424504,2.0385637,2.1003556,1.2701154
0.6467319799028326,7.317056755620666,9.87510073235055,6.413689951541642,0.9809952960049884,3.737702732413233,3.3207948336274558,2.577348649048823,225.21379295985352,-33.99742370490175,121.62686582806958,-12.823407769472622,300.0198273135487,1.2916446,1.5825734,2.154597,2.8624585,2.6232653,0.7724362,1.8778032,1.5892346
8.641196694106437,5.508325958766332,7.622383994292545,4.139041753282409,6.569418833565224,9.693325728810573,1.8965559606487623,5.215976722811098,348.16550474651945,227.2575510898553,-50.18272343545949,-1.2497248413487734,523.9906075595665,1.1625745,1.8157924,2.2968407,1.8230181,0.79277354,2.1137912,1.6728445,0.7665321
2.90872445829476,9.394034783011588,2.842401814071407,0.3080228332718771,5.996942391548635,1.7812549179385828,1.7721487526579038,7.994714625555969,211.0748538930259,113.89814970032587,125.93856009572886,81.4686782673329,532.3802419564136,1.1730121,0.0,0.6599039,0.75589126,0.8765038,0.84947497,1.801316,0.767079
7.4108240639956255,3.4640170290027053,4.350820416535082,5.16399139554647,7.476465566487642,6.22952457387782,1.735358286948463,4.104644043434103,227.08025760573665,210.45306053002943,-36.61349396094476,66.03151648604357,466.9513406608649,1.2148064,1.7445796,2.284888,1.0382975,1.4329493,2.254311,1.8706374,1.2396313
1.58033654701494,5.74469459936228,7.231491600710839,5.075106323224587,3.1914052754060496,5.594601302415331,9.107039280238029,6.8806350232897975,285.3160887453563,58.1348744612518,-200.5375663208566,-75.44305701405435,67.47033987169715,2.005128,1.4715853,0.9867122,2.2099595,1.9150373,1.2166564,0.894949,1.8171282
6.949634351408759,0.5077997900227627,7.093400184719209,9.119236770924037,2.616234645276924,1.2355942319480715,4.573545761363004,2.526511044992805,217.70403942669807,200.98120381756456,27.1337718792947,-17.80913785877448,428.0098772647829,0.2835983,2.8480387,1.6439644,1.3216033,2.6990767,1.7821524,1.6585819,1.9755242
8.41419619031148,5.534328341543569,6.781250498734609,7.108686857260232,2.871169165931394,6.965362585355716,3.1510350744822797,3.898688046532473,279.83495373189857,224.08251955311923,-37.27466457796242,14.021226515187104,480.6640352222425,0.4681387,2.0719967,2.152089,1.6290481,1.0622313,1.3982239,1.4724097,1.338307
7.271520787467093,4.193929436479371,4.878881028568637,3.0383169761716777,8.378155785725417,5.797780687880168,8.131076636643593,9.417526089514016,362.1108690116432,210.7477721731363,-267.0388326855322,-4.57352744381081,301.24628105543644,1.6883227,1.4140002,0.43700087,0.9951043,0.866679,2.2325597,1.1461122,1.3676295
3.591075248634914,9.831617877902016,1.431321285951599,6.451524436037225,8.488243665381844,4.348930621653385,5.36650696123295,0.6736427250218124,273.4440492716305,137.24741885341103,108.72785878798216,-82.67654321898175,436.742783694042,2.5508652,1.6224302,2.7441468,1.2207623,1.4297929,1.2049806,2.6145275,2.1876297
7.266897514901979,9.456073188370446,9.596385726208482,2.5000184408706505,8.127657746804921,9.528439748624248,6.719488286651581,9.14313244392242,526.1642090606933,212.2248555372929,-391.6605913669376,-69.63629111045009,277.0921821205985,1.9227877,1.4573817,1.1446137,2.4603233,0.27048254,1.9580876,1.6829382,0.9925697
1.3946712418246032,1.3827941485810036,2.2012324186314283,6.541501924773943,2.7860557375308206,1.0901036569108125,2.82089041282791,0.5235987525913888,68.67591005311601,37.758084866381935,23.09128791202933,150.12145790848302,279.6467407400103,1.3018876,1.5072036,2.1723604,0.782643,3.0939107,1.1721157,1.4885279,1.7919779
3.138191152332221,0.416156415309622,9.79384344847124,6.014414068135268,3.7784070388840254,6.308399420166168,1.9404838733631449,8.115952988794959,265.8204095216795,123.49182906999133,-58.70590334586268,33.45152518076458,364.0578604265728,0.91492075,1.6231787,1.7791348,2.394758,2.5812397,2.635362,1.1799707,1.3791252
4.195827566829445,1.2067506706890718,1.2742374843074,6.144858699186732,2.902520280331884,2.9161558697164347,1.4256346780648763,3.772423336356385,91.63638684936622,149.47313493151404,43.09961995233573,4.685073906777032,288.894215639993,0.60677075,1.0357387,1.9171908,0.36181343,2.1244497,1.4758621,1.1096467,1.4993966
8.77212038944317,1.9274696771982025,9.8033563411766,1.6112602491009809,6.863693192599144,4.970495278717194,3.3913797613987686,7.011857675946008,311.8509029374534,227.27240968596303,51.41992900150859,-78.4363254729541,512.106916151971,0.81080145,1.8470743,0.68763334,1.5042768,1.5807716,2.3240855,1.5524712,0.39267576
1.53740208571143,7.2616799431055234,3.761161338092124,7.106843425983173,2.351115398141669,3.6784487785679145,4.090497548222247,2.309446715138411,160.87360221585251,52.68085619609544,40.9505608585429,34.62366209373131,289.1286813642222,1.4627153,1.2216475,2.29724,1.612427,2.0235586,0.7119481,1.6540917,1.9694667
8.801247902493156,5.439779535387236,8.109366108973784,5.377235130151825,7.430355761874591,6.862459094772899,6.415042787945289,1.7727550505216485,348.3286083848426,229.3211045315517,-149.4748862019867,-65.90127671832181,362.27354999608576,1.7747214,2.9909482,2.0375533,1.8431144,1.445586,1.8518679,2.0810518,1.3268602
7.989643192208039,5.349253345352815,0.0729212263235801,7.423049283129755,7.929449499187653,8.912471630744248,3.884481309618793,0.8966349565725706,305.7573570757002,214.3836998232185,184.94611429533248,11.66954984066436,716.7567210349155,1.9156703,2.1855712,3.2794876,0.62766033,0.86991096,1.8788614,1.7809601,1.8299203
9.716242970779806,4.645369794625369,4.450007924350508,0.4467053735771287,5.333549937080299,0.7889864658635204,3.8310519816219903,0.0781057212906544,179.73926857784392,229.8332810469564,78.62984224920075,62.381898689406135,550.5842905634072,0.7297177,1.6968256,0.6963072,0.07085812,1.3790888,0.5800152,1.8580809,0.16847289
3.677029833034604,0.0669421838151629,2.489417727098102,7.330136921003618,1.7450965220742032,4.787891994948849,1.98751540122014,3.737405560698235,117.3408269715272,134.5388257284673,49.43922007177703,73.2593280216395,374.57820079341104,0.6905159,1.4165825,2.2304282,0.8097514,2.3468547,1.6309586,0.79570055,1.6414133
2.049397689077791,3.924719135444666,6.9452520214486935,9.502617045815748,2.625253642237506,7.347785937567081,3.944958574833591,0.4173112961944536,234.75846928646249,80.76960645449115,33.313692339825934,119.04117243515635,467.882940515936,1.8066069,2.5963807,3.3818364,2.508467,2.7275143,1.5865692,1.6404397,2.1604972
2.40570320334599,9.989384412596936,6.6302674899863,5.856509622860027,5.672123977548607,2.8895520690037,5.518542060546991,2.823749806615332,262.78473181719687,99.28779179387595,-50.5559467466305,-24.626274364026816,286.8903025004155,1.9782164,1.5442233,1.9481821,2.1688347,1.8625236,0.9775155,2.4857087,1.9316751
8.27862801421421,8.202912054119473,4.6191825006688925,1.4014890473039177,7.3514653758846835,3.3616884708858743,1.3682109456966496,8.752447721738433,302.94680135135616,221.03014826937235,79.2807830652167,-85.47091017610695,517.7868225098383,0.50130856,0.19542146,0.68917215,0.70015365,0.26175678,1.5357912,1.9656365,0.6182805
9.652281485939154,5.728607109397055,7.066358627498351,9.237733178414768,2.0083673345432373,9.445285304729916,7.558940019757871,7.005219766208027,460.71024785901966,239.55576967751327,-281.1255633893868,12.512039735448322,431.6524938825944,0.50606716,2.4862468,1.7291077,1.8803147,0.43253517,1.5572573,0.7640695,1.9189968
6.988099983804235,1.9646296069527904,9.782616140438533,5.556995922971616,6.482104017582851,1.1048049878336264,9.162787617758518,4.189279337419975,324.0180979662404,204.70823152037892,-98.2282909662946,75.24917594942136,505.7472144697461,1.424073,3.0886607,0.5345806,1.7422177,2.5818658,2.0302217,1.895905,1.7130244
4.8249704177383,9.204694245093538,0.932475790779428,2.774162557304604,9.085997190945436,5.869352333128823,5.689505392332061,0.2147139157923228,265.993440111732,164.72726411066856,146.49457488221265,98.07037715139666,675.2856562560098,2.8037913,1.3909142,2.3294396,0.7939904,1.0432538,0.98845387,2.2022681,1.3311787
2.8704976468113284,4.241472474044635,5.626760572512048,6.221404438843834,7.322266047372283,7.009873324334492,3.0922981445378017,0.4885266715817316,209.15102343574543,114.79977395989,-82.11468774679534,52.83041932691177,294.6665289757519,2.4481378,2.268384,3.2119572,1.9998599,2.4904888,2.059046,2.1739643,1.6933721
8.336878843431597,6.193272730794828,6.759610499650064,8.588930373290847,8.884169246131869,6.629434500415483,9.71198808863084,9.926688244473835,543.0619521581783,226.59817221387863,-715.1284229762678,176.069156846497,230.60085824228625,1.6167018,2.4590387,1.1851124,1.8796628,0.7592469,2.7472162,1.7495673,2.5708408
8.721795083994259,2.031076567411753,6.332185801981401,1.08298784163536,9.587757328566518,0.6590037716209474,1.2355026442775363,4.3958136833592265,234.67344249113697,222.7520342308985,129.91532585600822,-54.03048728387041,533.3103152941732,0.871888,1.5817604,0.8523077,0.5315169,1.9210654,2.3188624,2.4324305,0.47903413
0.921315918005916,3.2806574380211173,2.622523070102698,5.596629192924847,2.7448243750476475,9.586576190408438,1.9095209919450693,5.934883526686083,188.11703862110423,1.3768973840903485,33.142809926076765,47.88183614915437,270.51858208042574,1.6602293,0.59565806,2.6913574,1.537906,1.7306851,1.6654605,0.55638504,1.4620214
2.159494710197767,3.449534629345957,8.749537946472838,6.327367137503288,2.080401449077973,0.2306786668325666,7.689111201458071,7.396320454728922,251.3619659060406,85.5461699559169,108.17028009118476,38.52541246289064,483.60382841603285,0.93551886,1.6307452,0.33803654,1.9958402,2.682028,1.3669991,1.2688069,1.9872981
8.317610904578665,3.947518704019608,2.4553115842407456,9.26117632517687,9.00617839783616,0.3207629261743006,8.094698280443158,6.129785797968674,360.8760493491204,221.2999051950404,74.50018668082957,-2.2138229351757466,654.4623182898146,1.1490663,2.4291615,1.1090342,0.49991143,1.5586483,2.4072695,2.2401602,2.8034034
8.483038970794961,0.2223188655718821,8.44961545790439,0.3818788265220174,3.895193680834544,5.555650587897464,3.7359759102786527,7.519082762246279,260.08511753632814,219.88471405476068,87.68009973625234,69.57892480124627,637.2288561285875,0.44799733,1.3955488,0.22932255,1.0397377,1.4614593,1.8108938,0.6031959,0.0
3.146529987639973,6.603470521951984,4.707286156019141,5.074320488862663,1.079126781666968,0.7525900516324391,0.9484266517213068,5.607491338160643,135.48812389371625,121.1539951437096,64.1532695824793,-5.368625190801035,315.42676342910414,0.12713921,0.3036778,1.2523358,1.1518264,1.7311689,0.6472702,1.5729747,1.3001907
2.792945968468563,1.699900179978242,1.430925203445469,7.326242136762003,6.234846977156419,3.2103791968725925,6.3871681337922,4.940642139922376,180.79729152937352,112.03837702687817,4.631021479127256,-40.56218826500808,256.9045017703708,1.8418772,1.64964,1.7372631,0.7729123,2.3501425,2.0646188,1.3215749,2.3563921
4.3081502201846,6.033002632532815,8.24129604825966,6.596926132875759,4.785337936509237,7.922844791937493,3.43466174247082,4.534222280364703,284.4226757781778,158.22474813362052,-151.11159413045814,14.213089132377728,305.74891891371794,1.5535412,1.9159632,2.5259404,2.4732735,1.7176754,1.850562,1.7584404,1.5766969
5.394465002646668,6.195803465348069,0.7818230109653634,8.614208046045125,1.9203546596990595,5.598554504914817,8.524271666382655,8.881503672357304,328.87995021494265,178.9704078745497,-174.7566420772473,33.88030677175632,366.97402278400136,0.8047306,1.0022857,1.0670841,0.74459165,0.55159235,1.0684698,0.41732442,2.44697
0.9556681500661356,6.979047464323436,7.949896289467536,6.56436295166813,9.161797257302736,5.806157654466055,0.6444945067728669,9.84820075292008,370.9645440283637,7.185233014327527,-157.3446859876644,79.54572762458977,300.3508186796166,1.8598948,0.776582,2.4478273,2.7336168,1.9690622,3.033778,2.582541,2.088977
8.36912138713615,2.919311860463361,6.000122176580134,6.316294376339586,4.798140651407462,9.172491340681672,5.3499426601690026,3.821752553482778,304.846045466447,223.96338354766445,-113.4028190477275,29.082480088665385,444.4890900550493,1.2764927,2.502263,2.180315,1.4923183,1.2368237,1.9342685,1.0758415,1.3320543
5.34734870351321,2.920319865643461,8.766595010502234,6.099030167317418,9.911769357261573,1.0471419827203066,1.6799579859525815,2.06524900564292,257.6009537480466,176.29466525779358,-307.2238580834339,-55.33620314954408,71.33555777286222,1.5902365,2.61641,2.257205,1.89115,3.008381,2.7789397,3.2345366,1.6855146
7.749678150409236,7.555294769028361,8.032045170685091,1.6468765549315234,2.81303086695687,9.884488331945642,9.467972913410748,9.263259309588063,465.4326788615177,217.1688996378428,-555.791713217107,85.85508668503891,212.66495196729235,1.3096672,1.2303274,0.22644961,1.8201269,0.0,0.8883471,0.20604014,0.6327283
2.3083626557632684,3.882241952684344,4.019707513207054,8.546804617792358,0.5963081365990475,6.415949145725368,9.73087040584615,2.8734345942325024,254.07271045316764,93.21962664576245,36.2664291309477,16.167996613361158,399.7267628432389,1.8147131,2.2110026,1.8810656,1.6827103,2.1123278,0.8208408,0.48162687,2.3299525
9.652933511063658,1.524632609580754,1.3519215314651745,5.158574717232977,9.076426636515924,6.877527070410353,5.861713727948309,7.186376821588612,339.6278136462938,236.9646955783002,-42.81771008540517,5.865146495892764,539.6399456350816,1.361814,1.8324978,1.3900338,0.15730989,0.78084993,2.6650352,1.147016,1.5425863
7.510273073183793,9.052649012802142,2.6619149679614478,0.2135109729729734,2.962427229765052,0.1595529941888684,6.9353893099812165,2.3602865205703614,207.95804360481017,205.3112687774212,67.68681792742314,-26.201820535264048,454.7543097743905,0.83274144,0.729273,0.0,0.047548532,0.6607134,0.0,1.3763553,0.4944424
3.4309386439196143,0.1308280995218158,0.0132253425566597,8.204654915853851,9.238036464001848,8.711621619966856,8.798904531341229,5.953764273157464,353.2066920995811,127.37523652855889,-105.06571493738107,23.07119819230648,398.58741188306544,2.909318,2.2240639,2.4016848,0.8862543,1.9705746,3.0165892,0.8924648,2.701512
9.485276469599548,8.864844076557823,6.534032480159256,6.885414541985635,4.846145523169129,3.9424688572563946,9.028921621036709,3.1699906875065187,389.2568977930554,237.26675046024116,-109.7796245516375,71.54487223419076,588.2888959358497,1.0950451,2.5950909,1.1809587,1.4627934,0.7557918,0.87726265,1.92445,1.8217466
7.005117789662728,2.92256775952086,0.8551240128049387,6.574060450582822,6.933427525386705,3.9801732516853616,1.1770075813049383,0.4258287828288964,167.0434588031893,200.09012193695116,85.12550602543998,74.60339228559333,526.8624790511738,1.1837324,1.884712,2.7707083,0.30138564,1.8038383,1.833944,2.0732274,1.5653484
8.40561085486237,3.818250401120593,1.792885769734378,0.5176251817773347,1.162364772176403,6.362563653229864,3.322119742422021,0.2150671810820748,141.63174676153093,215.8197452220531,71.81765078145303,149.01553234673565,578.2846751117727,0.7101144,1.1090012,1.3418263,0.0,0.8311014,0.02374506,0.44154513,0.0
0.4549730585586886,9.784051523960557,2.4497652758256194,7.054469536222444,2.6460612092541256,3.973982130824807,7.917852382760602,3.015833427439838,246.28336656814616,-68.09546303288239,96.75730395707328,-190.1623528569129,84.7828546354242,2.113585,1.0840468,1.9183831,1.6266212,1.6278298,0.29047668,1.4594634,2.3568473
0.5564154105168817,4.366757414401622,4.061024823971141,3.380141147970716,6.788829057632292,9.401345913863455,2.744262249180029,4.632781277342286,210.76258784824432,-47.83183768564606,-6.810664021269318,127.70860783020122,283.8286939715302,2.6761365,0.90846884,2.7172632,1.8505492,1.971583,2.0179381,1.294784,1.2576247
7.427372735496288,7.158819787418663,6.867999479590607,8.144758627220973,9.522767462374675,9.16680498383042,4.246897823178854,4.402307888188708,432.0509460650479,213.90740403260648,-378.36192907558745,-55.7171491343003,211.8792718877666,2.007738,2.5864856,3.049056,2.2524292,1.1100211,2.6710944,2.4840615,2.0536122
3.0468643294839204,4.1238276693222105,4.444675644663958,1.5605536339212855,8.200023378804207,3.72975252028686,9.830300173006348,4.4088755437417415,245.7042284462973,121.95439466997809,2.048510392984639,-36.592531076929646,333.11460243233034,2.8438354,1.6405134,0.65608317,1.127835,2.060093,1.5411947,1.3650833,1.3659011
5.167843658432453,9.135358121693091,5.03770565860274,3.354337183347056,9.04525654264573,2.260538861953183,4.743926883169035,5.031352083640557,281.5374802629712,175.47530645318687,-19.68631778531914,-48.41637858591712,388.9100903449218,1.8340952,1.1435852,1.3011737,1.322104,1.257839,1.5239303,2.6085906,1.4804176
1.5626242367127352,7.194904992103376,0.932077972765708,1.0310571353111453,7.746912591832547,4.0663102133573,5.754038271966573,1.3086935139548497,167.5114691196183,52.03924168071784,106.9601973675159,44.17991936677845,370.6908275346305,2.9049785,0.77341956,1.7196027,0.727877,1.7569476,0.83593756,1.7542802,1.1396091
9.779524096569848,4.806917884353879,3.3817740110331185,0.1835610846586044,9.72022318824074,9.927944775870328,2.24782629307072,6.505061550870483,370.631016362189,236.37443724763824,125.40945705331006,117.80396839864808,850.2188790617854,1.5999104,1.0037148,1.6476824,0.5778672,0.111946225,2.2401352,1.3627933,0.19162679
5.027510476744195,0.842216489841201,2.0666854475930485,3.2356628949627053,2.3806901125395696,3.048960825039432,1.472230477429629,7.696718300924376,117.09667602569009,167.63071823640064,58.15944317635126,-30.55202541802181,312.33481202042015,0.16007042,0.25865686,0.80519235,0.15025365,1.5844002,1.4524467,0.5410492,0.8619677
8.290010784747254,3.6363386782871,7.391375485835231,6.993795023129795,1.2237660613050738,4.958160534166788,9.053426062908942,4.4101591331515575,312.98782450424386,222.23146338354417,-8.528546269306418,30.621111720159032,557.3118533386406,0.63244736,2.6322296,0.8689649,1.4728065,1.4278771,1.0118656,0.76214665,1.5995016
0.740377962799964,4.9060670234726,0.1765261467309975,4.197793286808199,2.405202655228118,1.9849759153534448,7.689344527591434,4.647067596194189,132.7166688307048,-23.629388066619143,52.74072367536566,-85.85858415810458,75.96942028134674,1.7387722,0.5226636,0.8533531,0.4824456,1.9168144,0.456756,0.6741401,1.7861043
4.789154522178381,2.8386418345138376,6.167959417168383,2.9794312374060707,5.800818819751637,4.828192516659408,1.3271045142530014,1.2451565105824158,138.1871854573281,164.42454688613896,-3.582274688435949,83.08282892608067,382.1122865811117,1.510804,1.716047,2.1940079,1.3592455,2.3180258,1.6615032,1.8618058,0.73183924
0.6227948040577591,5.346405094196483,6.978869256696411,9.362525834671926,3.706981694281537,9.52535487604955,9.314082839610736,0.3264771584384729,356.66625218070567,-36.8214843781408,78.828185662718,-8.902861461294503,389.7700920039884,3.0639596,3.0403786,3.2247367,2.936521,2.621472,1.4581422,1.3408837,2.5613728
8.842414310877372,2.096510681816579,5.0464301712165,7.267005246702261,0.3516539073487157,4.016830220125977,8.959359650978461,2.4595579107235577,263.437606572397,225.7363605619224,124.95004214130417,-10.965781271368837,603.1582280042546,0.44780743,2.7288585,0.9382225,0.79935694,1.5630594,0.74326986,0.5488683,1.5860441
4.458101787129588,4.943295755417912,0.4447750065478184,9.716256349189392,1.2469375978064023,0.1284209153158044,3.2852203476225217,4.312339382480253,169.87459570599054,153.35311552769275,118.59112657236328,9.393280748079924,451.2121185541265,0.07863712,1.0631523,1.7310885,0.396227,1.7382143,0.8740584,1.4549271,2.4299963
