HD1_l1,HD1_l2,HD1_l3,HD1_l4,HD1_l5,HD1_l6,HD1_l7,HD1_l8,HD1_l9,HD1_l10,A_ion_K,A_ion_Rb,A_ion_Cs,A_ion_MA,A_ion_FA,B_ion_Ca,B_ion_Sr,B_ion_Ba,B_ion_Ge,B_ion_Sn,B_ion_Pb,X_ion_Cl,X_ion_Br,X_ion_I,Pred_Bandgap,Pred_Binding_Energy,Pred_Solvent,True_Solvent
-1.3885984,-1.29991,4.948112,5.5926523,2.0579307,-0.5529534,6.4578705,-11.211783,3.090485,7.4104714,0.00018834141,0.00022709018,0.008934702,0.00018939924,0.99046046,0.017310625,0.09543726,0.04645254,0.03078294,0.0098580355,0.80015856,0.6274679,0.37167642,0.0008557244,4.0018997,12.586632,GBL,THTO
-1.3885984,-1.29991,4.948112,5.5926523,2.0579307,-0.5529534,6.4578705,-11.211783,3.090485,7.4104714,0.00018834141,0.00022709018,0.008934702,0.00018939924,0.99046046,0.017310625,0.09543726,0.04645254,0.03078294,0.0098580355,0.80015856,0.6274679,0.37167642,0.0008557244,4.0018997,10.239276,NITRO,DMSO
-1.3885984,-1.29991,4.948112,5.5926523,2.0579307,-0.5529534,6.4578705,-11.211783,3.090485,7.4104714,0.00018834141,0.00022709018,0.008934702,0.00018939924,0.99046046,0.017310625,0.09543726,0.04645254,0.03078294,0.0098580355,0.80015856,0.6274679,0.37167642,0.0008557244,4.0018997,10.222365,GBL,DMF
-1.3885984,-1.29991,4.948112,5.5926523,2.0579307,-0.5529534,6.4578705,-11.211783,3.090485,7.4104714,0.00018834141,0.00022709018,0.008934702,0.00018939924,0.99046046,0.017310625,0.09543726,0.04645254,0.03078294,0.0098580355,0.80015856,0.6274679,0.37167642,0.0008557244,4.0018997,13.194428,METHA,NMP
-1.3885984,-1.29991,4.948112,5.5926523,2.0579307,-0.5529534,6.4578705,-11.211783,3.090485,7.4104714,0.00018834141,0.00022709018,0.008934702,0.00018939924,0.99046046,0.017310625,0.09543726,0.04645254,0.03078294,0.0098580355,0.80015856,0.6274679,0.37167642,0.0008557244,4.0018997,10.298409,GBL,ACETONE
-1.3885984,-1.29991,4.948112,5.5926523,2.0579307,-0.5529534,6.4578705,-11.211783,3.090485,7.4104714,0.00018834141,0.00022709018,0.008934702,0.00018939924,0.99046046,0.017310625,0.09543726,0.04645254,0.03078294,0.0098580355,0.80015856,0.6274679,0.37167642,0.0008557244,4.0018997,10.93382,GBL,METHA
-1.3885984,-1.29991,4.948112,5.5926523,2.0579307,-0.5529534,6.4578705,-11.211783,3.090485,7.4104714,0.00018834141,0.00022709018,0.008934702,0.00018939924,0.99046046,0.017310625,0.09543726,0.04645254,0.03078294,0.0098580355,0.80015856,0.6274679,0.37167642,0.0008557244,4.0018997,9.853444,GBL,GBL
-1.3885984,-1.29991,4.948112,5.5926523,2.0579307,-0.5529534,6.4578705,-11.211783,3.090485,7.4104714,0.00018834141,0.00022709018,0.008934702,0.00018939924,0.99046046,0.017310625,0.09543726,0.04645254,0.03078294,0.0098580355,0.80015856,0.6274679,0.37167642,0.0008557244,4.0018997,8.5129175,NITRO,NITRO
0.30357155,0.3227404,1.6941692,1.8124769,1.0484934,0.48418522,1.9994824,-1.8195804,1.2716664,2.2053747,0.00018834164,0.00022710215,0.008933431,0.0001893993,0.99046165,0.017455675,0.10066622,0.047537234,0.031191105,0.009925034,0.7932247,0.62760216,0.37154794,0.0008498451,4.014789,22.82888,DMF,THTO
0.30357155,0.3227404,1.6941692,1.8124769,1.0484934,0.48418522,1.9994824,-1.8195804,1.2716664,2.2053747,0.00018834164,0.00022710215,0.008933431,0.0001893993,0.99046165,0.017455675,0.10066622,0.047537234,0.031191105,0.009925034,0.7932247,0.62760216,0.37154794,0.0008498451,4.014789,22.18168,DMSO,DMSO
0.30357155,0.3227404,1.6941692,1.8124769,1.0484934,0.48418522,1.9994824,-1.8195804,1.2716664,2.2053747,0.00018834164,0.00022710215,0.008933431,0.0001893993,0.99046165,0.017455675,0.10066622,0.047537234,0.031191105,0.009925034,0.7932247,0.62760216,0.37154794,0.0008498451,4.014789,11.171003,NITRO,DMF
0.30357155,0.3227404,1.6941692,1.8124769,1.0484934,0.48418522,1.9994824,-1.8195804,1.2716664,2.2053747,0.00018834164,0.00022710215,0.008933431,0.0001893993,0.99046165,0.017455675,0.10066622,0.047537234,0.031191105,0.009925034,0.7932247,0.62760216,0.37154794,0.0008498451,4.014789,14.279645,METHA,NMP
0.30357155,0.3227404,1.6941692,1.8124769,1.0484934,0.48418522,1.9994824,-1.8195804,1.2716664,2.2053747,0.00018834164,0.00022710215,0.008933431,0.0001893993,0.99046165,0.017455675,0.10066622,0.047537234,0.031191105,0.009925034,0.7932247,0.62760216,0.37154794,0.0008498451,4.014789,9.8174925,GBL,ACETONE
0.30357155,0.3227404,1.6941692,1.8124769,1.0484934,0.48418522,1.9994824,-1.8195804,1.2716664,2.2053747,0.00018834164,0.00022710215,0.008933431,0.0001893993,0.99046165,0.017455675,0.10066622,0.047537234,0.031191105,0.009925034,0.7932247,0.62760216,0.37154794,0.0008498451,4.014789,10.136442,GBL,METHA
0.30357155,0.3227404,1.6941692,1.8124769,1.0484934,0.48418522,1.9994824,-1.8195804,1.2716664,2.2053747,0.00018834164,0.00022710215,0.008933431,0.0001893993,0.99046165,0.017455675,0.10066622,0.047537234,0.031191105,0.009925034,0.7932247,0.62760216,0.37154794,0.0008498451,4.014789,8.921866,NITRO,GBL
0.30357155,0.3227404,1.6941692,1.8124769,1.0484934,0.48418522,1.9994824,-1.8195804,1.2716664,2.2053747,0.00018834164,0.00022710215,0.008933431,0.0001893993,0.99046165,0.017455675,0.10066622,0.047537234,0.031191105,0.009925034,0.7932247,0.62760216,0.37154794,0.0008498451,4.014789,6.8279853,NITRO,NITRO
4.9446054,5.0091085,9.69468,10.02212,7.451291,5.552376,10.6514,-2.1998696,8.202275,11.3442335,0.00018834152,0.00022711392,0.008932156,0.00018939919,0.99046296,0.017595265,0.10614137,0.04862881,0.031592704,0.009988699,0.7860532,0.62773657,0.37141943,0.0008440056,4.0276785,10.172379,NITRO,THTO
4.9446054,5.0091085,9.69468,10.02212,7.451291,5.552376,10.6514,-2.1998696,8.202275,11.3442335,0.00018834152,0.00022711392,0.008932156,0.00018939919,0.99046296,0.017595265,0.10614137,0.04862881,0.031592704,0.009988699,0.7860532,0.62773657,0.37141943,0.0008440056,4.0276785,9.654028,NITRO,DMSO
4.9446054,5.0091085,9.69468,10.02212,7.451291,5.552376,10.6514,-2.1998696,8.202275,11.3442335,0.00018834152,0.00022711392,0.008932156,0.00018939919,0.99046296,0.017595265,0.10614137,0.04862881,0.031592704,0.009988699,0.7860532,0.62773657,0.37141943,0.0008440056,4.0276785,9.441134,NITRO,DMF
4.9446054,5.0091085,9.69468,10.02212,7.451291,5.552376,10.6514,-2.1998696,8.202275,11.3442335,0.00018834152,0.00022711392,0.008932156,0.00018939919,0.99046296,0.017595265,0.10614137,0.04862881,0.031592704,0.009988699,0.7860532,0.62773657,0.37141943,0.0008440056,4.0276785,10.195145,NITRO,NMP
4.9446054,5.0091085,9.69468,10.02212,7.451291,5.552376,10.6514,-2.1998696,8.202275,11.3442335,0.00018834152,0.00022711392,0.008932156,0.00018939919,0.99046296,0.017595265,0.10614137,0.04862881,0.031592704,0.009988699,0.7860532,0.62773657,0.37141943,0.0008440056,4.0276785,9.442132,NITRO,ACETONE
4.9446054,5.0091085,9.69468,10.02212,7.451291,5.552376,10.6514,-2.1998696,8.202275,11.3442335,0.00018834152,0.00022711392,0.008932156,0.00018939919,0.99046296,0.017595265,0.10614137,0.04862881,0.031592704,0.009988699,0.7860532,0.62773657,0.37141943,0.0008440056,4.0276785,9.597753,NITRO,METHA
4.9446054,5.0091085,9.69468,10.02212,7.451291,5.552376,10.6514,-2.1998696,8.202275,11.3442335,0.00018834152,0.00022711392,0.008932156,0.00018939919,0.99046296,0.017595265,0.10614137,0.04862881,0.031592704,0.009988699,0.7860532,0.62773657,0.37141943,0.0008440056,4.0276785,9.32887,NITRO,GBL
4.9446054,5.0091085,9.69468,10.02212,7.451291,5.552376,10.6514,-2.1998696,8.202275,11.3442335,0.00018834152,0.00022711392,0.008932156,0.00018939919,0.99046296,0.017595265,0.10614137,0.04862881,0.031592704,0.009988699,0.7860532,0.62773657,0.37141943,0.0008440056,4.0276785,8.926181,NITRO,NITRO
0.02686575,0.042099804,1.1653953,1.2260375,0.61887723,0.17040478,1.3746563,-1.660466,0.79623944,1.538285,0.00018834122,0.00022712548,0.0089308685,0.00018939888,0.9904642,0.017728968,0.111870214,0.049725823,0.03198684,0.010048804,0.77863926,0.62787086,0.37129095,0.0008382068,4.040568,27.097692,THTO,THTO
0.02686575,0.042099804,1.1653953,1.2260375,0.61887723,0.17040478,1.3746563,-1.660466,0.79623944,1.538285,0.00018834122,0.00022712548,0.0089308685,0.00018939888,0.9904642,0.017728968,0.111870214,0.049725823,0.03198684,0.010048804,0.77863926,0.62787086,0.37129095,0.0008382068,4.040568,27.531572,DMSO,DMSO
0.02686575,0.042099804,1.1653953,1.2260375,0.61887723,0.17040478,1.3746563,-1.660466,0.79623944,1.538285,0.00018834122,0.00022712548,0.0089308685,0.00018939888,0.9904642,0.017728968,0.111870214,0.049725823,0.03198684,0.010048804,0.77863926,0.62787086,0.37129095,0.0008382068,4.040568,12.960507,ACETONE,DMF
0.02686575,0.042099804,1.1653953,1.2260375,0.61887723,0.17040478,1.3746563,-1.660466,0.79623944,1.538285,0.00018834122,0.00022712548,0.0089308685,0.00018939888,0.9904642,0.017728968,0.111870214,0.049725823,0.03198684,0.010048804,0.77863926,0.62787086,0.37129095,0.0008382068,4.040568,16.115849,METHA,NMP
0.02686575,0.042099804,1.1653953,1.2260375,0.61887723,0.17040478,1.3746563,-1.660466,0.79623944,1.538285,0.00018834122,0.00022712548,0.0089308685,0.00018939888,0.9904642,0.017728968,0.111870214,0.049725823,0.03198684,0.010048804,0.77863926,0.62787086,0.37129095,0.0008382068,4.040568,10.697636,GBL,ACETONE
0.02686575,0.042099804,1.1653953,1.2260375,0.61887723,0.17040478,1.3746563,-1.660466,0.79623944,1.538285,0.00018834122,0.00022712548,0.0089308685,0.00018939888,0.9904642,0.017728968,0.111870214,0.049725823,0.03198684,0.010048804,0.77863926,0.62787086,0.37129095,0.0008382068,4.040568,10.720648,METHA,METHA
0.02686575,0.042099804,1.1653953,1.2260375,0.61887723,0.17040478,1.3746563,-1.660466,0.79623944,1.538285,0.00018834122,0.00022712548,0.0089308685,0.00018939888,0.9904642,0.017728968,0.111870214,0.049725823,0.03198684,0.010048804,0.77863926,0.62787086,0.37129095,0.0008382068,4.040568,9.215024,GBL,GBL
0.02686575,0.042099804,1.1653953,1.2260375,0.61887723,0.17040478,1.3746563,-1.660466,0.79623944,1.538285,0.00018834122,0.00022712548,0.0089308685,0.00018939888,0.9904642,0.017728968,0.111870214,0.049725823,0.03198684,0.010048804,0.77863926,0.62787086,0.37129095,0.0008382068,4.040568,6.872467,NITRO,NITRO
-2.5247808,-2.4905448,0.071391344,0.17016652,-1.1943294,-2.2021997,0.5041636,-6.3167896,-0.7957361,0.8718928,0.00018834129,0.00022713747,0.008929603,0.00018939895,0.9904655,0.017856391,0.117859945,0.0508268,0.032372665,0.010105139,0.7709791,0.62800515,0.37116244,0.00083244697,4.055234,24.57766,NMP,THTO
-2.5247808,-2.4905448,0.071391344,0.17016652,-1.1943294,-2.2021997,0.5041636,-6.3167896,-0.7957361,0.8718928,0.00018834129,0.00022713747,0.008929603,0.00018939895,0.9904655,0.017856391,0.117859945,0.0508268,0.032372665,0.010105139,0.7709791,0.62800515,0.37116244,0.00083244697,4.055234,24.328108,DMF,DMSO
-2.5247808,-2.4905448,0.071391344,0.17016652,-1.1943294,-2.2021997,0.5041636,-6.3167896,-0.7957361,0.8718928,0.00018834129,0.00022713747,0.008929603,0.00018939895,0.9904655,0.017856391,0.117859945,0.0508268,0.032372665,0.010105139,0.7709791,0.62800515,0.37116244,0.00083244697,4.055234,14.944426,ACETONE,DMF
-2.5247808,-2.4905448,0.071391344,0.17016652,-1.1943294,-2.2021997,0.5041636,-6.3167896,-0.7957361,0.8718928,0.00018834129,0.00022713747,0.008929603,0.00018939895,0.9904655,0.017856391,0.117859945,0.0508268,0.032372665,0.010105139,0.7709791,0.62800515,0.37116244,0.00083244697,4.055234,18.502382,NMP,NMP
-2.5247808,-2.4905448,0.071391344,0.17016652,-1.1943294,-2.2021997,0.5041636,-6.3167896,-0.7957361,0.8718928,0.00018834129,0.00022713747,0.008929603,0.00018939895,0.9904655,0.017856391,0.117859945,0.0508268,0.032372665,0.010105139,0.7709791,0.62800515,0.37116244,0.00083244697,4.055234,13.730864,METHA,ACETONE
-2.5247808,-2.4905448,0.071391344,0.17016652,-1.1943294,-2.2021997,0.5041636,-6.3167896,-0.7957361,0.8718928,0.00018834129,0.00022713747,0.008929603,0.00018939895,0.9904655,0.017856391,0.117859945,0.0508268,0.032372665,0.010105139,0.7709791,0.62800515,0.37116244,0.00083244697,4.055234,14.400554,METHA,METHA
-2.5247808,-2.4905448,0.071391344,0.17016652,-1.1943294,-2.2021997,0.5041636,-6.3167896,-0.7957361,0.8718928,0.00018834129,0.00022713747,0.008929603,0.00018939895,0.9904655,0.017856391,0.117859945,0.0508268,0.032372665,0.010105139,0.7709791,0.62800515,0.37116244,0.00083244697,4.055234,12.479136,METHA,GBL
-2.5247808,-2.4905448,0.071391344,0.17016652,-1.1943294,-2.2021997,0.5041636,-6.3167896,-0.7957361,0.8718928,0.00018834129,0.00022713747,0.008929603,0.00018939895,0.9904655,0.017856391,0.117859945,0.0508268,0.032372665,0.010105139,0.7709791,0.62800515,0.37116244,0.00083244697,4.055234,9.361014,GBL,NITRO
-1.8239254,-1.7651377,2.6984465,2.8036492,0.46063235,-1.2700119,3.3771656,-8.335297,1.1450689,4.008604,0.00018834118,0.00022714946,0.008928323,0.00018939884,0.9904668,0.017977053,0.124117546,0.051929984,0.03274916,0.010157454,0.7630688,0.6281393,0.37103394,0.00082672655,4.0706253,16.30151,METHA,THTO
-1.8239254,-1.7651377,2.6984465,2.8036492,0.46063235,-1.2700119,3.3771656,-8.335297,1.1450689,4.008604,0.00018834118,0.00022714946,0.008928323,0.00018939884,0.9904668,0.017977053,0.124117546,0.051929984,0.03274916,0.010157454,0.7630688,0.6281393,0.37103394,0.00082672655,4.0706253,13.993091,ACETONE,DMSO
-1.8239254,-1.7651377,2.6984465,2.8036492,0.46063235,-1.2700119,3.3771656,-8.335297,1.1450689,4.008604,0.00018834118,0.00022714946,0.008928323,0.00018939884,0.9904668,0.017977053,0.124117546,0.051929984,0.03274916,0.010157454,0.7630688,0.6281393,0.37103394,0.00082672655,4.0706253,11.839185,GBL,DMF
-1.8239254,-1.7651377,2.6984465,2.8036492,0.46063235,-1.2700119,3.3771656,-8.335297,1.1450689,4.008604,0.00018834118,0.00022714946,0.008928323,0.00018939884,0.9904668,0.017977053,0.124117546,0.051929984,0.03274916,0.010157454,0.7630688,0.6281393,0.37103394,0.00082672655,4.0706253,15.691198,METHA,NMP
-1.8239254,-1.7651377,2.6984465,2.8036492,0.46063235,-1.2700119,3.3771656,-8.335297,1.1450689,4.008604,0.00018834118,0.00022714946,0.008928323,0.00018939884,0.9904668,0.017977053,0.124117546,0.051929984,0.03274916,0.010157454,0.7630688,0.6281393,0.37103394,0.00082672655,4.0706253,11.799557,GBL,ACETONE
-1.8239254,-1.7651377,2.6984465,2.8036492,0.46063235,-1.2700119,3.3771656,-8.335297,1.1450689,4.008604,0.00018834118,0.00022714946,0.008928323,0.00018939884,0.9904668,0.017977053,0.124117546,0.051929984,0.03274916,0.010157454,0.7630688,0.6281393,0.37103394,0.00082672655,4.0706253,12.739842,METHA,METHA
-1.8239254,-1.7651377,2.6984465,2.8036492,0.46063235,-1.2700119,3.3771656,-8.335297,1.1450689,4.008604,0.00018834118,0.00022714946,0.008928323,0.00018939884,0.9904668,0.017977053,0.124117546,0.051929984,0.03274916,0.010157454,0.7630688,0.6281393,0.37103394,0.00082672655,4.0706253,10.979709,GBL,GBL
-1.8239254,-1.7651377,2.6984465,2.8036492,0.46063235,-1.2700119,3.3771656,-8.335297,1.1450689,4.008604,0.00018834118,0.00022714946,0.008928323,0.00018939884,0.9904668,0.017977053,0.124117546,0.051929984,0.03274916,0.010157454,0.7630688,0.6281393,0.37103394,0.00082672655,4.0706253,8.668995,NITRO,NITRO
0.10384972,0.11515111,0.9856131,0.9934556,0.5430336,0.21033418,1.1037085,-1.1478978,0.6746098,1.2250965,0.00018834106,0.00022716101,0.00892705,0.00018939872,0.9904681,0.018090526,0.13064948,0.053033646,0.033115365,0.010205521,0.7549055,0.6282735,0.37090546,0.0008210462,4.0860167,29.321396,THTO,THTO
0.10384972,0.11515111,0.9856131,0.9934556,0.5430336,0.21033418,1.1037085,-1.1478978,0.6746098,1.2250965,0.00018834106,0.00022716101,0.00892705,0.00018939872,0.9904681,0.018090526,0.13064948,0.053033646,0.033115365,0.010205521,0.7549055,0.6282735,0.37090546,0.0008210462,4.0860167,29.696358,DMSO,DMSO
0.10384972,0.11515111,0.9856131,0.9934556,0.5430336,0.21033418,1.1037085,-1.1478978,0.6746098,1.2250965,0.00018834106,0.00022716101,0.00892705,0.00018939872,0.9904681,0.018090526,0.13064948,0.053033646,0.033115365,0.010205521,0.7549055,0.6282735,0.37090546,0.0008210462,4.0860167,13.738773,ACETONE,DMF
0.10384972,0.11515111,0.9856131,0.9934556,0.5430336,0.21033418,1.1037085,-1.1478978,0.6746098,1.2250965,0.00018834106,0.00022716101,0.00892705,0.00018939872,0.9904681,0.018090526,0.13064948,0.053033646,0.033115365,0.010205521,0.7549055,0.6282735,0.37090546,0.0008210462,4.0860167,16.40805,NMP,NMP
0.10384972,0.11515111,0.9856131,0.9934556,0.5430336,0.21033418,1.1037085,-1.1478978,0.6746098,1.2250965,0.00018834106,0.00022716101,0.00892705,0.00018939872,0.9904681,0.018090526,0.13064948,0.053033646,0.033115365,0.010205521,0.7549055,0.6282735,0.37090546,0.0008210462,4.0860167,10.810214,GBL,ACETONE
0.10384972,0.11515111,0.9856131,0.9934556,0.5430336,0.21033418,1.1037085,-1.1478978,0.6746098,1.2250965,0.00018834106,0.00022716101,0.00892705,0.00018939872,0.9904681,0.018090526,0.13064948,0.053033646,0.033115365,0.010205521,0.7549055,0.6282735,0.37090546,0.0008210462,4.0860167,10.596518,METHA,METHA
0.10384972,0.11515111,0.9856131,0.9934556,0.5430336,0.21033418,1.1037085,-1.1478978,0.6746098,1.2250965,0.00018834106,0.00022716101,0.00892705,0.00018939872,0.9904681,0.018090526,0.13064948,0.053033646,0.033115365,0.010205521,0.7549055,0.6282735,0.37090546,0.0008210462,4.0860167,9.212011,GBL,GBL
0.10384972,0.11515111,0.9856131,0.9934556,0.5430336,0.21033418,1.1037085,-1.1478978,0.6746098,1.2250965,0.00018834106,0.00022716101,0.00892705,0.00018939872,0.9904681,0.018090526,0.13064948,0.053033646,0.033115365,0.010205521,0.7549055,0.6282735,0.37090546,0.0008210462,4.0860167,6.77378,NITRO,NITRO
40.51299,40.862198,68.14187,68.00161,54.08367,43.803333,71.4084,1.8342749,58.14934,75.159256,0.00018834112,0.00022717302,0.008925781,0.0001893988,0.9904694,0.018196322,0.13746186,0.054135803,0.03347025,0.010249095,0.7464867,0.62840766,0.37077698,0.000815404,4.101408,10.3207,NITRO,THTO
40.51299,40.862198,68.14187,68.00161,54.08367,43.803333,71.4084,1.8342749,58.14934,75.159256,0.00018834112,0.00022717302,0.008925781,0.0001893988,0.9904694,0.018196322,0.13746186,0.054135803,0.03347025,0.010249095,0.7464867,0.62840766,0.37077698,0.000815404,4.101408,10.32067,NITRO,DMSO
40.51299,40.862198,68.14187,68.00161,54.08367,43.803333,71.4084,1.8342749,58.14934,75.159256,0.00018834112,0.00022717302,0.008925781,0.0001893988,0.9904694,0.018196322,0.13746186,0.054135803,0.03347025,0.010249095,0.7464867,0.62840766,0.37077698,0.000815404,4.101408,10.320673,NITRO,DMF
40.51299,40.862198,68.14187,68.00161,54.08367,43.803333,71.4084,1.8342749,58.14934,75.159256,0.00018834112,0.00022717302,0.008925781,0.0001893988,0.9904694,0.018196322,0.13746186,0.054135803,0.03347025,0.010249095,0.7464867,0.62840766,0.37077698,0.000815404,4.101408,10.320701,NITRO,NMP
40.51299,40.862198,68.14187,68.00161,54.08367,43.803333,71.4084,1.8342749,58.14934,75.159256,0.00018834112,0.00022717302,0.008925781,0.0001893988,0.9904694,0.018196322,0.13746186,0.054135803,0.03347025,0.010249095,0.7464867,0.62840766,0.37077698,0.000815404,4.101408,10.320673,NITRO,ACETONE
40.51299,40.862198,68.14187,68.00161,54.08367,43.803333,71.4084,1.8342749,58.14934,75.159256,0.00018834112,0.00022717302,0.008925781,0.0001893988,0.9904694,0.018196322,0.13746186,0.054135803,0.03347025,0.010249095,0.7464867,0.62840766,0.37077698,0.000815404,4.101408,10.32068,NITRO,METHA
40.51299,40.862198,68.14187,68.00161,54.08367,43.803333,71.4084,1.8342749,58.14934,75.159256,0.00018834112,0.00022717302,0.008925781,0.0001893988,0.9904694,0.018196322,0.13746186,0.054135803,0.03347025,0.010249095,0.7464867,0.62840766,0.37077698,0.000815404,4.101408,10.320667,NITRO,GBL
40.51299,40.862198,68.14187,68.00161,54.08367,43.803333,71.4084,1.8342749,58.14934,75.159256,0.00018834112,0.00022717302,0.008925781,0.0001893988,0.9904694,0.018196322,0.13746186,0.054135803,0.03347025,0.010249095,0.7464867,0.62840766,0.37077698,0.000815404,4.101408,10.32063,NITRO,NITRO
-0.20702311,-0.19501187,0.7564442,0.73846054,0.2597467,-0.09385016,0.8556387,-1.5373951,0.39958745,0.9846512,0.00018834083,0.00022718457,0.008924497,0.00018939849,0.99047065,0.018294051,0.14456071,0.055234626,0.033812873,0.010287966,0.73780984,0.6285417,0.37064847,0.0008098008,4.1167994,30.899845,THTO,THTO
-0.20702311,-0.19501187,0.7564442,0.73846054,0.2597467,-0.09385016,0.8556387,-1.5373951,0.39958745,0.9846512,0.00018834083,0.00022718457,0.008924497,0.00018939849,0.99047065,0.018294051,0.14456071,0.055234626,0.033812873,0.010287966,0.73780984,0.6285417,0.37064847,0.0008098008,4.1167994,31.742222,DMSO,DMSO
-0.20702311,-0.19501187,0.7564442,0.73846054,0.2597467,-0.09385016,0.8556387,-1.5373951,0.39958745,0.9846512,0.00018834083,0.00022718457,0.008924497,0.00018939849,0.99047065,0.018294051,0.14456071,0.055234626,0.033812873,0.010287966,0.73780984,0.6285417,0.37064847,0.0008098008,4.1167994,15.310212,ACETONE,DMF
-0.20702311,-0.19501187,0.7564442,0.73846054,0.2597467,-0.09385016,0.8556387,-1.5373951,0.39958745,0.9846512,0.00018834083,0.00022718457,0.008924497,0.00018939849,0.99047065,0.018294051,0.14456071,0.055234626,0.033812873,0.010287966,0.73780984,0.6285417,0.37064847,0.0008098008,4.1167994,17.769098,NMP,NMP
-0.20702311,-0.19501187,0.7564442,0.73846054,0.2597467,-0.09385016,0.8556387,-1.5373951,0.39958745,0.9846512,0.00018834083,0.00022718457,0.008924497,0.00018939849,0.99047065,0.018294051,0.14456071,0.055234626,0.033812873,0.010287966,0.73780984,0.6285417,0.37064847,0.0008098008,4.1167994,11.881946,ACETONE,ACETONE
-0.20702311,-0.19501187,0.7564442,0.73846054,0.2597467,-0.09385016,0.8556387,-1.5373951,0.39958745,0.9846512,0.00018834083,0.00022718457,0.008924497,0.00018939849,0.99047065,0.018294051,0.14456071,0.055234626,0.033812873,0.010287966,0.73780984,0.6285417,0.37064847,0.0008098008,4.1167994,11.494472,METHA,METHA
-0.20702311,-0.19501187,0.7564442,0.73846054,0.2597467,-0.09385016,0.8556387,-1.5373951,0.39958745,0.9846512,0.00018834083,0.00022718457,0.008924497,0.00018939849,0.99047065,0.018294051,0.14456071,0.055234626,0.033812873,0.010287966,0.73780984,0.6285417,0.37064847,0.0008098008,4.1167994,9.879409,GBL,GBL
-0.20702311,-0.19501187,0.7564442,0.73846054,0.2597467,-0.09385016,0.8556387,-1.5373951,0.39958745,0.9846512,0.00018834083,0.00022718457,0.008924497,0.00018939849,0.99047065,0.018294051,0.14456071,0.055234626,0.033812873,0.010287966,0.73780984,0.6285417,0.37064847,0.0008098008,4.1167994,6.903741,NITRO,NITRO
-1.7499257,-1.7215002,0.56134945,0.48764676,-0.64527285,-1.4820918,0.76495934,-4.8983717,-0.3143271,1.0702791,0.00018834071,0.00022719656,0.00892322,0.00018939839,0.99047196,0.018383218,0.15195093,0.056327906,0.03414213,0.01032188,0.728874,0.62867576,0.37052003,0.0008042357,4.1321907,26.217287,NMP,THTO
-1.7499257,-1.7215002,0.56134945,0.48764676,-0.64527285,-1.4820918,0.76495934,-4.8983717,-0.3143271,1.0702791,0.00018834071,0.00022719656,0.00892322,0.00018939839,0.99047196,0.018383218,0.15195093,0.056327906,0.03414213,0.01032188,0.728874,0.62867576,0.37052003,0.0008042357,4.1321907,26.374514,DMF,DMSO
-1.7499257,-1.7215002,0.56134945,0.48764676,-0.64527285,-1.4820918,0.76495934,-4.8983717,-0.3143271,1.0702791,0.00018834071,0.00022719656,0.00892322,0.00018939839,0.99047196,0.018383218,0.15195093,0.056327906,0.03414213,0.01032188,0.728874,0.62867576,0.37052003,0.0008042357,4.1321907,15.440511,ACETONE,DMF
-1.7499257,-1.7215002,0.56134945,0.48764676,-0.64527285,-1.4820918,0.76495934,-4.8983717,-0.3143271,1.0702791,0.00018834071,0.00022719656,0.00892322,0.00018939839,0.99047196,0.018383218,0.15195093,0.056327906,0.03414213,0.01032188,0.728874,0.62867576,0.37052003,0.0008042357,4.1321907,18.638578,NMP,NMP
-1.7499257,-1.7215002,0.56134945,0.48764676,-0.64527285,-1.4820918,0.76495934,-4.8983717,-0.3143271,1.0702791,0.00018834071,0.00022719656,0.00892322,0.00018939839,0.99047196,0.018383218,0.15195093,0.056327906,0.03414213,0.01032188,0.728874,0.62867576,0.37052003,0.0008042357,4.1321907,13.729062,METHA,ACETONE
-1.7499257,-1.7215002,0.56134945,0.48764676,-0.64527285,-1.4820918,0.76495934,-4.8983717,-0.3143271,1.0702791,0.00018834071,0.00022719656,0.00892322,0.00018939839,0.99047196,0.018383218,0.15195093,0.056327906,0.03414213,0.01032188,0.728874,0.62867576,0.37052003,0.0008042357,4.1321907,14.167171,METHA,METHA
-1.7499257,-1.7215002,0.56134945,0.48764676,-0.64527285,-1.4820918,0.76495934,-4.8983717,-0.3143271,1.0702791,0.00018834071,0.00022719656,0.00892322,0.00018939839,0.99047196,0.018383218,0.15195093,0.056327906,0.03414213,0.01032188,0.728874,0.62867576,0.37052003,0.0008042357,4.1321907,12.321419,METHA,GBL
-1.7499257,-1.7215002,0.56134945,0.48764676,-0.64527285,-1.4820918,0.76495934,-4.8983717,-0.3143271,1.0702791,0.00018834071,0.00022719656,0.00892322,0.00018939839,0.99047196,0.018383218,0.15195093,0.056327906,0.03414213,0.01032188,0.728874,0.62867576,0.37052003,0.0008042357,4.1321907,8.878211,GBL,NITRO
0.07784669,0.08697422,0.83,0.79633397,0.4325521,0.16384852,0.8853794,-0.93312305,0.5388192,0.9834179,0.00018834056,0.00022720832,0.008921946,0.00018939823,0.9904731,0.018463353,0.15963736,0.0574134,0.034456916,0.010350602,0.7196784,0.6288098,0.37039152,0.00079870917,4.147582,31.065561,THTO,THTO
0.07784669,0.08697422,0.83,0.79633397,0.4325521,0.16384852,0.8853794,-0.93312305,0.5388192,0.9834179,0.00018834056,0.00022720832,0.008921946,0.00018939823,0.9904731,0.018463353,0.15963736,0.0574134,0.034456916,0.010350602,0.7196784,0.6288098,0.37039152,0.00079870917,4.147582,31.41691,DMSO,DMSO
0.07784669,0.08697422,0.83,0.79633397,0.4325521,0.16384852,0.8853794,-0.93312305,0.5388192,0.9834179,0.00018834056,0.00022720832,0.008921946,0.00018939823,0.9904731,0.018463353,0.15963736,0.0574134,0.034456916,0.010350602,0.7196784,0.6288098,0.37039152,0.00079870917,4.147582,14.665657,ACETONE,DMF
0.07784669,0.08697422,0.83,0.79633397,0.4325521,0.16384852,0.8853794,-0.93312305,0.5388192,0.9834179,0.00018834056,0.00022720832,0.008921946,0.00018939823,0.9904731,0.018463353,0.15963736,0.0574134,0.034456916,0.010350602,0.7196784,0.6288098,0.37039152,0.00079870917,4.147582,16.979097,NMP,NMP
0.07784669,0.08697422,0.83,0.79633397,0.4325521,0.16384852,0.8853794,-0.93312305,0.5388192,0.9834179,0.00018834056,0.00022720832,0.008921946,0.00018939823,0.9904731,0.018463353,0.15963736,0.0574134,0.034456916,0.010350602,0.7196784,0.6288098,0.37039152,0.00079870917,4.147582,11.110944,GBL,ACETONE
0.07784669,0.08697422,0.83,0.79633397,0.4325521,0.16384852,0.8853794,-0.93312305,0.5388192,0.9834179,0.00018834056,0.00022720832,0.008921946,0.00018939823,0.9904731,0.018463353,0.15963736,0.0574134,0.034456916,0.010350602,0.7196784,0.6288098,0.37039152,0.00079870917,4.147582,10.679234,METHA,METHA
0.07784669,0.08697422,0.83,0.79633397,0.4325521,0.16384852,0.8853794,-0.93312305,0.5388192,0.9834179,0.00018834056,0.00022720832,0.008921946,0.00018939823,0.9904731,0.018463353,0.15963736,0.0574134,0.034456916,0.010350602,0.7196784,0.6288098,0.37039152,0.00079870917,4.147582,9.3584795,GBL,GBL
0.07784669,0.08697422,0.83,0.79633397,0.4325521,0.16384852,0.8853794,-0.93312305,0.5388192,0.9834179,0.00018834056,0.00022720832,0.008921946,0.00018939823,0.9904731,0.018463353,0.15963736,0.0574134,0.034456916,0.010350602,0.7196784,0.6288098,0.37039152,0.00079870917,4.147582,6.750061,NITRO,NITRO
0.07784669,0.08697422,0.84,0.79633397,0.4325521,0.16384852,0.8853794,-0.93312305,0.5388192,0.9834179,0.00018834046,0.00022721989,0.008920669,0.00018939812,0.9904744,0.018534062,0.16762401,0.05848896,0.034756288,0.010373932,0.7102228,0.62894374,0.37026304,0.0007932204,4.1629734,31.08405,THTO,THTO
0.07784669,0.08697422,0.84,0.79633397,0.4325521,0.16384852,0.8853794,-0.93312305,0.5388192,0.9834179,0.00018834046,0.00022721989,0.008920669,0.00018939812,0.9904744,0.018534062,0.16762401,0.05848896,0.034756288,0.010373932,0.7102228,0.62894374,0.37026304,0.0007932204,4.1629734,31.43302,DMSO,DMSO
0.07784669,0.08697422,0.84,0.79633397,0.4325521,0.16384852,0.8853794,-0.93312305,0.5388192,0.9834179,0.00018834046,0.00022721989,0.008920669,0.00018939812,0.9904744,0.018534062,0.16762401,0.05848896,0.034756288,0.010373932,0.7102228,0.62894374,0.37026304,0.0007932204,4.1629734,14.687217,ACETONE,DMF
0.07784669,0.08697422,0.84,0.79633397,0.4325521,0.16384852,0.8853794,-0.93312305,0.5388192,0.9834179,0.00018834046,0.00022721989,0.008920669,0.00018939812,0.9904744,0.018534062,0.16762401,0.05848896,0.034756288,0.010373932,0.7102228,0.62894374,0.37026304,0.0007932204,4.1629734,16.997301,NMP,NMP
0.07784669,0.08697422,0.84,0.79633397,0.4325521,0.16384852,0.8853794,-0.93312305,0.5388192,0.9834179,0.00018834046,0.00022721989,0.008920669,0.00018939812,0.9904744,0.018534062,0.16762401,0.05848896,0.034756288,0.010373932,0.7102228,0.62894374,0.37026304,0.0007932204,4.1629734,11.131307,GBL,ACETONE
0.07784669,0.08697422,0.84,0.79633397,0.4325521,0.16384852,0.8853794,-0.93312305,0.5388192,0.9834179,0.00018834046,0.00022721989,0.008920669,0.00018939812,0.9904744,0.018534062,0.16762401,0.05848896,0.034756288,0.010373932,0.7102228,0.62894374,0.37026304,0.0007932204,4.1629734,10.694961,METHA,METHA
0.07784669,0.08697422,0.84,0.79633397,0.4325521,0.16384852,0.8853794,-0.93312305,0.5388192,0.9834179,0.00018834046,0.00022721989,0.008920669,0.00018939812,0.9904744,0.018534062,0.16762401,0.05848896,0.034756288,0.010373932,0.7102228,0.62894374,0.37026304,0.0007932204,4.1629734,9.374606,GBL,GBL
0.07784669,0.08697422,0.84,0.79633397,0.4325521,0.16384852,0.8853794,-0.93312305,0.5388192,0.9834179,0.00018834046,0.00022721989,0.008920669,0.00018939812,0.9904744,0.018534062,0.16762401,0.05848896,0.034756288,0.010373932,0.7102228,0.62894374,0.37026304,0.0007932204,4.1629734,6.759424,NITRO,NITRO
0.07784669,0.08697422,0.85,0.79633397,0.4325521,0.16384852,0.8853794,-0.93312305,0.5388192,0.9834179,0.00018834035,0.00022723187,0.008919395,0.000189398,0.9904756,0.018594846,0.17591396,0.059552047,0.035039045,0.010391619,0.7005085,0.6290777,0.37013456,0.00078776904,4.1783648,31.102541,THTO,THTO
0.07784669,0.08697422,0.85,0.79633397,0.4325521,0.16384852,0.8853794,-0.93312305,0.5388192,0.9834179,0.00018834035,0.00022723187,0.008919395,0.000189398,0.9904756,0.018594846,0.17591396,0.059552047,0.035039045,0.010391619,0.7005085,0.6290777,0.37013456,0.00078776904,4.1783648,31.449137,DMSO,DMSO
0.07784669,0.08697422,0.85,0.79633397,0.4325521,0.16384852,0.8853794,-0.93312305,0.5388192,0.9834179,0.00018834035,0.00022723187,0.008919395,0.000189398,0.9904756,0.018594846,0.17591396,0.059552047,0.035039045,0.010391619,0.7005085,0.6290777,0.37013456,0.00078776904,4.1783648,14.708735,ACETONE,DMF
0.07784669,0.08697422,0.85,0.79633397,0.4325521,0.16384852,0.8853794,-0.93312305,0.5388192,0.9834179,0.00018834035,0.00022723187,0.008919395,0.000189398,0.9904756,0.018594846,0.17591396,0.059552047,0.035039045,0.010391619,0.7005085,0.6290777,0.37013456,0.00078776904,4.1783648,17.015465,NMP,NMP
0.07784669,0.08697422,0.85,0.79633397,0.4325521,0.16384852,0.8853794,-0.93312305,0.5388192,0.9834179,0.00018834035,0.00022723187,0.008919395,0.000189398,0.9904756,0.018594846,0.17591396,0.059552047,0.035039045,0.010391619,0.7005085,0.6290777,0.37013456,0.00078776904,4.1783648,11.151607,GBL,ACETONE
0.07784669,0.08697422,0.85,0.79633397,0.4325521,0.16384852,0.8853794,-0.93312305,0.5388192,0.9834179,0.00018834035,0.00022723187,0.008919395,0.000189398,0.9904756,0.018594846,0.17591396,0.059552047,0.035039045,0.010391619,0.7005085,0.6290777,0.37013456,0.00078776904,4.1783648,10.713658,METHA,METHA
0.07784669,0.08697422,0.85,0.79633397,0.4325521,0.16384852,0.8853794,-0.93312305,0.5388192,0.9834179,0.00018834035,0.00022723187,0.008919395,0.000189398,0.9904756,0.018594846,0.17591396,0.059552047,0.035039045,0.010391619,0.7005085,0.6290777,0.37013456,0.00078776904,4.1783648,9.390685,GBL,GBL
0.07784669,0.08697422,0.85,0.79633397,0.4325521,0.16384852,0.8853794,-0.93312305,0.5388192,0.9834179,0.00018834035,0.00022723187,0.008919395,0.000189398,0.9904756,0.018594846,0.17591396,0.059552047,0.035039045,0.010391619,0.7005085,0.6290777,0.37013456,0.00078776904,4.1783648,6.768748,NITRO,NITRO
0.07784669,0.08697422,0.86,0.79633397,0.4325521,0.16384852,0.8853794,-0.93312305,0.5388192,0.9834179,0.0001883402,0.00022724364,0.008918118,0.00018939786,0.99047685,0.018645318,0.1845097,0.060600244,0.03530418,0.010403466,0.6905371,0.62921154,0.37000608,0.0007823557,4.193756,31.121035,THTO,THTO
0.07784669,0.08697422,0.86,0.79633397,0.4325521,0.16384852,0.8853794,-0.93312305,0.5388192,0.9834179,0.0001883402,0.00022724364,0.008918118,0.00018939786,0.99047685,0.018645318,0.1845097,0.060600244,0.03530418,0.010403466,0.6905371,0.62921154,0.37000608,0.0007823557,4.193756,31.46525,DMSO,DMSO
0.07784669,0.08697422,0.86,0.79633397,0.4325521,0.16384852,0.8853794,-0.93312305,0.5388192,0.9834179,0.0001883402,0.00022724364,0.008918118,0.00018939786,0.99047685,0.018645318,0.1845097,0.060600244,0.03530418,0.010403466,0.6905371,0.62921154,0.37000608,0.0007823557,4.193756,14.730214,ACETONE,DMF
0.07784669,0.08697422,0.86,0.79633397,0.4325521,0.16384852,0.8853794,-0.93312305,0.5388192,0.9834179,0.0001883402,0.00022724364,0.008918118,0.00018939786,0.99047685,0.018645318,0.1845097,0.060600244,0.03530418,0.010403466,0.6905371,0.62921154,0.37000608,0.0007823557,4.193756,17.033587,NMP,NMP
0.07784669,0.08697422,0.86,0.79633397,0.4325521,0.16384852,0.8853794,-0.93312305,0.5388192,0.9834179,0.0001883402,0.00022724364,0.008918118,0.00018939786,0.99047685,0.018645318,0.1845097,0.060600244,0.03530418,0.010403466,0.6905371,0.62921154,0.37000608,0.0007823557,4.193756,11.1718445,GBL,ACETONE
0.07784669,0.08697422,0.86,0.79633397,0.4325521,0.16384852,0.8853794,-0.93312305,0.5388192,0.9834179,0.0001883402,0.00022724364,0.008918118,0.00018939786,0.99047685,0.018645318,0.1845097,0.060600244,0.03530418,0.010403466,0.6905371,0.62921154,0.37000608,0.0007823557,4.193756,10.732293,METHA,METHA
0.07784669,0.08697422,0.86,0.79633397,0.4325521,0.16384852,0.8853794,-0.93312305,0.5388192,0.9834179,0.0001883402,0.00022724364,0.008918118,0.00018939786,0.99047685,0.018645318,0.1845097,0.060600244,0.03530418,0.010403466,0.6905371,0.62921154,0.37000608,0.0007823557,4.193756,9.406714,GBL,GBL
0.07784669,0.08697422,0.86,0.79633397,0.4325521,0.16384852,0.8853794,-0.93312305,0.5388192,0.9834179,0.0001883402,0.00022724364,0.008918118,0.00018939786,0.99047685,0.018645318,0.1845097,0.060600244,0.03530418,0.010403466,0.6905371,0.62921154,0.37000608,0.0007823557,4.193756,6.778034,NITRO,NITRO
0.07784669,0.08697422,0.87,0.79633397,0.4325521,0.16384852,0.8853794,-0.93312305,0.5388192,0.9834179,0.00018834011,0.00022725521,0.008916849,0.00018939776,0.99047816,0.018685048,0.19341293,0.061631016,0.03555064,0.010409269,0.680311,0.6293454,0.36987767,0.00077697885,4.2091475,31.139528,THTO,THTO
0.07784669,0.08697422,0.87,0.79633397,0.4325521,0.16384852,0.8853794,-0.93312305,0.5388192,0.9834179,0.00018834011,0.00022725521,0.008916849,0.00018939776,0.99047816,0.018685048,0.19341293,0.061631016,0.03555064,0.010409269,0.680311,0.6293454,0.36987767,0.00077697885,4.2091475,31.481367,DMSO,DMSO
0.07784669,0.08697422,0.87,0.79633397,0.4325521,0.16384852,0.8853794,-0.93312305,0.5388192,0.9834179,0.00018834011,0.00022725521,0.008916849,0.00018939776,0.99047816,0.018685048,0.19341293,0.061631016,0.03555064,0.010409269,0.680311,0.6293454,0.36987767,0.00077697885,4.2091475,14.751653,ACETONE,DMF
0.07784669,0.08697422,0.87,0.79633397,0.4325521,0.16384852,0.8853794,-0.93312305,0.5388192,0.9834179,0.00018834011,0.00022725521,0.008916849,0.00018939776,0.99047816,0.018685048,0.19341293,0.061631016,0.03555064,0.010409269,0.680311,0.6293454,0.36987767,0.00077697885,4.2091475,17.051664,NMP,NMP
0.07784669,0.08697422,0.87,0.79633397,0.4325521,0.16384852,0.8853794,-0.93312305,0.5388192,0.9834179,0.00018834011,0.00022725521,0.008916849,0.00018939776,0.99047816,0.018685048,0.19341293,0.061631016,0.03555064,0.010409269,0.680311,0.6293454,0.36987767,0.00077697885,4.2091475,11.192021,GBL,ACETONE
0.07784669,0.08697422,0.87,0.79633397,0.4325521,0.16384852,0.8853794,-0.93312305,0.5388192,0.9834179,0.00018834011,0.00022725521,0.008916849,0.00018939776,0.99047816,0.018685048,0.19341293,0.061631016,0.03555064,0.010409269,0.680311,0.6293454,0.36987767,0.00077697885,4.2091475,10.750862,METHA,METHA
0.07784669,0.08697422,0.87,0.79633397,0.4325521,0.16384852,0.8853794,-0.93312305,0.5388192,0.9834179,0.00018834011,0.00022725521,0.008916849,0.00018939776,0.99047816,0.018685048,0.19341293,0.061631016,0.03555064,0.010409269,0.680311,0.6293454,0.36987767,0.00077697885,4.2091475,9.422696,GBL,GBL
0.07784669,0.08697422,0.87,0.79633397,0.4325521,0.16384852,0.8853794,-0.93312305,0.5388192,0.9834179,0.00018834011,0.00022725521,0.008916849,0.00018939776,0.99047816,0.018685048,0.19341293,0.061631016,0.03555064,0.010409269,0.680311,0.6293454,0.36987767,0.00077697885,4.2091475,6.7872806,NITRO,NITRO
0.07784669,0.08697422,0.88,0.79633397,0.4325521,0.16384852,0.8853794,-0.93312305,0.5388192,0.9834179,0.00018833998,0.00022726697,0.008915568,0.00018939764,0.9904794,0.018713618,0.20262401,0.06264168,0.03577732,0.010408821,0.66983455,0.62947917,0.36974922,0.00077163946,4.224539,31.158028,THTO,THTO
0.07784669,0.08697422,0.88,0.79633397,0.4325521,0.16384852,0.8853794,-0.93312305,0.5388192,0.9834179,0.00018833998,0.00022726697,0.008915568,0.00018939764,0.9904794,0.018713618,0.20262401,0.06264168,0.03577732,0.010408821,0.66983455,0.62947917,0.36974922,0.00077163946,4.224539,31.498318,DMSO,DMSO
0.07784669,0.08697422,0.88,0.79633397,0.4325521,0.16384852,0.8853794,-0.93312305,0.5388192,0.9834179,0.00018833998,0.00022726697,0.008915568,0.00018939764,0.9904794,0.018713618,0.20262401,0.06264168,0.03577732,0.010408821,0.66983455,0.62947917,0.36974922,0.00077163946,4.224539,14.773047,ACETONE,DMF
0.07784669,0.08697422,0.88,0.79633397,0.4325521,0.16384852,0.8853794,-0.93312305,0.5388192,0.9834179,0.00018833998,0.00022726697,0.008915568,0.00018939764,0.9904794,0.018713618,0.20262401,0.06264168,0.03577732,0.010408821,0.66983455,0.62947917,0.36974922,0.00077163946,4.224539,17.069698,NMP,NMP
0.07784669,0.08697422,0.88,0.79633397,0.4325521,0.16384852,0.8853794,-0.93312305,0.5388192,0.9834179,0.00018833998,0.00022726697,0.008915568,0.00018939764,0.9904794,0.018713618,0.20262401,0.06264168,0.03577732,0.010408821,0.66983455,0.62947917,0.36974922,0.00077163946,4.224539,11.212132,GBL,ACETONE
0.07784669,0.08697422,0.88,0.79633397,0.4325521,0.16384852,0.8853794,-0.93312305,0.5388192,0.9834179,0.00018833998,0.00022726697,0.008915568,0.00018939764,0.9904794,0.018713618,0.20262401,0.06264168,0.03577732,0.010408821,0.66983455,0.62947917,0.36974922,0.00077163946,4.224539,10.769367,METHA,METHA
0.07784669,0.08697422,0.88,0.79633397,0.4325521,0.16384852,0.8853794,-0.93312305,0.5388192,0.9834179,0.00018833998,0.00022726697,0.008915568,0.00018939764,0.9904794,0.018713618,0.20262401,0.06264168,0.03577732,0.010408821,0.66983455,0.62947917,0.36974922,0.00077163946,4.224539,9.43863,GBL,GBL
0.07784669,0.08697422,0.88,0.79633397,0.4325521,0.16384852,0.8853794,-0.93312305,0.5388192,0.9834179,0.00018833998,0.00022726697,0.008915568,0.00018939764,0.9904794,0.018713618,0.20262401,0.06264168,0.03577732,0.010408821,0.66983455,0.62947917,0.36974922,0.00077163946,4.224539,6.7964883,NITRO,NITRO
0.07784669,0.08697422,0.89,0.79633397,0.4325521,0.16384852,0.8853794,-0.93312305,0.5388192,0.9834179,0.00018834004,0.00022727897,0.008914305,0.0001893977,0.9904807,0.018730657,0.21214256,0.06362961,0.035983216,0.010401942,0.65911204,0.629613,0.36962077,0.000766336,4.23993,31.176527,THTO,THTO
0.07784669,0.08697422,0.89,0.79633397,0.4325521,0.16384852,0.8853794,-0.93312305,0.5388192,0.9834179,0.00018834004,0.00022727897,0.008914305,0.0001893977,0.9904807,0.018730657,0.21214256,0.06362961,0.035983216,0.010401942,0.65911204,0.629613,0.36962077,0.000766336,4.23993,31.517548,DMSO,DMSO
0.07784669,0.08697422,0.89,0.79633397,0.4325521,0.16384852,0.8853794,-0.93312305,0.5388192,0.9834179,0.00018834004,0.00022727897,0.008914305,0.0001893977,0.9904807,0.018730657,0.21214256,0.06362961,0.035983216,0.010401942,0.65911204,0.629613,0.36962077,0.000766336,4.23993,14.794404,ACETONE,DMF
0.07784669,0.08697422,0.89,0.79633397,0.4325521,0.16384852,0.8853794,-0.93312305,0.5388192,0.9834179,0.00018834004,0.00022727897,0.008914305,0.0001893977,0.9904807,0.018730657,0.21214256,0.06362961,0.035983216,0.010401942,0.65911204,0.629613,0.36962077,0.000766336,4.23993,17.08769,NMP,NMP
0.07784669,0.08697422,0.89,0.79633397,0.4325521,0.16384852,0.8853794,-0.93312305,0.5388192,0.9834179,0.00018834004,0.00022727897,0.008914305,0.0001893977,0.9904807,0.018730657,0.21214256,0.06362961,0.035983216,0.010401942,0.65911204,0.629613,0.36962077,0.000766336,4.23993,11.232184,GBL,ACETONE
0.07784669,0.08697422,0.89,0.79633397,0.4325521,0.16384852,0.8853794,-0.93312305,0.5388192,0.9834179,0.00018834004,0.00022727897,0.008914305,0.0001893977,0.9904807,0.018730657,0.21214256,0.06362961,0.035983216,0.010401942,0.65911204,0.629613,0.36962077,0.000766336,4.23993,10.787807,METHA,METHA
0.07784669,0.08697422,0.89,0.79633397,0.4325521,0.16384852,0.8853794,-0.93312305,0.5388192,0.9834179,0.00018834004,0.00022727897,0.008914305,0.0001893977,0.9904807,0.018730657,0.21214256,0.06362961,0.035983216,0.010401942,0.65911204,0.629613,0.36962077,0.000766336,4.23993,9.454515,GBL,GBL
0.07784669,0.08697422,0.89,0.79633397,0.4325521,0.16384852,0.8853794,-0.93312305,0.5388192,0.9834179,0.00018834004,0.00022727897,0.008914305,0.0001893977,0.9904807,0.018730657,0.21214256,0.06362961,0.035983216,0.010401942,0.65911204,0.629613,0.36962077,0.000766336,4.23993,6.8056555,NITRO,NITRO
0.07784669,0.08697422,0.9,0.79633397,0.4325521,0.16384852,0.8853794,-0.93312305,0.5388192,0.9834179,0.00018833975,0.00022729054,0.008913023,0.00018939741,0.990482,0.018735794,0.22196715,0.06459204,0.036167294,0.010388461,0.64814925,0.6297466,0.36949223,0.00076106924,4.2553215,31.195026,THTO,THTO
0.07784669,0.08697422,0.9,0.79633397,0.4325521,0.16384852,0.8853794,-0.93312305,0.5388192,0.9834179,0.00018833975,0.00022729054,0.008913023,0.00018939741,0.990482,0.018735794,0.22196715,0.06459204,0.036167294,0.010388461,0.64814925,0.6297466,0.36949223,0.00076106924,4.2553215,31.536757,DMSO,DMSO
0.07784669,0.08697422,0.9,0.79633397,0.4325521,0.16384852,0.8853794,-0.93312305,0.5388192,0.9834179,0.00018833975,0.00022729054,0.008913023,0.00018939741,0.990482,0.018735794,0.22196715,0.06459204,0.036167294,0.010388461,0.64814925,0.6297466,0.36949223,0.00076106924,4.2553215,14.815719,ACETONE,DMF
0.07784669,0.08697422,0.9,0.79633397,0.4325521,0.16384852,0.8853794,-0.93312305,0.5388192,0.9834179,0.00018833975,0.00022729054,0.008913023,0.00018939741,0.990482,0.018735794,0.22196715,0.06459204,0.036167294,0.010388461,0.64814925,0.6297466,0.36949223,0.00076106924,4.2553215,17.105642,NMP,NMP
0.07784669,0.08697422,0.9,0.79633397,0.4325521,0.16384852,0.8853794,-0.93312305,0.5388192,0.9834179,0.00018833975,0.00022729054,0.008913023,0.00018939741,0.990482,0.018735794,0.22196715,0.06459204,0.036167294,0.010388461,0.64814925,0.6297466,0.36949223,0.00076106924,4.2553215,11.2521715,GBL,ACETONE
0.07784669,0.08697422,0.9,0.79633397,0.4325521,0.16384852,0.8853794,-0.93312305,0.5388192,0.9834179,0.00018833975,0.00022729054,0.008913023,0.00018939741,0.990482,0.018735794,0.22196715,0.06459204,0.036167294,0.010388461,0.64814925,0.6297466,0.36949223,0.00076106924,4.2553215,10.806185,METHA,METHA
0.07784669,0.08697422,0.9,0.79633397,0.4325521,0.16384852,0.8853794,-0.93312305,0.5388192,0.9834179,0.00018833975,0.00022729054,0.008913023,0.00018939741,0.990482,0.018735794,0.22196715,0.06459204,0.036167294,0.010388461,0.64814925,0.6297466,0.36949223,0.00076106924,4.2553215,9.470351,GBL,GBL
0.07784669,0.08697422,0.9,0.79633397,0.4325521,0.16384852,0.8853794,-0.93312305,0.5388192,0.9834179,0.00018833975,0.00022729054,0.008913023,0.00018939741,0.990482,0.018735794,0.22196715,0.06459204,0.036167294,0.010388461,0.64814925,0.6297466,0.36949223,0.00076106924,4.2553215,6.8147845,NITRO,NITRO
0.07784669,0.08697422,0.91,0.79633397,0.4325521,0.16384852,0.8853794,-0.93312305,0.5388192,0.9834179,0.00018833963,0.00022730234,0.008911752,0.0001893973,0.9904833,0.018728703,0.23209535,0.06552623,0.036328584,0.0103682345,0.63695294,0.62988037,0.36936384,0.00075583876,4.270713,31.213533,THTO,THTO
0.07784669,0.08697422,0.91,0.79633397,0.4325521,0.16384852,0.8853794,-0.93312305,0.5388192,0.9834179,0.00018833963,0.00022730234,0.008911752,0.0001893973,0.9904833,0.018728703,0.23209535,0.06552623,0.036328584,0.0103682345,0.63695294,0.62988037,0.36936384,0.00075583876,4.270713,31.55595,DMSO,DMSO
0.07784669,0.08697422,0.91,0.79633397,0.4325521,0.16384852,0.8853794,-0.93312305,0.5388192,0.9834179,0.00018833963,0.00022730234,0.008911752,0.0001893973,0.9904833,0.018728703,0.23209535,0.06552623,0.036328584,0.0103682345,0.63695294,0.62988037,0.36936384,0.00075583876,4.270713,14.836993,ACETONE,DMF
0.07784669,0.08697422,0.91,0.79633397,0.4325521,0.16384852,0.8853794,-0.93312305,0.5388192,0.9834179,0.00018833963,0.00022730234,0.008911752,0.0001893973,0.9904833,0.018728703,0.23209535,0.06552623,0.036328584,0.0103682345,0.63695294,0.62988037,0.36936384,0.00075583876,4.270713,17.123545,NMP,NMP
0.07784669,0.08697422,0.91,0.79633397,0.4325521,0.16384852,0.8853794,-0.93312305,0.5388192,0.9834179,0.00018833963,0.00022730234,0.008911752,0.0001893973,0.9904833,0.018728703,0.23209535,0.06552623,0.036328584,0.0103682345,0.63695294,0.62988037,0.36936384,0.00075583876,4.270713,11.272098,GBL,ACETONE
0.07784669,0.08697422,0.91,0.79633397,0.4325521,0.16384852,0.8853794,-0.93312305,0.5388192,0.9834179,0.00018833963,0.00022730234,0.008911752,0.0001893973,0.9904833,0.018728703,0.23209535,0.06552623,0.036328584,0.0103682345,0.63695294,0.62988037,0.36936384,0.00075583876,4.270713,10.824496,METHA,METHA
0.07784669,0.08697422,0.91,0.79633397,0.4325521,0.16384852,0.8853794,-0.93312305,0.5388192,0.9834179,0.00018833963,0.00022730234,0.008911752,0.0001893973,0.9904833,0.018728703,0.23209535,0.06552623,0.036328584,0.0103682345,0.63695294,0.62988037,0.36936384,0.00075583876,4.270713,9.48614,GBL,GBL
0.07784669,0.08697422,0.91,0.79633397,0.4325521,0.16384852,0.8853794,-0.93312305,0.5388192,0.9834179,0.00018833963,0.00022730234,0.008911752,0.0001893973,0.9904833,0.018728703,0.23209535,0.06552623,0.036328584,0.0103682345,0.63695294,0.62988037,0.36936384,0.00075583876,4.270713,6.823875,NITRO,NITRO
0.07784669,0.08697422,0.92,0.79633397,0.4325521,0.16384852,0.8853794,-0.93312305,0.5388192,0.9834179,0.00018833969,0.00022731454,0.008910484,0.00018939734,0.9904845,0.018709091,0.24252321,0.066429496,0.036466178,0.010341117,0.6255309,0.6300139,0.3692354,0.00075064343,4.286104,31.232037,THTO,THTO
0.07784669,0.08697422,0.92,0.79633397,0.4325521,0.16384852,0.8853794,-0.93312305,0.5388192,0.9834179,0.00018833969,0.00022731454,0.008910484,0.00018939734,0.9904845,0.018709091,0.24252321,0.066429496,0.036466178,0.010341117,0.6255309,0.6300139,0.3692354,0.00075064343,4.286104,31.575125,DMSO,DMSO
0.07784669,0.08697422,0.92,0.79633397,0.4325521,0.16384852,0.8853794,-0.93312305,0.5388192,0.9834179,0.00018833969,0.00022731454,0.008910484,0.00018939734,0.9904845,0.018709091,0.24252321,0.066429496,0.036466178,0.010341117,0.6255309,0.6300139,0.3692354,0.00075064343,4.286104,14.858226,ACETONE,DMF
0.07784669,0.08697422,0.92,0.79633397,0.4325521,0.16384852,0.8853794,-0.93312305,0.5388192,0.9834179,0.00018833969,0.00022731454,0.008910484,0.00018939734,0.9904845,0.018709091,0.24252321,0.066429496,0.036466178,0.010341117,0.6255309,0.6300139,0.3692354,0.00075064343,4.286104,17.141413,NMP,NMP
0.07784669,0.08697422,0.92,0.79633397,0.4325521,0.16384852,0.8853794,-0.93312305,0.5388192,0.9834179,0.00018833969,0.00022731454,0.008910484,0.00018939734,0.9904845,0.018709091,0.24252321,0.066429496,0.036466178,0.010341117,0.6255309,0.6300139,0.3692354,0.00075064343,4.286104,11.29196,GBL,ACETONE
0.07784669,0.08697422,0.92,0.79633397,0.4325521,0.16384852,0.8853794,-0.93312305,0.5388192,0.9834179,0.00018833969,0.00022731454,0.008910484,0.00018939734,0.9904845,0.018709091,0.24252321,0.066429496,0.036466178,0.010341117,0.6255309,0.6300139,0.3692354,0.00075064343,4.286104,10.842744,METHA,METHA
0.07784669,0.08697422,0.92,0.79633397,0.4325521,0.16384852,0.8853794,-0.93312305,0.5388192,0.9834179,0.00018833969,0.00022731454,0.008910484,0.00018939734,0.9904845,0.018709091,0.24252321,0.066429496,0.036466178,0.010341117,0.6255309,0.6300139,0.3692354,0.00075064343,4.286104,9.501879,GBL,GBL
0.07784669,0.08697422,0.92,0.79633397,0.4325521,0.16384852,0.8853794,-0.93312305,0.5388192,0.9834179,0.00018833969,0.00022731454,0.008910484,0.00018939734,0.9904845,0.018709091,0.24252321,0.066429496,0.036466178,0.010341117,0.6255309,0.6300139,0.3692354,0.00075064343,4.286104,6.832927,NITRO,NITRO
0.07784669,0.08697422,0.93,0.79633397,0.4325521,0.16384852,0.8853794,-0.93312305,0.5388192,0.9834179,0.00018833956,0.00022732631,0.008909208,0.00018939705,0.9904857,0.018676683,0.2532457,0.06729898,0.036579195,0.010307,0.6138925,0.6301476,0.36910695,0.00074548414,4.3014956,31.250546,THTO,THTO
0.07784669,0.08697422,0.93,0.79633397,0.4325521,0.16384852,0.8853794,-0.93312305,0.5388192,0.9834179,0.00018833956,0.00022732631,0.008909208,0.00018939705,0.9904857,0.018676683,0.2532457,0.06729898,0.036579195,0.010307,0.6138925,0.6301476,0.36910695,0.00074548414,4.3014956,31.59427,DMSO,DMSO
0.07784669,0.08697422,0.93,0.79633397,0.4325521,0.16384852,0.8853794,-0.93312305,0.5388192,0.9834179,0.00018833956,0.00022732631,0.008909208,0.00018939705,0.9904857,0.018676683,0.2532457,0.06729898,0.036579195,0.010307,0.6138925,0.6301476,0.36910695,0.00074548414,4.3014956,14.879417,ACETONE,DMF
0.07784669,0.08697422,0.93,0.79633397,0.4325521,0.16384852,0.8853794,-0.93312305,0.5388192,0.9834179,0.00018833956,0.00022732631,0.008909208,0.00018939705,0.9904857,0.018676683,0.2532457,0.06729898,0.036579195,0.010307,0.6138925,0.6301476,0.36910695,0.00074548414,4.3014956,17.159231,NMP,NMP
0.07784669,0.08697422,0.93,0.79633397,0.4325521,0.16384852,0.8853794,-0.93312305,0.5388192,0.9834179,0.00018833956,0.00022732631,0.008909208,0.00018939705,0.9904857,0.018676683,0.2532457,0.06729898,0.036579195,0.010307,0.6138925,0.6301476,0.36910695,0.00074548414,4.3014956,11.311761,GBL,ACETONE
0.07784669,0.08697422,0.93,0.79633397,0.4325521,0.16384852,0.8853794,-0.93312305,0.5388192,0.9834179,0.00018833956,0.00022732631,0.008909208,0.00018939705,0.9904857,0.018676683,0.2532457,0.06729898,0.036579195,0.010307,0.6138925,0.6301476,0.36910695,0.00074548414,4.3014956,10.860928,METHA,METHA
0.07784669,0.08697422,0.93,0.79633397,0.4325521,0.16384852,0.8853794,-0.93312305,0.5388192,0.9834179,0.00018833956,0.00022732631,0.008909208,0.00018939705,0.9904857,0.018676683,0.2532457,0.06729898,0.036579195,0.010307,0.6138925,0.6301476,0.36910695,0.00074548414,4.3014956,9.5175705,GBL,GBL
0.07784669,0.08697422,0.93,0.79633397,0.4325521,0.16384852,0.8853794,-0.93312305,0.5388192,0.9834179,0.00018833956,0.00022732631,0.008909208,0.00018939705,0.9904857,0.018676683,0.2532457,0.06729898,0.036579195,0.010307,0.6138925,0.6301476,0.36910695,0.00074548414,4.3014956,6.84194,NITRO,NITRO
0.07784669,0.08697422,0.94,0.79633397,0.4325521,0.16384852,0.8853794,-0.93312305,0.5388192,0.9834179,0.00018833946,0.00022733788,0.0089079365,0.00018939693,0.99048704,0.01863125,0.26425678,0.06813202,0.036666818,0.010265787,0.6020473,0.6302811,0.3689785,0.0007403603,4.3168864,31.269054,THTO,THTO
0.07784669,0.08697422,0.94,0.79633397,0.4325521,0.16384852,0.8853794,-0.93312305,0.5388192,0.9834179,0.00018833946,0.00022733788,0.0089079365,0.00018939693,0.99048704,0.01863125,0.26425678,0.06813202,0.036666818,0.010265787,0.6020473,0.6302811,0.3689785,0.0007403603,4.3168864,31.613401,DMSO,DMSO
0.07784669,0.08697422,0.94,0.79633397,0.4325521,0.16384852,0.8853794,-0.93312305,0.5388192,0.9834179,0.00018833946,0.00022733788,0.0089079365,0.00018939693,0.99048704,0.01863125,0.26425678,0.06813202,0.036666818,0.010265787,0.6020473,0.6302811,0.3689785,0.0007403603,4.3168864,14.900566,ACETONE,DMF
0.07784669,0.08697422,0.94,0.79633397,0.4325521,0.16384852,0.8853794,-0.93312305,0.5388192,0.9834179,0.00018833946,0.00022733788,0.0089079365,0.00018939693,0.99048704,0.01863125,0.26425678,0.06813202,0.036666818,0.010265787,0.6020473,0.6302811,0.3689785,0.0007403603,4.3168864,17.177008,NMP,NMP
0.07784669,0.08697422,0.94,0.79633397,0.4325521,0.16384852,0.8853794,-0.93312305,0.5388192,0.9834179,0.00018833946,0.00022733788,0.0089079365,0.00018939693,0.99048704,0.01863125,0.26425678,0.06813202,0.036666818,0.010265787,0.6020473,0.6302811,0.3689785,0.0007403603,4.3168864,11.331498,GBL,ACETONE
0.07784669,0.08697422,0.94,0.79633397,0.4325521,0.16384852,0.8853794,-0.93312305,0.5388192,0.9834179,0.00018833946,0.00022733788,0.0089079365,0.00018939693,0.99048704,0.01863125,0.26425678,0.06813202,0.036666818,0.010265787,0.6020473,0.6302811,0.3689785,0.0007403603,4.3168864,10.879046,METHA,METHA
0.07784669,0.08697422,0.94,0.79633397,0.4325521,0.16384852,0.8853794,-0.93312305,0.5388192,0.9834179,0.00018833946,0.00022733788,0.0089079365,0.00018939693,0.99048704,0.01863125,0.26425678,0.06813202,0.036666818,0.010265787,0.6020473,0.6302811,0.3689785,0.0007403603,4.3168864,9.533212,GBL,GBL
0.07784669,0.08697422,0.94,0.79633397,0.4325521,0.16384852,0.8853794,-0.93312305,0.5388192,0.9834179,0.00018833946,0.00022733788,0.0089079365,0.00018939693,0.99048704,0.01863125,0.26425678,0.06813202,0.036666818,0.010265787,0.6020473,0.6302811,0.3689785,0.0007403603,4.3168864,6.850913,NITRO,NITRO
0.07784669,0.08697422,0.95,0.79633397,0.4325521,0.16384852,0.8853794,-0.93312305,0.5388192,0.9834179,0.00018833934,0.00022734987,0.008906666,0.00018939681,0.9904883,0.018572578,0.27554852,0.06892586,0.036728248,0.010217393,0.5900074,0.6304146,0.36885008,0.0007352717,4.3322783,31.287567,THTO,THTO
0.07784669,0.08697422,0.95,0.79633397,0.4325521,0.16384852,0.8853794,-0.93312305,0.5388192,0.9834179,0.00018833934,0.00022734987,0.008906666,0.00018939681,0.9904883,0.018572578,0.27554852,0.06892586,0.036728248,0.010217393,0.5900074,0.6304146,0.36885008,0.0007352717,4.3322783,31.632505,DMSO,DMSO
0.07784669,0.08697422,0.95,0.79633397,0.4325521,0.16384852,0.8853794,-0.93312305,0.5388192,0.9834179,0.00018833934,0.00022734987,0.008906666,0.00018939681,0.9904883,0.018572578,0.27554852,0.06892586,0.036728248,0.010217393,0.5900074,0.6304146,0.36885008,0.0007352717,4.3322783,14.921676,ACETONE,DMF
0.07784669,0.08697422,0.95,0.79633397,0.4325521,0.16384852,0.8853794,-0.93312305,0.5388192,0.9834179,0.00018833934,0.00022734987,0.008906666,0.00018939681,0.9904883,0.018572578,0.27554852,0.06892586,0.036728248,0.010217393,0.5900074,0.6304146,0.36885008,0.0007352717,4.3322783,17.194742,NMP,NMP
0.07784669,0.08697422,0.95,0.79633397,0.4325521,0.16384852,0.8853794,-0.93312305,0.5388192,0.9834179,0.00018833934,0.00022734987,0.008906666,0.00018939681,0.9904883,0.018572578,0.27554852,0.06892586,0.036728248,0.010217393,0.5900074,0.6304146,0.36885008,0.0007352717,4.3322783,11.351174,GBL,ACETONE
0.07784669,0.08697422,0.95,0.79633397,0.4325521,0.16384852,0.8853794,-0.93312305,0.5388192,0.9834179,0.00018833934,0.00022734987,0.008906666,0.00018939681,0.9904883,0.018572578,0.27554852,0.06892586,0.036728248,0.010217393,0.5900074,0.6304146,0.36885008,0.0007352717,4.3322783,10.897102,METHA,METHA
0.07784669,0.08697422,0.95,0.79633397,0.4325521,0.16384852,0.8853794,-0.93312305,0.5388192,0.9834179,0.00018833934,0.00022734987,0.008906666,0.00018939681,0.9904883,0.018572578,0.27554852,0.06892586,0.036728248,0.010217393,0.5900074,0.6304146,0.36885008,0.0007352717,4.3322783,9.548807,GBL,GBL
0.07784669,0.08697422,0.95,0.79633397,0.4325521,0.16384852,0.8853794,-0.93312305,0.5388192,0.9834179,0.00018833934,0.00022734987,0.008906666,0.00018939681,0.9904883,0.018572578,0.27554852,0.06892586,0.036728248,0.010217393,0.5900074,0.6304146,0.36885008,0.0007352717,4.3322783,6.859848,NITRO,NITRO
0.07784669,0.08697422,0.96,0.79633397,0.4325521,0.16384852,0.8853794,-0.93312305,0.5388192,0.9834179,0.00018833902,0.00022736142,0.008905385,0.0001893965,0.9904895,0.018500533,0.28711262,0.06967785,0.03676285,0.010161783,0.5777844,0.63054806,0.36872166,0.00073021796,4.3476696,31.30608,THTO,THTO
0.07784669,0.08697422,0.96,0.79633397,0.4325521,0.16384852,0.8853794,-0.93312305,0.5388192,0.9834179,0.00018833902,0.00022736142,0.008905385,0.0001893965,0.9904895,0.018500533,0.28711262,0.06967785,0.03676285,0.010161783,0.5777844,0.63054806,0.36872166,0.00073021796,4.3476696,31.651592,DMSO,DMSO
0.07784669,0.08697422,0.96,0.79633397,0.4325521,0.16384852,0.8853794,-0.93312305,0.5388192,0.9834179,0.00018833902,0.00022736142,0.008905385,0.0001893965,0.9904895,0.018500533,0.28711262,0.06967785,0.03676285,0.010161783,0.5777844,0.63054806,0.36872166,0.00073021796,4.3476696,14.942742,ACETONE,DMF
0.07784669,0.08697422,0.96,0.79633397,0.4325521,0.16384852,0.8853794,-0.93312305,0.5388192,0.9834179,0.00018833902,0.00022736142,0.008905385,0.0001893965,0.9904895,0.018500533,0.28711262,0.06967785,0.03676285,0.010161783,0.5777844,0.63054806,0.36872166,0.00073021796,4.3476696,17.212435,NMP,NMP
0.07784669,0.08697422,0.96,0.79633397,0.4325521,0.16384852,0.8853794,-0.93312305,0.5388192,0.9834179,0.00018833902,0.00022736142,0.008905385,0.0001893965,0.9904895,0.018500533,0.28711262,0.06967785,0.03676285,0.010161783,0.5777844,0.63054806,0.36872166,0.00073021796,4.3476696,11.370788,GBL,ACETONE
0.07784669,0.08697422,0.96,0.79633397,0.4325521,0.16384852,0.8853794,-0.93312305,0.5388192,0.9834179,0.00018833902,0.00022736142,0.008905385,0.0001893965,0.9904895,0.018500533,0.28711262,0.06967785,0.03676285,0.010161783,0.5777844,0.63054806,0.36872166,0.00073021796,4.3476696,10.9150915,METHA,METHA
0.07784669,0.08697422,0.96,0.79633397,0.4325521,0.16384852,0.8853794,-0.93312305,0.5388192,0.9834179,0.00018833902,0.00022736142,0.008905385,0.0001893965,0.9904895,0.018500533,0.28711262,0.06967785,0.03676285,0.010161783,0.5777844,0.63054806,0.36872166,0.00073021796,4.3476696,9.564352,GBL,GBL
0.07784669,0.08697422,0.96,0.79633397,0.4325521,0.16384852,0.8853794,-0.93312305,0.5388192,0.9834179,0.00018833902,0.00022736142,0.008905385,0.0001893965,0.9904895,0.018500533,0.28711262,0.06967785,0.03676285,0.010161783,0.5777844,0.63054806,0.36872166,0.00073021796,4.3476696,6.8687434,NITRO,NITRO
0.07784669,0.08697422,0.97,0.79633397,0.4325521,0.16384852,0.8853794,-0.93312305,0.5388192,0.9834179,0.00018833873,0.000227373,0.008904101,0.0001893962,0.9904908,0.018415015,0.29893836,0.07038551,0.03677003,0.010098933,0.56539214,0.6306815,0.36859322,0.00072519894,4.363061,31.324598,THTO,THTO
0.07784669,0.08697422,0.97,0.79633397,0.4325521,0.16384852,0.8853794,-0.93312305,0.5388192,0.9834179,0.00018833873,0.000227373,0.008904101,0.0001893962,0.9904908,0.018415015,0.29893836,0.07038551,0.03677003,0.010098933,0.56539214,0.6306815,0.36859322,0.00072519894,4.363061,31.670656,DMSO,DMSO
0.07784669,0.08697422,0.97,0.79633397,0.4325521,0.16384852,0.8853794,-0.93312305,0.5388192,0.9834179,0.00018833873,0.000227373,0.008904101,0.0001893962,0.9904908,0.018415015,0.29893836,0.07038551,0.03677003,0.010098933,0.56539214,0.6306815,0.36859322,0.00072519894,4.363061,14.963769,ACETONE,DMF
0.07784669,0.08697422,0.97,0.79633397,0.4325521,0.16384852,0.8853794,-0.93312305,0.5388192,0.9834179,0.00018833873,0.000227373,0.008904101,0.0001893962,0.9904908,0.018415015,0.29893836,0.07038551,0.03677003,0.010098933,0.56539214,0.6306815,0.36859322,0.00072519894,4.363061,17.230085,NMP,NMP
0.07784669,0.08697422,0.97,0.79633397,0.4325521,0.16384852,0.8853794,-0.93312305,0.5388192,0.9834179,0.00018833873,0.000227373,0.008904101,0.0001893962,0.9904908,0.018415015,0.29893836,0.07038551,0.03677003,0.010098933,0.56539214,0.6306815,0.36859322,0.00072519894,4.363061,11.390338,GBL,ACETONE
0.07784669,0.08697422,0.97,0.79633397,0.4325521,0.16384852,0.8853794,-0.93312305,0.5388192,0.9834179,0.00018833873,0.000227373,0.008904101,0.0001893962,0.9904908,0.018415015,0.29893836,0.07038551,0.03677003,0.010098933,0.56539214,0.6306815,0.36859322,0.00072519894,4.363061,10.93302,METHA,METHA
0.07784669,0.08697422,0.97,0.79633397,0.4325521,0.16384852,0.8853794,-0.93312305,0.5388192,0.9834179,0.00018833873,0.000227373,0.008904101,0.0001893962,0.9904908,0.018415015,0.29893836,0.07038551,0.03677003,0.010098933,0.56539214,0.6306815,0.36859322,0.00072519894,4.363061,9.579849,GBL,GBL
0.07784669,0.08697422,0.97,0.79633397,0.4325521,0.16384852,0.8853794,-0.93312305,0.5388192,0.9834179,0.00018833873,0.000227373,0.008904101,0.0001893962,0.9904908,0.018415015,0.29893836,0.07038551,0.03677003,0.010098933,0.56539214,0.6306815,0.36859322,0.00072519894,4.363061,6.877601,NITRO,NITRO
0.07784669,0.08697422,0.98,0.79633397,0.4325521,0.16384852,0.8853794,-0.93312305,0.5388192,0.9834179,0.0001883388,0.000227385,0.008902839,0.00018939626,0.99049205,0.018315936,0.31101438,0.0710462,0.036749188,0.01002883,0.5528454,0.63081497,0.36846486,0.0007202137,4.378452,31.343117,THTO,THTO
0.07784669,0.08697422,0.98,0.79633397,0.4325521,0.16384852,0.8853794,-0.93312305,0.5388192,0.9834179,0.0001883388,0.000227385,0.008902839,0.00018939626,0.99049205,0.018315936,0.31101438,0.0710462,0.036749188,0.01002883,0.5528454,0.63081497,0.36846486,0.0007202137,4.378452,31.689703,DMSO,DMSO
0.07784669,0.08697422,0.98,0.79633397,0.4325521,0.16384852,0.8853794,-0.93312305,0.5388192,0.9834179,0.0001883388,0.000227385,0.008902839,0.00018939626,0.99049205,0.018315936,0.31101438,0.0710462,0.036749188,0.01002883,0.5528454,0.63081497,0.36846486,0.0007202137,4.378452,14.9847555,ACETONE,DMF
0.07784669,0.08697422,0.98,0.79633397,0.4325521,0.16384852,0.8853794,-0.93312305,0.5388192,0.9834179,0.0001883388,0.000227385,0.008902839,0.00018939626,0.99049205,0.018315936,0.31101438,0.0710462,0.036749188,0.01002883,0.5528454,0.63081497,0.36846486,0.0007202137,4.378452,17.24769,NMP,NMP
0.07784669,0.08697422,0.98,0.79633397,0.4325521,0.16384852,0.8853794,-0.93312305,0.5388192,0.9834179,0.0001883388,0.000227385,0.008902839,0.00018939626,0.99049205,0.018315936,0.31101438,0.0710462,0.036749188,0.01002883,0.5528454,0.63081497,0.36846486,0.0007202137,4.378452,11.409825,GBL,ACETONE
0.07784669,0.08697422,0.98,0.79633397,0.4325521,0.16384852,0.8853794,-0.93312305,0.5388192,0.9834179,0.0001883388,0.000227385,0.008902839,0.00018939626,0.99049205,0.018315936,0.31101438,0.0710462,0.036749188,0.01002883,0.5528454,0.63081497,0.36846486,0.0007202137,4.378452,10.950881,METHA,METHA
0.07784669,0.08697422,0.98,0.79633397,0.4325521,0.16384852,0.8853794,-0.93312305,0.5388192,0.9834179,0.0001883388,0.000227385,0.008902839,0.00018939626,0.99049205,0.018315936,0.31101438,0.0710462,0.036749188,0.01002883,0.5528454,0.63081497,0.36846486,0.0007202137,4.378452,9.595298,GBL,GBL
0.07784669,0.08697422,0.98,0.79633397,0.4325521,0.16384852,0.8853794,-0.93312305,0.5388192,0.9834179,0.0001883388,0.000227385,0.008902839,0.00018939626,0.99049205,0.018315936,0.31101438,0.0710462,0.036749188,0.01002883,0.5528454,0.63081497,0.36846486,0.0007202137,4.378452,6.8864193,NITRO,NITRO
0.07784669,0.08697422,0.99,0.79633397,0.4325521,0.16384852,0.8853794,-0.93312305,0.5388192,0.9834179,0.00018833867,0.00022739658,0.008901565,0.00018939616,0.99049336,0.018203326,0.32332855,0.07165774,0.03670002,0.009951525,0.54015887,0.63094825,0.36833644,0.00071526354,4.393843,31.361631,THTO,THTO
0.07784669,0.08697422,0.99,0.79633397,0.4325521,0.16384852,0.8853794,-0.93312305,0.5388192,0.9834179,0.00018833867,0.00022739658,0.008901565,0.00018939616,0.99049336,0.018203326,0.32332855,0.07165774,0.03670002,0.009951525,0.54015887,0.63094825,0.36833644,0.00071526354,4.393843,31.708723,DMSO,DMSO
0.07784669,0.08697422,0.99,0.79633397,0.4325521,0.16384852,0.8853794,-0.93312305,0.5388192,0.9834179,0.00018833867,0.00022739658,0.008901565,0.00018939616,0.99049336,0.018203326,0.32332855,0.07165774,0.03670002,0.009951525,0.54015887,0.63094825,0.36833644,0.00071526354,4.393843,15.0057,ACETONE,DMF
0.07784669,0.08697422,0.99,0.79633397,0.4325521,0.16384852,0.8853794,-0.93312305,0.5388192,0.9834179,0.00018833867,0.00022739658,0.008901565,0.00018939616,0.99049336,0.018203326,0.32332855,0.07165774,0.03670002,0.009951525,0.54015887,0.63094825,0.36833644,0.00071526354,4.393843,17.265253,NMP,NMP
0.07784669,0.08697422,0.99,0.79633397,0.4325521,0.16384852,0.8853794,-0.93312305,0.5388192,0.9834179,0.00018833867,0.00022739658,0.008901565,0.00018939616,0.99049336,0.018203326,0.32332855,0.07165774,0.03670002,0.009951525,0.54015887,0.63094825,0.36833644,0.00071526354,4.393843,11.429252,GBL,ACETONE
0.07784669,0.08697422,0.99,0.79633397,0.4325521,0.16384852,0.8853794,-0.93312305,0.5388192,0.9834179,0.00018833867,0.00022739658,0.008901565,0.00018939616,0.99049336,0.018203326,0.32332855,0.07165774,0.03670002,0.009951525,0.54015887,0.63094825,0.36833644,0.00071526354,4.393843,10.968676,METHA,METHA
0.07784669,0.08697422,0.99,0.79633397,0.4325521,0.16384852,0.8853794,-0.93312305,0.5388192,0.9834179,0.00018833867,0.00022739658,0.008901565,0.00018939616,0.99049336,0.018203326,0.32332855,0.07165774,0.03670002,0.009951525,0.54015887,0.63094825,0.36833644,0.00071526354,4.393843,9.610698,GBL,GBL
0.07784669,0.08697422,0.99,0.79633397,0.4325521,0.16384852,0.8853794,-0.93312305,0.5388192,0.9834179,0.00018833867,0.00022739658,0.008901565,0.00018939616,0.99049336,0.018203326,0.32332855,0.07165774,0.03670002,0.009951525,0.54015887,0.63094825,0.36833644,0.00071526354,4.393843,6.895199,NITRO,NITRO
0.07784669,0.08697422,1.0,0.79633397,0.4325521,0.16384852,0.8853794,-0.93312305,0.5388192,0.9834179,0.00018833838,0.00022740835,0.008900286,0.00018939584,0.9904946,0.018077202,0.33586618,0.07221777,0.03662212,0.00986706,0.5273497,0.6310816,0.36820802,0.000710347,4.4092345,31.380156,THTO,THTO
0.07784669,0.08697422,1.0,0.79633397,0.4325521,0.16384852,0.8853794,-0.93312305,0.5388192,0.9834179,0.00018833838,0.00022740835,0.008900286,0.00018939584,0.9904946,0.018077202,0.33586618,0.07221777,0.03662212,0.00986706,0.5273497,0.6310816,0.36820802,0.000710347,4.4092345,31.727722,DMSO,DMSO
0.07784669,0.08697422,1.0,0.79633397,0.4325521,0.16384852,0.8853794,-0.93312305,0.5388192,0.9834179,0.00018833838,0.00022740835,0.008900286,0.00018939584,0.9904946,0.018077202,0.33586618,0.07221777,0.03662212,0.00986706,0.5273497,0.6310816,0.36820802,0.000710347,4.4092345,15.026602,ACETONE,DMF
0.07784669,0.08697422,1.0,0.79633397,0.4325521,0.16384852,0.8853794,-0.93312305,0.5388192,0.9834179,0.00018833838,0.00022740835,0.008900286,0.00018939584,0.9904946,0.018077202,0.33586618,0.07221777,0.03662212,0.00986706,0.5273497,0.6310816,0.36820802,0.000710347,4.4092345,17.28277,NMP,NMP
0.07784669,0.08697422,1.0,0.79633397,0.4325521,0.16384852,0.8853794,-0.93312305,0.5388192,0.9834179,0.00018833838,0.00022740835,0.008900286,0.00018939584,0.9904946,0.018077202,0.33586618,0.07221777,0.03662212,0.00986706,0.5273497,0.6310816,0.36820802,0.000710347,4.4092345,11.448614,GBL,ACETONE
0.07784669,0.08697422,1.0,0.79633397,0.4325521,0.16384852,0.8853794,-0.93312305,0.5388192,0.9834179,0.00018833838,0.00022740835,0.008900286,0.00018939584,0.9904946,0.018077202,0.33586618,0.07221777,0.03662212,0.00986706,0.5273497,0.6310816,0.36820802,0.000710347,4.4092345,10.986409,METHA,METHA
0.07784669,0.08697422,1.0,0.79633397,0.4325521,0.16384852,0.8853794,-0.93312305,0.5388192,0.9834179,0.00018833838,0.00022740835,0.008900286,0.00018939584,0.9904946,0.018077202,0.33586618,0.07221777,0.03662212,0.00986706,0.5273497,0.6310816,0.36820802,0.000710347,4.4092345,9.626047,GBL,GBL
0.07784669,0.08697422,1.0,0.79633397,0.4325521,0.16384852,0.8853794,-0.93312305,0.5388192,0.9834179,0.00018833838,0.00022740835,0.008900286,0.00018939584,0.9904946,0.018077202,0.33586618,0.07221777,0.03662212,0.00986706,0.5273497,0.6310816,0.36820802,0.000710347,4.4092345,6.9039397,NITRO,NITRO
0.07784669,0.08697422,1.01,0.79633397,0.4325521,0.16384852,0.8853794,-0.93312305,0.5388192,0.9834179,0.00018833842,0.00022742034,0.00889902,0.0001893959,0.9904958,0.017937671,0.3486126,0.072724335,0.036515336,0.009775537,0.5144345,0.6312149,0.3680796,0.0007054639,4.4246264,31.39868,THTO,THTO
0.07784669,0.08697422,1.01,0.79633397,0.4325521,0.16384852,0.8853794,-0.93312305,0.5388192,0.9834179,0.00018833842,0.00022742034,0.00889902,0.0001893959,0.9904958,0.017937671,0.3486126,0.072724335,0.036515336,0.009775537,0.5144345,0.6312149,0.3680796,0.0007054639,4.4246264,31.746702,DMSO,DMSO
0.07784669,0.08697422,1.01,0.79633397,0.4325521,0.16384852,0.8853794,-0.93312305,0.5388192,0.9834179,0.00018833842,0.00022742034,0.00889902,0.0001893959,0.9904958,0.017937671,0.3486126,0.072724335,0.036515336,0.009775537,0.5144345,0.6312149,0.3680796,0.0007054639,4.4246264,15.047463,ACETONE,DMF
0.07784669,0.08697422,1.01,0.79633397,0.4325521,0.16384852,0.8853794,-0.93312305,0.5388192,0.9834179,0.00018833842,0.00022742034,0.00889902,0.0001893959,0.9904958,0.017937671,0.3486126,0.072724335,0.036515336,0.009775537,0.5144345,0.6312149,0.3680796,0.0007054639,4.4246264,17.300247,NMP,NMP
0.07784669,0.08697422,1.01,0.79633397,0.4325521,0.16384852,0.8853794,-0.93312305,0.5388192,0.9834179,0.00018833842,0.00022742034,0.00889902,0.0001893959,0.9904958,0.017937671,0.3486126,0.072724335,0.036515336,0.009775537,0.5144345,0.6312149,0.3680796,0.0007054639,4.4246264,11.467915,GBL,ACETONE
0.07784669,0.08697422,1.01,0.79633397,0.4325521,0.16384852,0.8853794,-0.93312305,0.5388192,0.9834179,0.00018833842,0.00022742034,0.00889902,0.0001893959,0.9904958,0.017937671,0.3486126,0.072724335,0.036515336,0.009775537,0.5144345,0.6312149,0.3680796,0.0007054639,4.4246264,11.004077,METHA,METHA
0.07784669,0.08697422,1.01,0.79633397,0.4325521,0.16384852,0.8853794,-0.93312305,0.5388192,0.9834179,0.00018833842,0.00022742034,0.00889902,0.0001893959,0.9904958,0.017937671,0.3486126,0.072724335,0.036515336,0.009775537,0.5144345,0.6312149,0.3680796,0.0007054639,4.4246264,9.641351,GBL,GBL
0.07784669,0.08697422,1.01,0.79633397,0.4325521,0.16384852,0.8853794,-0.93312305,0.5388192,0.9834179,0.00018833842,0.00022742034,0.00889902,0.0001893959,0.9904958,0.017937671,0.3486126,0.072724335,0.036515336,0.009775537,0.5144345,0.6312149,0.3680796,0.0007054639,4.4246264,6.912641,NITRO,NITRO
0.07784669,0.08697422,1.02,0.79633397,0.4325521,0.16384852,0.8853794,-0.93312305,0.5388192,0.9834179,0.00018833832,0.00022743191,0.00889775,0.0001893958,0.9904971,0.017784895,0.36155146,0.07317548,0.036379546,0.009677063,0.5014315,0.63134813,0.3679512,0.000700615,4.440017,31.417202,THTO,THTO
0.07784669,0.08697422,1.02,0.79633397,0.4325521,0.16384852,0.8853794,-0.93312305,0.5388192,0.9834179,0.00018833832,0.00022743191,0.00889775,0.0001893958,0.9904971,0.017784895,0.36155146,0.07317548,0.036379546,0.009677063,0.5014315,0.63134813,0.3679512,0.000700615,4.440017,31.76566,DMSO,DMSO
0.07784669,0.08697422,1.02,0.79633397,0.4325521,0.16384852,0.8853794,-0.93312305,0.5388192,0.9834179,0.00018833832,0.00022743191,0.00889775,0.0001893958,0.9904971,0.017784895,0.36155146,0.07317548,0.036379546,0.009677063,0.5014315,0.63134813,0.3679512,0.000700615,4.440017,15.06828,ACETONE,DMF
0.07784669,0.08697422,1.02,0.79633397,0.4325521,0.16384852,0.8853794,-0.93312305,0.5388192,0.9834179,0.00018833832,0.00022743191,0.00889775,0.0001893958,0.9904971,0.017784895,0.36155146,0.07317548,0.036379546,0.009677063,0.5014315,0.63134813,0.3679512,0.000700615,4.440017,17.317678,NMP,NMP
0.07784669,0.08697422,1.02,0.79633397,0.4325521,0.16384852,0.8853794,-0.93312305,0.5388192,0.9834179,0.00018833832,0.00022743191,0.00889775,0.0001893958,0.9904971,0.017784895,0.36155146,0.07317548,0.036379546,0.009677063,0.5014315,0.63134813,0.3679512,0.000700615,4.440017,11.487153,GBL,ACETONE
0.07784669,0.08697422,1.02,0.79633397,0.4325521,0.16384852,0.8853794,-0.93312305,0.5388192,0.9834179,0.00018833832,0.00022743191,0.00889775,0.0001893958,0.9904971,0.017784895,0.36155146,0.07317548,0.036379546,0.009677063,0.5014315,0.63134813,0.3679512,0.000700615,4.440017,11.021682,METHA,METHA
0.07784669,0.08697422,1.02,0.79633397,0.4325521,0.16384852,0.8853794,-0.93312305,0.5388192,0.9834179,0.00018833832,0.00022743191,0.00889775,0.0001893958,0.9904971,0.017784895,0.36155146,0.07317548,0.036379546,0.009677063,0.5014315,0.63134813,0.3679512,0.000700615,4.440017,9.656604,GBL,GBL
0.07784669,0.08697422,1.02,0.79633397,0.4325521,0.16384852,0.8853794,-0.93312305,0.5388192,0.9834179,0.00018833832,0.00022743191,0.00889775,0.0001893958,0.9904971,0.017784895,0.36155146,0.07317548,0.036379546,0.009677063,0.5014315,0.63134813,0.3679512,0.000700615,4.440017,6.9213057,NITRO,NITRO
0.07784669,0.08697422,1.03,0.79633397,0.4325521,0.16384852,0.8853794,-0.93312305,0.5388192,0.9834179,0.00018833819,0.00022744371,0.008896476,0.00018939565,0.99049836,0.017619058,0.37466526,0.073569424,0.036214743,0.009571778,0.4883597,0.63148135,0.36782286,0.00069579866,4.455409,31.43573,THTO,THTO
0.07784669,0.08697422,1.03,0.79633397,0.4325521,0.16384852,0.8853794,-0.93312305,0.5388192,0.9834179,0.00018833819,0.00022744371,0.008896476,0.00018939565,0.99049836,0.017619058,0.37466526,0.073569424,0.036214743,0.009571778,0.4883597,0.63148135,0.36782286,0.00069579866,4.455409,31.784594,DMSO,DMSO
0.07784669,0.08697422,1.03,0.79633397,0.4325521,0.16384852,0.8853794,-0.93312305,0.5388192,0.9834179,0.00018833819,0.00022744371,0.008896476,0.00018939565,0.99049836,0.017619058,0.37466526,0.073569424,0.036214743,0.009571778,0.4883597,0.63148135,0.36782286,0.00069579866,4.455409,15.089061,ACETONE,DMF
0.07784669,0.08697422,1.03,0.79633397,0.4325521,0.16384852,0.8853794,-0.93312305,0.5388192,0.9834179,0.00018833819,0.00022744371,0.008896476,0.00018939565,0.99049836,0.017619058,0.37466526,0.073569424,0.036214743,0.009571778,0.4883597,0.63148135,0.36782286,0.00069579866,4.455409,17.33507,NMP,NMP
0.07784669,0.08697422,1.03,0.79633397,0.4325521,0.16384852,0.8853794,-0.93312305,0.5388192,0.9834179,0.00018833819,0.00022744371,0.008896476,0.00018939565,0.99049836,0.017619058,0.37466526,0.073569424,0.036214743,0.009571778,0.4883597,0.63148135,0.36782286,0.00069579866,4.455409,11.506329,GBL,ACETONE
0.07784669,0.08697422,1.03,0.79633397,0.4325521,0.16384852,0.8853794,-0.93312305,0.5388192,0.9834179,0.00018833819,0.00022744371,0.008896476,0.00018939565,0.99049836,0.017619058,0.37466526,0.073569424,0.036214743,0.009571778,0.4883597,0.63148135,0.36782286,0.00069579866,4.455409,11.039222,METHA,METHA
0.07784669,0.08697422,1.03,0.79633397,0.4325521,0.16384852,0.8853794,-0.93312305,0.5388192,0.9834179,0.00018833819,0.00022744371,0.008896476,0.00018939565,0.99049836,0.017619058,0.37466526,0.073569424,0.036214743,0.009571778,0.4883597,0.63148135,0.36782286,0.00069579866,4.455409,9.671809,GBL,GBL
0.07784669,0.08697422,1.03,0.79633397,0.4325521,0.16384852,0.8853794,-0.93312305,0.5388192,0.9834179,0.00018833819,0.00022744371,0.008896476,0.00018939565,0.99049836,0.017619058,0.37466526,0.073569424,0.036214743,0.009571778,0.4883597,0.63148135,0.36782286,0.00069579866,4.455409,6.9299297,NITRO,NITRO
0.07784669,0.08697422,1.04,0.79633397,0.4325521,0.16384852,0.8853794,-0.93312305,0.5388192,0.9834179,0.00018833826,0.00022745592,0.008895216,0.00018939574,0.9904997,0.017440453,0.387936,0.07390489,0.036021143,0.009459875,0.4752377,0.6316145,0.36769444,0.00069101603,4.4708004,31.454256,THTO,THTO
0.07784669,0.08697422,1.04,0.79633397,0.4325521,0.16384852,0.8853794,-0.93312305,0.5388192,0.9834179,0.00018833826,0.00022745592,0.008895216,0.00018939574,0.9904997,0.017440453,0.387936,0.07390489,0.036021143,0.009459875,0.4752377,0.6316145,0.36769444,0.00069101603,4.4708004,31.803513,DMSO,DMSO
0.07784669,0.08697422,1.04,0.79633397,0.4325521,0.16384852,0.8853794,-0.93312305,0.5388192,0.9834179,0.00018833826,0.00022745592,0.008895216,0.00018939574,0.9904997,0.017440453,0.387936,0.07390489,0.036021143,0.009459875,0.4752377,0.6316145,0.36769444,0.00069101603,4.4708004,15.109798,ACETONE,DMF
0.07784669,0.08697422,1.04,0.79633397,0.4325521,0.16384852,0.8853794,-0.93312305,0.5388192,0.9834179,0.00018833826,0.00022745592,0.008895216,0.00018939574,0.9904997,0.017440453,0.387936,0.07390489,0.036021143,0.009459875,0.4752377,0.6316145,0.36769444,0.00069101603,4.4708004,17.352417,NMP,NMP
0.07784669,0.08697422,1.04,0.79633397,0.4325521,0.16384852,0.8853794,-0.93312305,0.5388192,0.9834179,0.00018833826,0.00022745592,0.008895216,0.00018939574,0.9904997,0.017440453,0.387936,0.07390489,0.036021143,0.009459875,0.4752377,0.6316145,0.36769444,0.00069101603,4.4708004,11.525441,GBL,ACETONE
0.07784669,0.08697422,1.04,0.79633397,0.4325521,0.16384852,0.8853794,-0.93312305,0.5388192,0.9834179,0.00018833826,0.00022745592,0.008895216,0.00018939574,0.9904997,0.017440453,0.387936,0.07390489,0.036021143,0.009459875,0.4752377,0.6316145,0.36769444,0.00069101603,4.4708004,11.056697,METHA,METHA
0.07784669,0.08697422,1.04,0.79633397,0.4325521,0.16384852,0.8853794,-0.93312305,0.5388192,0.9834179,0.00018833826,0.00022745592,0.008895216,0.00018939574,0.9904997,0.017440453,0.387936,0.07390489,0.036021143,0.009459875,0.4752377,0.6316145,0.36769444,0.00069101603,4.4708004,9.686965,GBL,GBL
0.07784669,0.08697422,1.04,0.79633397,0.4325521,0.16384852,0.8853794,-0.93312305,0.5388192,0.9834179,0.00018833826,0.00022745592,0.008895216,0.00018939574,0.9904997,0.017440453,0.387936,0.07390489,0.036021143,0.009459875,0.4752377,0.6316145,0.36769444,0.00069101603,4.4708004,6.9385166,NITRO,NITRO
0.07784669,0.08697422,1.05,0.79633397,0.4325521,0.16384852,0.8853794,-0.93312305,0.5388192,0.9834179,0.00018833796,0.0002274675,0.008893937,0.00018939542,0.9905009,0.017249353,0.40134424,0.074180335,0.035798874,0.009341531,0.4620856,0.6317476,0.36756608,0.0006862654,4.4861917,31.47278,THTO,THTO
0.07784669,0.08697422,1.05,0.79633397,0.4325521,0.16384852,0.8853794,-0.93312305,0.5388192,0.9834179,0.00018833796,0.0002274675,0.008893937,0.00018939542,0.9905009,0.017249353,0.40134424,0.074180335,0.035798874,0.009341531,0.4620856,0.6317476,0.36756608,0.0006862654,4.4861917,31.822405,DMSO,DMSO
0.07784669,0.08697422,1.05,0.79633397,0.4325521,0.16384852,0.8853794,-0.93312305,0.5388192,0.9834179,0.00018833796,0.0002274675,0.008893937,0.00018939542,0.9905009,0.017249353,0.40134424,0.074180335,0.035798874,0.009341531,0.4620856,0.6317476,0.36756608,0.0006862654,4.4861917,15.130494,ACETONE,DMF
0.07784669,0.08697422,1.05,0.79633397,0.4325521,0.16384852,0.8853794,-0.93312305,0.5388192,0.9834179,0.00018833796,0.0002274675,0.008893937,0.00018939542,0.9905009,0.017249353,0.40134424,0.074180335,0.035798874,0.009341531,0.4620856,0.6317476,0.36756608,0.0006862654,4.4861917,17.36972,NMP,NMP
0.07784669,0.08697422,1.05,0.79633397,0.4325521,0.16384852,0.8853794,-0.93312305,0.5388192,0.9834179,0.00018833796,0.0002274675,0.008893937,0.00018939542,0.9905009,0.017249353,0.40134424,0.074180335,0.035798874,0.009341531,0.4620856,0.6317476,0.36756608,0.0006862654,4.4861917,11.544494,GBL,ACETONE
0.07784669,0.08697422,1.05,0.79633397,0.4325521,0.16384852,0.8853794,-0.93312305,0.5388192,0.9834179,0.00018833796,0.0002274675,0.008893937,0.00018939542,0.9905009,0.017249353,0.40134424,0.074180335,0.035798874,0.009341531,0.4620856,0.6317476,0.36756608,0.0006862654,4.4861917,11.074107,METHA,METHA
0.07784669,0.08697422,1.05,0.79633397,0.4325521,0.16384852,0.8853794,-0.93312305,0.5388192,0.9834179,0.00018833796,0.0002274675,0.008893937,0.00018939542,0.9905009,0.017249353,0.40134424,0.074180335,0.035798874,0.009341531,0.4620856,0.6317476,0.36756608,0.0006862654,4.4861917,9.702075,GBL,GBL
0.07784669,0.08697422,1.05,0.79633397,0.4325521,0.16384852,0.8853794,-0.93312305,0.5388192,0.9834179,0.00018833796,0.0002274675,0.008893937,0.00018939542,0.9905009,0.017249353,0.40134424,0.074180335,0.035798874,0.009341531,0.4620856,0.6317476,0.36756608,0.0006862654,4.4861917,6.947064,NITRO,NITRO
0.07784669,0.08697422,1.06,0.79633397,0.4325521,0.16384852,0.8853794,-0.93312305,0.5388192,0.9834179,0.00018833783,0.00022747928,0.0088926675,0.00018939529,0.9905021,0.017046144,0.4148703,0.07439483,0.035548363,0.009216994,0.44892347,0.63188076,0.36743772,0.0006815473,4.5015826,31.49131,THTO,THTO
0.07784669,0.08697422,1.06,0.79633397,0.4325521,0.16384852,0.8853794,-0.93312305,0.5388192,0.9834179,0.00018833783,0.00022747928,0.0088926675,0.00018939529,0.9905021,0.017046144,0.4148703,0.07439483,0.035548363,0.009216994,0.44892347,0.63188076,0.36743772,0.0006815473,4.5015826,31.841278,DMSO,DMSO
0.07784669,0.08697422,1.06,0.79633397,0.4325521,0.16384852,0.8853794,-0.93312305,0.5388192,0.9834179,0.00018833783,0.00022747928,0.0088926675,0.00018939529,0.9905021,0.017046144,0.4148703,0.07439483,0.035548363,0.009216994,0.44892347,0.63188076,0.36743772,0.0006815473,4.5015826,15.151149,ACETONE,DMF
0.07784669,0.08697422,1.06,0.79633397,0.4325521,0.16384852,0.8853794,-0.93312305,0.5388192,0.9834179,0.00018833783,0.00022747928,0.0088926675,0.00018939529,0.9905021,0.017046144,0.4148703,0.07439483,0.035548363,0.009216994,0.44892347,0.63188076,0.36743772,0.0006815473,4.5015826,17.386984,NMP,NMP
0.07784669,0.08697422,1.06,0.79633397,0.4325521,0.16384852,0.8853794,-0.93312305,0.5388192,0.9834179,0.00018833783,0.00022747928,0.0088926675,0.00018939529,0.9905021,0.017046144,0.4148703,0.07439483,0.035548363,0.009216994,0.44892347,0.63188076,0.36743772,0.0006815473,4.5015826,11.563483,GBL,ACETONE
0.07784669,0.08697422,1.06,0.79633397,0.4325521,0.16384852,0.8853794,-0.93312305,0.5388192,0.9834179,0.00018833783,0.00022747928,0.0088926675,0.00018939529,0.9905021,0.017046144,0.4148703,0.07439483,0.035548363,0.009216994,0.44892347,0.63188076,0.36743772,0.0006815473,4.5015826,11.0914545,METHA,METHA
0.07784669,0.08697422,1.06,0.79633397,0.4325521,0.16384852,0.8853794,-0.93312305,0.5388192,0.9834179,0.00018833783,0.00022747928,0.0088926675,0.00018939529,0.9905021,0.017046144,0.4148703,0.07439483,0.035548363,0.009216994,0.44892347,0.63188076,0.36743772,0.0006815473,4.5015826,9.7171335,GBL,GBL
0.07784669,0.08697422,1.06,0.79633397,0.4325521,0.16384852,0.8853794,-0.93312305,0.5388192,0.9834179,0.00018833783,0.00022747928,0.0088926675,0.00018939529,0.9905021,0.017046144,0.4148703,0.07439483,0.035548363,0.009216994,0.44892347,0.63188076,0.36743772,0.0006815473,4.5015826,6.9555736,NITRO,NITRO
0.07784669,0.08697422,1.07,0.79633397,0.4325521,0.16384852,0.8853794,-0.93312305,0.5388192,0.9834179,0.00018833789,0.00022749125,0.008891401,0.00018939534,0.9905033,0.016831238,0.42849344,0.07454754,0.035270065,0.009086505,0.4357713,0.6320138,0.36730936,0.0006768624,4.5169744,31.509842,THTO,THTO
0.07784669,0.08697422,1.07,0.79633397,0.4325521,0.16384852,0.8853794,-0.93312305,0.5388192,0.9834179,0.00018833789,0.00022749125,0.008891401,0.00018939534,0.9905033,0.016831238,0.42849344,0.07454754,0.035270065,0.009086505,0.4357713,0.6320138,0.36730936,0.0006768624,4.5169744,31.860128,DMSO,DMSO
0.07784669,0.08697422,1.07,0.79633397,0.4325521,0.16384852,0.8853794,-0.93312305,0.5388192,0.9834179,0.00018833789,0.00022749125,0.008891401,0.00018939534,0.9905033,0.016831238,0.42849344,0.07454754,0.035270065,0.009086505,0.4357713,0.6320138,0.36730936,0.0006768624,4.5169744,15.171761,ACETONE,DMF
0.07784669,0.08697422,1.07,0.79633397,0.4325521,0.16384852,0.8853794,-0.93312305,0.5388192,0.9834179,0.00018833789,0.00022749125,0.008891401,0.00018939534,0.9905033,0.016831238,0.42849344,0.07454754,0.035270065,0.009086505,0.4357713,0.6320138,0.36730936,0.0006768624,4.5169744,17.4042,NMP,NMP
0.07784669,0.08697422,1.07,0.79633397,0.4325521,0.16384852,0.8853794,-0.93312305,0.5388192,0.9834179,0.00018833789,0.00022749125,0.008891401,0.00018939534,0.9905033,0.016831238,0.42849344,0.07454754,0.035270065,0.009086505,0.4357713,0.6320138,0.36730936,0.0006768624,4.5169744,11.582408,GBL,ACETONE
0.07784669,0.08697422,1.07,0.79633397,0.4325521,0.16384852,0.8853794,-0.93312305,0.5388192,0.9834179,0.00018833789,0.00022749125,0.008891401,0.00018939534,0.9905033,0.016831238,0.42849344,0.07454754,0.035270065,0.009086505,0.4357713,0.6320138,0.36730936,0.0006768624,4.5169744,11.108738,METHA,METHA
0.07784669,0.08697422,1.07,0.79633397,0.4325521,0.16384852,0.8853794,-0.93312305,0.5388192,0.9834179,0.00018833789,0.00022749125,0.008891401,0.00018939534,0.9905033,0.016831238,0.42849344,0.07454754,0.035270065,0.009086505,0.4357713,0.6320138,0.36730936,0.0006768624,4.5169744,9.732145,GBL,GBL
0.07784669,0.08697422,1.07,0.79633397,0.4325521,0.16384852,0.8853794,-0.93312305,0.5388192,0.9834179,0.00018833789,0.00022749125,0.008891401,0.00018939534,0.9905033,0.016831238,0.42849344,0.07454754,0.035270065,0.009086505,0.4357713,0.6320138,0.36730936,0.0006768624,4.5169744,6.9640446,NITRO,NITRO
0.07784669,0.08697422,1.08,0.79633397,0.4325521,0.16384852,0.8853794,-0.93312305,0.5388192,0.9834179,0.00018833776,0.00022750304,0.008890128,0.00018939523,0.99050456,0.016605094,0.44219252,0.07463787,0.0349646,0.008950348,0.42264953,0.6321468,0.367181,0.0006722089,4.532366,31.528372,THTO,THTO
0.07784669,0.08697422,1.08,0.79633397,0.4325521,0.16384852,0.8853794,-0.93312305,0.5388192,0.9834179,0.00018833776,0.00022750304,0.008890128,0.00018939523,0.99050456,0.016605094,0.44219252,0.07463787,0.0349646,0.008950348,0.42264953,0.6321468,0.367181,0.0006722089,4.532366,31.878958,DMSO,DMSO
0.07784669,0.08697422,1.08,0.79633397,0.4325521,0.16384852,0.8853794,-0.93312305,0.5388192,0.9834179,0.00018833776,0.00022750304,0.008890128,0.00018939523,0.99050456,0.016605094,0.44219252,0.07463787,0.0349646,0.008950348,0.42264953,0.6321468,0.367181,0.0006722089,4.532366,15.192332,ACETONE,DMF
0.07784669,0.08697422,1.08,0.79633397,0.4325521,0.16384852,0.8853794,-0.93312305,0.5388192,0.9834179,0.00018833776,0.00022750304,0.008890128,0.00018939523,0.99050456,0.016605094,0.44219252,0.07463787,0.0349646,0.008950348,0.42264953,0.6321468,0.367181,0.0006722089,4.532366,17.421375,NMP,NMP
0.07784669,0.08697422,1.08,0.79633397,0.4325521,0.16384852,0.8853794,-0.93312305,0.5388192,0.9834179,0.00018833776,0.00022750304,0.008890128,0.00018939523,0.99050456,0.016605094,0.44219252,0.07463787,0.0349646,0.008950348,0.42264953,0.6321468,0.367181,0.0006722089,4.532366,11.601274,GBL,ACETONE
0.07784669,0.08697422,1.08,0.79633397,0.4325521,0.16384852,0.8853794,-0.93312305,0.5388192,0.9834179,0.00018833776,0.00022750304,0.008890128,0.00018939523,0.99050456,0.016605094,0.44219252,0.07463787,0.0349646,0.008950348,0.42264953,0.6321468,0.367181,0.0006722089,4.532366,11.125957,METHA,METHA
0.07784669,0.08697422,1.08,0.79633397,0.4325521,0.16384852,0.8853794,-0.93312305,0.5388192,0.9834179,0.00018833776,0.00022750304,0.008890128,0.00018939523,0.99050456,0.016605094,0.44219252,0.07463787,0.0349646,0.008950348,0.42264953,0.6321468,0.367181,0.0006722089,4.532366,9.7471075,GBL,GBL
0.07784669,0.08697422,1.08,0.79633397,0.4325521,0.16384852,0.8853794,-0.93312305,0.5388192,0.9834179,0.00018833776,0.00022750304,0.008890128,0.00018939523,0.99050456,0.016605094,0.44219252,0.07463787,0.0349646,0.008950348,0.42264953,0.6321468,0.367181,0.0006722089,4.532366,6.972477,NITRO,NITRO
0.07784669,0.08697422,1.09,0.79633397,0.4325521,0.16384852,0.8853794,-0.93312305,0.5388192,0.9834179,0.00018833765,0.00022751484,0.008888859,0.00018939511,0.9905059,0.01636823,0.45594627,0.074665554,0.03463265,0.008808827,0.4095784,0.63227975,0.36705267,0.0006675877,4.5477567,31.546902,THTO,THTO
0.07784669,0.08697422,1.09,0.79633397,0.4325521,0.16384852,0.8853794,-0.93312305,0.5388192,0.9834179,0.00018833765,0.00022751484,0.008888859,0.00018939511,0.9905059,0.01636823,0.45594627,0.074665554,0.03463265,0.008808827,0.4095784,0.63227975,0.36705267,0.0006675877,4.5477567,31.897768,DMSO,DMSO
0.07784669,0.08697422,1.09,0.79633397,0.4325521,0.16384852,0.8853794,-0.93312305,0.5388192,0.9834179,0.00018833765,0.00022751484,0.008888859,0.00018939511,0.9905059,0.01636823,0.45594627,0.074665554,0.03463265,0.008808827,0.4095784,0.63227975,0.36705267,0.0006675877,4.5477567,15.212863,ACETONE,DMF
0.07784669,0.08697422,1.09,0.79633397,0.4325521,0.16384852,0.8853794,-0.93312305,0.5388192,0.9834179,0.00018833765,0.00022751484,0.008888859,0.00018939511,0.9905059,0.01636823,0.45594627,0.074665554,0.03463265,0.008808827,0.4095784,0.63227975,0.36705267,0.0006675877,4.5477567,17.438507,NMP,NMP
0.07784669,0.08697422,1.09,0.79633397,0.4325521,0.16384852,0.8853794,-0.93312305,0.5388192,0.9834179,0.00018833765,0.00022751484,0.008888859,0.00018939511,0.9905059,0.01636823,0.45594627,0.074665554,0.03463265,0.008808827,0.4095784,0.63227975,0.36705267,0.0006675877,4.5477567,11.620076,GBL,ACETONE
0.07784669,0.08697422,1.09,0.79633397,0.4325521,0.16384852,0.8853794,-0.93312305,0.5388192,0.9834179,0.00018833765,0.00022751484,0.008888859,0.00018939511,0.9905059,0.01636823,0.45594627,0.074665554,0.03463265,0.008808827,0.4095784,0.63227975,0.36705267,0.0006675877,4.5477567,11.14311,METHA,METHA
0.07784669,0.08697422,1.09,0.79633397,0.4325521,0.16384852,0.8853794,-0.93312305,0.5388192,0.9834179,0.00018833765,0.00022751484,0.008888859,0.00018939511,0.9905059,0.01636823,0.45594627,0.074665554,0.03463265,0.008808827,0.4095784,0.63227975,0.36705267,0.0006675877,4.5477567,9.762021,GBL,GBL
0.07784669,0.08697422,1.09,0.79633397,0.4325521,0.16384852,0.8853794,-0.93312305,0.5388192,0.9834179,0.00018833765,0.00022751484,0.008888859,0.00018939511,0.9905059,0.01636823,0.45594627,0.074665554,0.03463265,0.008808827,0.4095784,0.63227975,0.36705267,0.0006675877,4.5477567,6.9808717,NITRO,NITRO
